context_index,variant,rounds,max_weight1_class_probability,max_weight1_class_log2_probability,max_weight1_class_start_bit,max_single_trail_probability,max_single_trail_log2_probability,class_minus_single_gap_bits,finite_4_16_decay_bits_per_round
0,static,4,2.4959444999694824e-06,-18.611982714655,33,2.9802322387695312e-08,-25.000000000000,6.388017285345,4.996402959335
0,static,8,2.230327034169477e-12,-38.705881869767,33,4.4408920985006262e-16,-51.000000000000,12.294118130233,4.996402959335
0,static,12,2.2365039534533917e-18,-58.633460399385,33,3.3087224502121107e-24,-78.000000000000,19.366539600615,4.996402959335
0,static,16,2.2009274878448953e-24,-78.588162662576,33,4.9303806576313238e-32,-104.000000000000,25.411837337424,4.996402959335
0,position_only,4,2.4922192096710205e-06,-18.614137599359,97,1.4901161193847656e-08,-26.000000000000,7.385862400641,5.000099926782
0,position_only,8,2.2806756483362278e-12,-38.673675853686,97,2.2204460492503131e-16,-52.000000000000,13.326324146314,5.000099926782
0,position_only,12,2.1963607232298284e-18,-58.659590690571,97,1.6543612251060553e-24,-79.000000000000,20.340409309429,5.000099926782
0,position_only,16,2.1526432797515344e-24,-78.620165010821,97,1.2325951644078309e-32,-106.000000000000,27.379834989179,5.000099926782
0,rotor,4,2.1569430828094482e-06,-18.822580462011,66,2.9802322387695312e-08,-25.000000000000,6.177419537989,4.997478881656
0,rotor,8,1.9714369026146983e-12,-38.883889602051,66,1.1102230246251565e-16,-53.000000000000,14.116110397949,4.997478881656
0,rotor,12,1.978398528424529e-18,-58.810372636239,97,1.6543612251060553e-24,-79.000000000000,20.189627363761,4.997478881656
0,rotor,16,1.8826999218913073e-24,-78.813471206021,97,1.2325951644078309e-32,-106.000000000000,27.186528793979,4.997478881656
0,round_only,4,1.8104910850524902e-06,-19.075187496394,3,1.4901161193847656e-08,-26.000000000000,6.924812503606,5.002066008674
0,round_only,8,1.9522161665008753e-12,-38.898024329051,3,2.2204460492503131e-16,-52.000000000000,13.101975670949,5.002066008674
0,round_only,12,1.691533015774175e-18,-59.036374371675,3,1.6543612251060553e-24,-79.000000000000,19.963625628325,5.002066008674
0,round_only,16,1.5906943822797222e-24,-79.056617597833,3,1.2325951644078309e-32,-106.000000000000,26.943382402167,5.002066008674
1,static,4,3.2149255275726318e-06,-18.246783250821,103,1.4901161193847656e-08,-26.000000000000,7.753216749179,4.905506525835
1,static,8,3.9456493627909595e-12,-37.882874384573,103,1.1102230246251565e-16,-53.000000000000,15.117125615427,4.905506525835
1,static,12,4.7262428407901455e-18,-57.554011949121,103,8.2718061255302767e-25,-80.000000000000,22.445988050879,4.905506525835
1,static,16,6.1893298221528179e-24,-77.096491073770,103,1.2325951644078309e-32,-106.000000000000,28.903508926230,4.905506525835
1,position_only,4,3.7252902984619141e-06,-18.034215715338,103,1.4901161193847656e-08,-26.000000000000,7.965784284662,4.931987479165
1,position_only,8,3.9476477642352847e-12,-37.882143870096,103,1.1102230246251565e-16,-53.000000000000,15.117856129904,4.931987479165
1,position_only,12,4.5197161594594503e-18,-57.618473534491,103,8.2718061255302767e-25,-80.000000000000,22.381526465509,4.931987479165
1,position_only,16,5.7001586005912064e-24,-77.215272216071,103,6.1629758220391547e-33,-107.000000000000,29.784727783929,4.931987479165
1,rotor,4,2.1643936634063721e-06,-18.817605646595,8,1.4901161193847656e-08,-26.000000000000,7.182394353405,4.967645864101
1,rotor,8,2.0747431550560691e-12,-38.810204391038,77,1.1102230246251565e-16,-53.000000000000,14.189795608962,4.967645864101
1,rotor,12,2.2579005309607243e-18,-58.619723776623,8,8.2718061255302767e-25,-80.000000000000,21.380276223377,4.967645864101
1,rotor,16,2.4226123470431821e-24,-78.449710706078,8,1.2325951644078309e-32,-106.000000000000,27.550289293922,4.967645864101
1,round_only,4,2.0489096641540527e-06,-18.896712191588,8,1.4901161193847656e-08,-26.000000000000,7.103287808412,4.959027171954
1,round_only,8,2.1723040033450047e-12,-38.743911123246,103,1.1102230246251565e-16,-53.000000000000,14.256088876754,4.959027171954
1,round_only,12,2.3303683251616348e-18,-58.574147710652,108,1.6543612251060553e-24,-79.000000000000,20.425852289348,4.959027171954
1,round_only,16,2.4954130844237227e-24,-78.406995621846,108,1.2325951644078309e-32,-106.000000000000,27.593004378154,4.959027171954
2,static,4,2.5033950805664062e-06,-18.607682577221,3,1.4901161193847656e-08,-26.000000000000,7.392317422779,4.939546492377
2,static,8,3.1659536103845198e-12,-38.200497022326,8,1.1102230246251565e-16,-53.000000000000,14.799502977674,4.939546492377
2,static,12,3.4867123826867038e-18,-57.992838346205,8,8.2718061255302767e-25,-80.000000000000,22.007161653795,4.939546492377
2,static,16,3.6185680670619102e-24,-77.870855367624,8,6.1629758220391547e-33,-107.000000000000,29.129144632376,4.939546492377
2,position_only,4,2.2314488887786865e-06,-18.773587807211,107,2.9802322387695312e-08,-25.000000000000,6.226412192789,5.009644581713
2,position_only,8,2.0388274402094453e-12,-38.835397463190,88,1.1102230246251565e-16,-53.000000000000,14.164602536810,5.009644581713
2,position_only,12,1.8325594002998587e-18,-58.920845745559,88,1.6543612251060553e-24,-79.000000000000,20.079154254441,5.009644581713
2,position_only,16,1.805720758740611e-24,-78.873699469266,88,1.2325951644078309e-32,-106.000000000000,27.126300530734,5.009644581713
2,rotor,4,2.4251639842987061e-06,-18.653486266834,60,1.4901161193847656e-08,-26.000000000000,7.346513733166,4.993668956458
2,rotor,8,2.5113799928533354e-12,-38.534656801664,60,1.1102230246251565e-16,-53.000000000000,14.465343198336,4.993668956458
2,rotor,12,2.2881363604937985e-18,-58.600532676509,60,1.6543612251060553e-24,-79.000000000000,20.399467323491,4.993668956458
2,rotor,16,2.2644497878955652e-24,-78.547113727998,60,1.2325951644078309e-32,-106.000000000000,27.452886272002,4.993668956458
2,round_only,4,1.9744038581848145e-06,-18.950151450549,107,1.4901161193847656e-08,-26.000000000000,7.049848549451,4.992229798012
2,round_only,8,1.9904911052748275e-12,-38.870012714044,31,2.2204460492503131e-16,-52.000000000000,13.129987285956,4.992229798012
2,round_only,12,1.8644916738717026e-18,-58.895923353388,31,3.3087224502121107e-24,-78.000000000000,19.104076646612,4.992229798012
2,round_only,16,1.8510737806143353e-24,-78.837911877601,31,2.4651903288156619e-32,-105.000000000000,26.162088122399,4.992229798012
3,static,4,2.6375055313110352e-06,-18.532394449917,112,2.9802322387695312e-08,-25.000000000000,6.467605550083,4.960245482121
3,static,8,2.7332164309612494e-12,-38.412537433814,58,2.2204460492503131e-16,-52.000000000000,13.587462566186,4.960245482121
3,static,12,2.9544632760333996e-18,-58.231809641643,43,1.6543612251060553e-24,-79.000000000000,20.768190358357,4.960245482121
3,static,16,3.168274790174857e-24,-78.062576808915,43,2.4651903288156619e-32,-105.000000000000,26.937423191085,4.960245482121
3,position_only,4,2.5965273380279541e-06,-18.554985154132,120,1.4901161193847656e-08,-26.000000000000,7.445014845868,5.016770991306
3,position_only,8,2.4413387977872958e-12,-38.575464619043,120,2.2204460492503131e-16,-52.000000000000,13.424535380957,5.016770991306
3,position_only,12,2.1470187793055809e-18,-58.692370897916,120,3.3087224502121107e-24,-78.000000000000,19.307629102084,5.016770991306
3,position_only,16,1.9815710070751508e-24,-78.739629611924,120,2.4651903288156619e-32,-105.000000000000,26.260370388076,5.016770991306
3,rotor,4,2.0116567611694336e-06,-18.923184402949,43,1.4901161193847656e-08,-26.000000000000,7.076815597051,4.987407527951
3,rotor,8,2.1983803666358881e-12,-38.726696113788,43,1.1102230246251565e-16,-53.000000000000,14.273303886212,4.987407527951
3,rotor,12,2.0901483027349703e-18,-58.731100398188,43,8.2718061255302767e-25,-80.000000000000,21.268899601812,4.987407527951
3,rotor,16,1.9621802769718626e-24,-78.753816680824,43,6.1629758220391547e-33,-107.000000000000,28.246183319176,4.987407527951
3,round_only,4,1.9408762454986572e-06,-18.974860437721,43,1.4901161193847656e-08,-26.000000000000,7.025139562279,5.004066269302
3,round_only,8,1.892250245383309e-12,-38.943034244527,43,1.1102230246251565e-16,-53.000000000000,14.056965755473,5.004066269302
3,round_only,12,1.7752185681534351e-18,-58.966709045170,43,8.2718061255302767e-25,-80.000000000000,21.033290954830,5.004066269302
3,round_only,16,1.6302446845053057e-24,-79.021185761534,43,6.1629758220391547e-33,-107.000000000000,27.978814238466,5.004066269302
4,static,4,2.5294721126556396e-06,-18.592732235755,58,1.4901161193847656e-08,-26.000000000000,7.407267764245,4.956825047862
4,static,8,2.7217672560198025e-12,-38.418593434386,63,1.1102230246251565e-16,-53.000000000000,14.581406565614,4.956825047862
4,static,12,2.8853528011436887e-18,-58.265957975465,58,8.2718061255302767e-25,-80.000000000000,21.734042024535,4.956825047862
4,static,16,3.1565083855056833e-24,-78.067944693561,58,6.1629758220391547e-33,-107.000000000000,28.932055306439,4.956825047862
4,position_only,4,2.1643936634063721e-06,-18.817605646595,19,1.4901161193847656e-08,-26.000000000000,7.182394353405,4.974714508073
4,position_only,8,2.4955038036011956e-12,-38.543806035878,19,1.1102230246251565e-16,-53.000000000000,14.456193964122,4.974714508073
4,position_only,12,2.4691021269208395e-18,-58.490719197553,19,4.1359030627651384e-25,-81.000000000000,22.509280802447,4.974714508073
4,position_only,16,2.3426036955121858e-24,-78.498161367005,19,6.1629758220391547e-33,-107.000000000000,28.501838632995,4.974714508073
4,rotor,4,2.1867454051971436e-06,-18.802783306890,23,1.4901161193847656e-08,-26.000000000000,7.197216693110,4.976980778004
4,rotor,8,2.3226420786670587e-12,-38.647370288039,23,5.5511151231257827e-17,-54.000000000000,15.352629711961,4.976980778004
4,rotor,12,2.3489131975071908e-18,-58.562712307453,23,4.1359030627651384e-25,-81.000000000000,22.437287692547,4.976980778004
4,rotor,16,2.3008941307664767e-24,-78.524079673801,23,6.1629758220391547e-33,-107.000000000000,28.475920326199,4.976980778004
4,round_only,4,2.3357570171356201e-06,-18.707678367198,21,7.4505805969238281e-09,-27.000000000000,8.292321632802,4.987776273859
4,round_only,8,2.190761461129398e-12,-38.731704732175,95,5.5511151231257827e-17,-54.000000000000,15.268295267825,4.987776273859
4,round_only,12,2.1629849160915029e-18,-58.681682103494,95,4.1359030627651384e-25,-81.000000000000,22.318317896506,4.987776273859
4,round_only,16,2.2421840638528488e-24,-78.561369561550,95,3.0814879110195774e-33,-108.000000000000,29.438630438450,4.987776273859
5,static,4,2.0712614059448242e-06,-18.881058927276,81,1.4901161193847656e-08,-26.000000000000,7.118941072724,4.954914393471
5,static,8,2.5457969066167152e-12,-38.515019807195,81,1.1102230246251565e-16,-53.000000000000,14.484980192805,4.954914393471
5,static,12,2.6498848279385648e-18,-58.388776050852,81,8.2718061255302767e-25,-80.000000000000,21.611223949148,4.954914393471
5,static,16,2.6468483126902896e-24,-78.321998759003,81,6.1629758220391547e-33,-107.000000000000,28.678001240997,4.954914393471
5,position_only,4,2.253800630569458e-06,-18.759208667838,98,1.4901161193847656e-08,-26.000000000000,7.240791332162,4.953590013712
5,position_only,8,2.4160951017648813e-12,-38.590459895846,98,1.1102230246251565e-16,-53.000000000000,14.409540104154,4.953590013712
5,position_only,12,2.5992788486407596e-18,-58.416594294643,97,1.6543612251060553e-24,-79.000000000000,20.583405705357,4.953590013712
5,position_only,16,2.8836782963185749e-24,-78.198364051065,97,1.2325951644078309e-32,-106.000000000000,27.801635948935,4.953590013712
5,rotor,4,2.0302832126617432e-06,-18.909887580336,105,1.4901161193847656e-08,-26.000000000000,7.090112419664,4.979359408307
5,rotor,8,2.2624541129445674e-12,-38.685248606872,64,1.1102230246251565e-16,-53.000000000000,14.314751393128,4.979359408307
5,rotor,12,2.1471241931348931e-18,-58.692300066549,64,8.2718061255302767e-25,-80.000000000000,21.307699933451,4.979359408307
5,rotor,16,2.1345694057884649e-24,-78.632329204541,64,6.1629758220391547e-33,-107.000000000000,28.367670795459,4.979359408307
5,round_only,4,2.1718442440032959e-06,-18.812647926800,56,1.4901161193847656e-08,-26.000000000000,7.187352073200,4.961335370890
5,round_only,8,2.5437429940211587e-12,-38.516184222736,56,1.1102230246251565e-16,-53.000000000000,14.483815777264,4.961335370890
5,round_only,12,2.5427266298108288e-18,-58.448329342687,56,1.6543612251060553e-24,-79.000000000000,20.551670657313,4.961335370890
5,round_only,16,2.6509995867000893e-24,-78.319737832013,56,1.2325951644078309e-32,-106.000000000000,27.680262167987,4.961335370890
6,static,4,2.8759241104125977e-06,-18.407542962732,25,2.9802322387695312e-08,-25.000000000000,6.592457037268,4.986596419845
6,static,8,2.7150781622964359e-12,-38.422143407383,19,2.2204460492503131e-16,-52.000000000000,13.577856592617,4.986596419845
6,static,12,2.7626792796638722e-18,-58.328637619038,33,1.6543612251060553e-24,-79.000000000000,20.671362380962,4.986596419845
6,static,16,2.7630795923036627e-24,-78.259997156779,33,2.4651903288156619e-32,-105.000000000000,26.740002843221,4.986596419845
6,position_only,4,2.559274435043335e-06,-18.575833711182,76,1.4901161193847656e-08,-26.000000000000,7.424166288818,4.954418644641
6,position_only,8,2.730857207033921e-12,-38.413783259217,76,2.2204460492503131e-16,-52.000000000000,13.586216740783,4.954418644641
6,position_only,12,3.0548451071855246e-18,-58.183606476459,76,1.6543612251060553e-24,-79.000000000000,20.816393523541,4.954418644641
6,position_only,16,3.2075380433274372e-24,-78.044807900651,76,1.2325951644078309e-32,-106.000000000000,27.955192099349,4.954418644641
6,rotor,4,2.0898878574371338e-06,-18.868143039391,19,1.4901161193847656e-08,-26.000000000000,7.131856960609,5.016496241114
6,rotor,8,2.0815016377184747e-12,-38.805512445062,19,1.1102230246251565e-16,-53.000000000000,14.194487554938,5.016496241114
6,rotor,12,1.7834024346400934e-18,-58.960073416144,19,1.6543612251060553e-24,-79.000000000000,20.039926583856,5.016496241114
6,rotor,16,1.6129499587901547e-24,-79.036572597219,19,1.2325951644078309e-32,-106.000000000000,26.963427402781,5.016496241114
6,round_only,4,2.3804605007171631e-06,-18.680327879053,76,1.4901161193847656e-08,-26.000000000000,7.319672120947,4.996695381584
6,round_only,8,2.4164836798235001e-12,-38.590227887362,76,1.1102230246251565e-16,-53.000000000000,14.409772112638,4.996695381584
6,round_only,12,2.3301597722496949e-18,-58.574276828316,76,8.2718061255302767e-25,-80.000000000000,21.425723171684,4.996695381584
6,round_only,16,2.1209211073704894e-24,-78.641583319852,76,6.1629758220391547e-33,-107.000000000000,28.358416680148,4.996695381584
7,static,4,2.8386712074279785e-06,-18.426352812507,113,1.4901161193847656e-08,-26.000000000000,7.573647187493,4.950020312858
7,static,8,2.6695312627111889e-12,-38.446550694237,113,1.1102230246251565e-16,-53.000000000000,14.553449305763,4.950020312858
7,static,12,3.0631860345909913e-18,-58.179672720065,113,1.6543612251060553e-24,-79.000000000000,20.820327279935,4.950020312858
7,static,16,3.6740161511842116e-24,-77.848916308664,113,1.2325951644078309e-32,-106.000000000000,28.151083691336,4.950020312858
7,position_only,4,3.3006072044372559e-06,-18.208837111445,0,1.4901161193847656e-08,-26.000000000000,7.791162888555,4.854572412932
7,position_only,8,5.4304755137124516e-12,-37.422058607057,0,1.1102230246251565e-16,-53.000000000000,15.577941392943,4.854572412932
7,position_only,12,7.1545355986003751e-18,-56.955847583416,0,8.2718061255302767e-25,-80.000000000000,23.044152416584,4.854572412932
7,position_only,16,9.8564490518058316e-24,-76.425206291753,0,6.1629758220391547e-33,-107.000000000000,30.574793708247,4.854572412932
7,rotor,4,2.2947788238525391e-06,-18.733213459305,42,7.4505805969238281e-09,-27.000000000000,8.266786540695,4.934381482537
7,rotor,8,2.5275198600738236e-12,-38.525414710450,42,1.1102230246251565e-16,-53.000000000000,14.474585289550,4.934381482537
7,rotor,12,2.9471545666348225e-18,-58.235382981861,81,8.2718061255302767e-25,-80.000000000000,21.764617018139,4.934381482537
7,rotor,16,3.4136073957068632e-24,-77.954977135989,81,3.0814879110195774e-33,-108.000000000000,30.045022864011,4.934381482537
7,round_only,4,2.3543834686279297e-06,-18.696219251823,59,1.4901161193847656e-08,-26.000000000000,7.303780748177,4.934740376920
7,round_only,8,2.7752800058067351e-12,-38.390503802281,59,1.1102230246251565e-16,-53.000000000000,14.609496197719,4.934740376920
7,round_only,12,3.088907629328634e-18,-58.167608978704,59,1.6543612251060553e-24,-79.000000000000,20.832391021296,4.934740376920
7,round_only,16,3.5452443314642056e-24,-77.900389218620,59,1.2325951644078309e-32,-106.000000000000,28.099610781380,4.934740376920
8,static,4,2.6039779186248779e-06,-18.550851354625,3,1.4901161193847656e-08,-26.000000000000,7.449148645375,4.968419113242
8,static,8,2.9270613710608018e-12,-38.313684143911,13,1.1102230246251565e-16,-53.000000000000,14.686315856089,4.968419113242
8,static,12,2.8343662153665326e-18,-58.291679533711,3,1.6543612251060553e-24,-79.000000000000,20.708320466289,4.968419113242
8,static,16,3.0087548092171957e-24,-78.137107734580,3,1.2325951644078309e-32,-106.000000000000,27.862892265420,4.968419113242
8,position_only,4,2.212822437286377e-06,-18.785680879199,63,2.9802322387695312e-08,-25.000000000000,6.214319120801,4.949479170464
8,position_only,8,2.5904278722066465e-12,-38.489946724857,59,2.2204460492503131e-16,-52.000000000000,13.510053275143,4.949479170464
8,position_only,12,2.6606211153016202e-18,-58.382942629403,63,1.6543612251060553e-24,-79.000000000000,20.617057370597,4.949479170464
8,position_only,16,2.9866670707606618e-24,-78.147737850539,63,2.4651903288156619e-32,-105.000000000000,26.852262149461,4.949479170464
8,rotor,4,2.2202730178833008e-06,-18.780831479538,120,1.4901161193847656e-08,-26.000000000000,7.219168520462,4.971167946834
8,rotor,8,2.2389590181859376e-12,-38.700309017247,120,1.1102230246251565e-16,-53.000000000000,14.299690982753,4.971167946834
8,rotor,12,2.3797502839480146e-18,-58.543895513856,120,8.2718061255302767e-25,-80.000000000000,21.456104486144,4.971167946834
8,rotor,16,2.4245757682954247e-24,-78.448541938458,120,1.2325951644078309e-32,-106.000000000000,27.551458061542,4.971167946834
8,round_only,4,2.514570951461792e-06,-18.601256308062,35,2.9802322387695312e-08,-25.000000000000,6.398743691938,4.968463335013
8,round_only,8,2.5264929037760453e-12,-38.526001010821,123,2.2204460492503131e-16,-52.000000000000,13.473998989179,4.968463335013
8,round_only,12,2.741914461349377e-18,-58.339522143461,123,1.6543612251060553e-24,-79.000000000000,20.660477856539,4.968463335013
8,round_only,16,2.7959667677969732e-24,-78.242927064015,123,2.4651903288156619e-32,-105.000000000000,26.757072935985,4.968463335013
9,static,4,2.8535723686218262e-06,-18.418799418075,96,1.4901161193847656e-08,-26.000000000000,7.581200581925,4.945187526361
9,static,8,3.4250935421198392e-12,-38.086993748850,96,2.2204460492503131e-16,-52.000000000000,13.913006251150,4.945187526361
9,static,12,3.6380543298363832e-18,-57.931538619958,96,3.3087224502121107e-24,-78.000000000000,20.068461380042,4.945187526361
9,static,16,3.9627156947274508e-24,-77.739784812519,96,1.2325951644078309e-32,-106.000000000000,28.260215187481,4.945187526361
9,position_only,4,2.0563602447509766e-06,-18.891475543222,44,1.4901161193847656e-08,-26.000000000000,7.108524456778,4.980607402554
9,position_only,8,1.8930135237127388e-12,-38.942452420938,7,1.1102230246251565e-16,-53.000000000000,14.057547579062,4.980607402554
9,position_only,12,1.974348393651528e-18,-58.813329117649,44,1.6543612251060553e-24,-79.000000000000,20.186670882351,4.980607402554
9,position_only,16,2.0709971941077282e-24,-78.675948678374,44,6.1629758220391547e-33,-107.000000000000,28.324051321626,4.980607402554
9,rotor,4,2.078711986541748e-06,-18.875878688171,96,1.4901161193847656e-08,-26.000000000000,7.124121311829,4.955609996084
9,rotor,8,2.368619189674348e-12,-38.619090868027,65,1.1102230246251565e-16,-53.000000000000,14.380909131973,4.955609996084
9,rotor,12,2.5086413085020859e-18,-58.467799502446,65,8.2718061255302767e-25,-80.000000000000,21.532200497554,4.955609996084
9,rotor,16,2.6241166486087206e-24,-78.334442424479,65,6.1629758220391547e-33,-107.000000000000,28.665557575521,4.955609996084
9,round_only,4,2.3543834686279297e-06,-18.696219251823,66,1.4901161193847656e-08,-26.000000000000,7.303780748177,4.966587947110
9,round_only,8,2.6398189190146581e-12,-38.462698168761,66,1.1102230246251565e-16,-53.000000000000,14.537301831239,4.966587947110
9,round_only,12,2.6446962858475376e-18,-58.391603653709,66,8.2718061255302767e-25,-80.000000000000,21.608396346291,4.966587947110
9,round_only,16,2.7355878604383394e-24,-78.274423384971,66,1.2325951644078309e-32,-106.000000000000,27.725576615029,4.966587947110
10,static,4,2.3320317268371582e-06,-18.709981153067,83,2.9802322387695312e-08,-25.000000000000,6.290018846933,4.973695943286
10,static,8,2.6467716907063732e-12,-38.458903384650,83,2.2204460492503131e-16,-52.000000000000,13.541096615350,4.973695943286
10,static,12,2.5606986278834036e-18,-58.438168237795,83,1.6543612251060553e-24,-79.000000000000,20.561831762205,4.973695943286
10,static,16,2.5670335738009299e-24,-78.366172112494,83,2.4651903288156619e-32,-105.000000000000,26.633827887506,4.973695943286
10,position_only,4,2.3134052753448486e-06,-18.721550541780,33,1.4901161193847656e-08,-26.000000000000,7.278449458220,4.946093785719
10,position_only,8,2.7561286586319511e-12,-38.400493902697,115,1.1102230246251565e-16,-53.000000000000,14.599506097303,4.946093785719
10,position_only,12,2.9225975905008662e-18,-58.247454508372,33,8.2718061255302767e-25,-80.000000000000,21.752545491628,4.946093785719
10,position_only,16,3.1875768570116674e-24,-78.053814149476,33,1.2325951644078309e-32,-106.000000000000,27.946185850524,4.946093785719
10,rotor,4,2.339482307434082e-06,-18.705379251108,93,1.4901161193847656e-08,-26.000000000000,7.294620748892,4.959853104395
10,rotor,8,2.7143703951182374e-12,-38.422519538474,93,1.1102230246251565e-16,-53.000000000000,14.577480461526,4.959853104395
10,rotor,12,2.8319454713038962e-18,-58.292912221166,93,8.2718061255302767e-25,-80.000000000000,21.707087778834,4.959853104395
10,rotor,16,2.8539984048950544e-24,-78.213289748808,93,6.1629758220391547e-33,-107.000000000000,28.786710251192,4.959853104395
10,round_only,4,2.3730099201202393e-06,-18.684850437744,111,1.4901161193847656e-08,-26.000000000000,7.315149562256,4.966163654453
10,round_only,8,2.7641916533482913e-12,-38.396279491175,111,1.1102230246251565e-16,-53.000000000000,14.603720508825,4.966163654453
10,round_only,12,2.741515139908667e-18,-58.339732267090,111,8.2718061255302767e-25,-80.000000000000,21.660267732910,4.966163654453
10,round_only,16,2.7773828091696099e-24,-78.252548238480,111,1.2325951644078309e-32,-106.000000000000,27.747451761520,4.966163654453
11,static,4,3.0174851417541504e-06,-18.338221902228,77,1.4901161193847656e-08,-26.000000000000,7.661778097772,5.006056695561
11,static,8,3.3209268668343839e-12,-38.131551186364,77,1.1102230246251565e-16,-53.000000000000,14.868448813636,5.006056695561
11,static,12,2.6578059094843725e-18,-58.384469954618,77,8.2718061255302767e-25,-80.000000000000,21.615530045382,5.006056695561
11,static,16,2.6236998583020487e-24,-78.334671586954,77,6.1629758220391547e-33,-107.000000000000,28.665328413046,5.006056695561
11,position_only,4,2.1420419216156006e-06,-18.832581854168,80,1.4901161193847656e-08,-26.000000000000,7.167418145832,5.028435276838
11,position_only,8,2.0129176103722557e-12,-38.853849015341,96,1.1102230246251565e-16,-53.000000000000,14.146150984659,5.028435276838
11,position_only,12,1.7216585717918383e-18,-59.010906642835,96,8.2718061255302767e-25,-80.000000000000,20.989093357165,5.028435276838
11,position_only,16,1.4813452698408361e-24,-79.159366336176,96,6.1629758220391547e-33,-107.000000000000,27.840633663824,5.028435276838
11,rotor,4,2.3283064365386963e-06,-18.712287620451,77,1.4901161193847656e-08,-26.000000000000,7.287712379549,4.994372903593
11,rotor,8,2.2732093984956236e-12,-38.678406553368,77,1.1102230246251565e-16,-53.000000000000,14.321593446632,4.994372903593
11,rotor,12,2.1962122443098751e-18,-58.659688223294,77,8.2718061255302767e-25,-80.000000000000,21.340311776706,4.994372903593
11,rotor,16,2.118106550846053e-24,-78.643499111710,77,6.1629758220391547e-33,-107.000000000000,28.356500888290,4.994372903593
11,round_only,4,1.9147992134094238e-06,-18.994375450806,77,1.4901161193847656e-08,-26.000000000000,7.005624549194,4.987395179227
11,round_only,8,1.9979434773276239e-12,-38.864621369398,20,2.2204460492503131e-16,-52.000000000000,13.135378630602,4.987395179227
11,round_only,12,1.9278191740026905e-18,-58.847735972278,40,3.3087224502121107e-24,-78.000000000000,19.152264027722,4.987395179227
11,round_only,16,1.8587524421173778e-24,-78.831939639536,40,2.4651903288156619e-32,-105.000000000000,26.168060360464,4.987395179227
12,static,4,2.3692846298217773e-06,-18.687117044716,81,1.4901161193847656e-08,-26.000000000000,7.312882955284,4.952838951217
12,static,8,2.5280333382227127e-12,-38.525121649591,81,1.1102230246251565e-16,-53.000000000000,14.474878350409,4.952838951217
12,static,12,2.8040140635598181e-18,-58.307212122755,81,1.6543612251060553e-24,-79.000000000000,20.692787877245,4.952838951217
12,static,16,3.0216461162482979e-24,-78.130939569881,81,1.2325951644078309e-32,-106.000000000000,27.869060430119,4.952838951217
12,position_only,4,2.4735927581787109e-06,-18.624960568653,63,1.4901161193847656e-08,-26.000000000000,7.375039431347,4.981007573695
12,position_only,8,2.7213509223855681e-12,-38.418814132321,63,1.1102230246251565e-16,-53.000000000000,14.581185867679,4.981007573695
12,position_only,12,2.6418457180591033e-18,-58.393159491308,63,8.2718061255302767e-25,-80.000000000000,21.606840508692,4.981007573695
12,position_only,16,2.5420537092951474e-24,-78.380279764926,63,1.2325951644078309e-32,-106.000000000000,27.619720235074,4.981007573695
12,rotor,4,2.5667250156402588e-06,-18.571639827296,63,1.4901161193847656e-08,-26.000000000000,7.428360172704,4.953781833792
12,rotor,8,3.045966256998156e-12,-38.256237178810,63,5.5511151231257827e-17,-54.000000000000,15.743762821190,4.953781833792
12,rotor,12,3.118709033943753e-18,-58.153756748036,63,8.2718061255302767e-25,-80.000000000000,21.846243251964,4.953781833792
12,rotor,16,3.3327579053103418e-24,-77.989557754776,63,6.1629758220391547e-33,-107.000000000000,29.010442245224,4.953781833792
12,round_only,4,2.2724270820617676e-06,-18.747334567550,46,1.4901161193847656e-08,-26.000000000000,7.252665432450,4.955307171244
12,round_only,8,2.4794333253197465e-12,-38.553126708427,46,1.1102230246251565e-16,-53.000000000000,14.446873291573,4.955307171244
12,round_only,12,2.6034840797786144e-18,-58.414262123251,46,8.2718061255302767e-25,-80.000000000000,21.585737876749,4.955307171244
12,round_only,16,2.8849691628045661e-24,-78.197718379191,54,6.1629758220391547e-33,-107.000000000000,28.802281620809,4.955307171244
13,static,4,2.7455389499664307e-06,-18.474479190905,99,2.9802322387695312e-08,-25.000000000000,6.525520809095,4.987570255992
13,static,8,3.0155183905478111e-12,-38.270731104952,99,2.2204460492503131e-16,-52.000000000000,13.729268895048,4.987570255992
13,static,12,2.8690081258299471e-18,-58.274153653746,99,8.2718061255302767e-25,-80.000000000000,21.725846346254,4.987570255992
13,static,16,2.6733817347486879e-24,-78.307608421194,99,2.4651903288156619e-32,-105.000000000000,26.692391578806,4.987570255992
13,position_only,4,2.0004808902740479e-06,-18.931221722015,91,7.4505805969238281e-09,-27.000000000000,8.068778277985,4.989675912184
13,position_only,8,2.206762550471808e-12,-38.721205735894,91,5.5511151231257827e-17,-54.000000000000,15.278794264106,4.989675912184
13,position_only,12,2.0205482920189928e-18,-58.779958874974,91,4.1359030627651384e-25,-81.000000000000,22.220041125026,4.989675912184
13,position_only,16,1.9349434981718333e-24,-78.773982838109,91,1.5407439555097887e-33,-109.000000000000,30.226017161891,4.989675912184
13,rotor,4,2.3320317268371582e-06,-18.709981153067,70,7.4505805969238281e-09,-27.000000000000,8.290018846933,5.013332730970
13,rotor,8,2.1974366770649567e-12,-38.727315546431,70,1.1102230246251565e-16,-53.000000000000,14.272684453569,5.013332730970
13,rotor,12,1.9410288347948561e-18,-58.837884157924,70,4.1359030627651384e-25,-81.000000000000,22.162115842076,5.013332730970
13,rotor,16,1.8344906885173443e-24,-78.850894695503,70,3.0814879110195774e-33,-108.000000000000,29.149105304497,5.013332730970
13,round_only,4,2.1904706954956055e-06,-18.800327655164,64,1.4901161193847656e-08,-26.000000000000,7.199672344836,5.016882524711
13,round_only,8,2.1708884689886077e-12,-38.744851530323,64,1.1102230246251565e-16,-53.000000000000,14.255148469677,5.016882524711
13,round_only,12,1.8799578833749129e-18,-58.884005366350,64,8.2718061255302767e-25,-80.000000000000,21.115994633650,5.016882524711
13,round_only,16,1.678567909050445e-24,-78.979043372630,64,1.2325951644078309e-32,-106.000000000000,27.020956627370,5.016882524711
14,static,4,2.6635825634002686e-06,-18.518200568334,103,1.4901161193847656e-08,-26.000000000000,7.481799431666,4.917671634192
14,static,8,3.0743046997017132e-12,-38.242876978511,103,2.2204460492503131e-16,-52.000000000000,13.757123021489,4.917671634192
14,static,12,3.7383097057523641e-18,-57.892319611751,26,8.2718061255302767e-25,-80.000000000000,22.107680388249,4.917671634192
14,static,16,4.5596806902679132e-24,-77.537341479814,26,1.2325951644078309e-32,-106.000000000000,28.462658520186,4.917671634192
14,position_only,4,2.7343630790710449e-06,-18.480363747157,67,1.4901161193847656e-08,-26.000000000000,7.519636252843,4.880158911374
14,position_only,8,3.7193720325845447e-12,-37.968078076980,24,1.1102230246251565e-16,-53.000000000000,15.031921923020,4.880158911374
14,position_only,12,4.7551333644544788e-18,-57.545219903892,24,8.2718061255302767e-25,-80.000000000000,22.454780096108,4.880158911374
14,position_only,16,6.5108187975483882e-24,-77.023435289838,24,6.1629758220391547e-33,-107.000000000000,29.976564710162,4.880158911374
14,rotor,4,2.4884939193725586e-06,-18.616295707526,103,7.4505805969238281e-09,-27.000000000000,8.383704292474,4.883733112540
14,rotor,8,3.4914432456290001e-12,-38.059313617141,103,1.1102230246251565e-16,-53.000000000000,14.940686382859,4.883733112540
14,rotor,12,4.3938459985024226e-18,-57.659221402865,103,8.2718061255302767e-25,-80.000000000000,22.340778597135,4.883733112540
14,rotor,16,5.7630784736071318e-24,-77.199434612819,103,6.1629758220391547e-33,-107.000000000000,29.800565387181,4.883733112540
14,round_only,4,2.8200447559356689e-06,-18.435850510014,70,1.4901161193847656e-08,-26.000000000000,7.564149489986,4.889173316287
14,round_only,8,3.7846115130690805e-12,-37.942991922171,70,1.1102230246251565e-16,-53.000000000000,15.057008077829,4.889173316287
14,round_only,12,4.8763366240942706e-18,-57.508907986209,70,8.2718061255302767e-25,-80.000000000000,22.491092013791,4.889173316287
14,round_only,16,6.1620835265625615e-24,-77.102856039168,70,6.1629758220391547e-33,-107.000000000000,29.897143960832,4.889173316287
15,static,4,2.1420419216156006e-06,-18.832581854168,122,1.4901161193847656e-08,-26.000000000000,7.167418145832,4.998554916196
15,static,8,2.1009027850737994e-12,-38.792127732819,11,1.1102230246251565e-16,-53.000000000000,14.207872267181,4.998554916196
15,static,12,2.0238916009585673e-18,-58.777573686195,11,8.2718061255302767e-25,-80.000000000000,21.222426313805,4.998554916196
15,static,16,1.8765839849822298e-24,-78.818165418990,11,6.1629758220391547e-33,-107.000000000000,28.181834581010,4.998554916196
15,position_only,4,2.4847686290740967e-06,-18.618457048815,64,1.4901161193847656e-08,-26.000000000000,7.381542951185,5.060160019837
15,position_only,8,2.2063600946253814e-12,-38.721468869780,64,2.2204460492503131e-16,-52.000000000000,13.278531130220,5.060160019837
15,position_only,12,1.6441778562837033e-18,-59.077339339306,64,1.6543612251060553e-24,-79.000000000000,19.922660660694,5.060160019837
15,position_only,16,1.341927863686545e-24,-79.301967156801,64,1.2325951644078309e-32,-106.000000000000,26.698032843199,5.060160019837
15,rotor,4,2.123415470123291e-06,-18.845181890948,5,1.4901161193847656e-08,-26.000000000000,7.154818109052,4.980066012827
15,rotor,8,2.1158214069671999e-12,-38.781919281592,5,2.2204460492503131e-16,-52.000000000000,13.218080718408,4.980066012827
15,rotor,12,2.2347968594642354e-18,-58.634562009970,5,1.6543612251060553e-24,-79.000000000000,20.365437990030,4.980066012827
15,rotor,16,2.140221020632436e-24,-78.628514485855,5,1.2325951644078309e-32,-106.000000000000,27.371485514145,4.980066012827
15,round_only,4,2.3022294044494629e-06,-18.728536972096,32,1.4901161193847656e-08,-26.000000000000,7.271463027904,5.005542715899
15,round_only,8,2.2042923042420171e-12,-38.722821590820,118,1.1102230246251565e-16,-53.000000000000,14.277178409180,5.005542715899
15,round_only,12,2.0412967735163901e-18,-58.765219764428,118,8.2718061255302767e-25,-80.000000000000,21.234780235572,5.005542715899
15,round_only,16,1.9158268142255288e-24,-78.788307126218,118,1.2325951644078309e-32,-106.000000000000,27.211692873782,5.005542715899
16,static,4,3.0696392059326172e-06,-18.313499472817,34,1.4901161193847656e-08,-26.000000000000,7.686500527183,4.949752328978
16,static,8,3.4870578646817307e-12,-38.061126834070,34,1.1102230246251565e-16,-53.000000000000,14.938873165930,4.949752328978
16,static,12,3.6433522148646322e-18,-57.929439236066,34,8.2718061255302767e-25,-80.000000000000,22.070560763934,4.949752328978
16,static,16,4.1091724726657185e-24,-77.687426391854,34,6.1629758220391547e-33,-107.000000000000,29.312573608146,4.949752328978
16,position_only,4,2.86102294921875e-06,-18.415037499279,71,7.4505805969238281e-09,-27.000000000000,8.584962500721,4.997336413428
16,position_only,8,3.212610732994392e-12,-38.179390956345,71,5.5511151231257827e-17,-54.000000000000,15.820609043655,4.997336413428
16,position_only,12,2.7267527060103745e-18,-58.347521842332,71,4.1359030627651384e-25,-81.000000000000,22.652478157668,4.997336413428
16,position_only,16,2.6441332712771956e-24,-78.323479382991,71,3.0814879110195774e-33,-108.000000000000,29.676520617009,4.997336413428
16,rotor,4,1.9483268260955811e-06,-18.969332863753,74,1.4901161193847656e-08,-26.000000000000,7.030667136247,4.982864876390
16,rotor,8,2.1174451081407142e-12,-38.780812568496,74,1.1102230246251565e-16,-53.000000000000,14.219187431504,4.982864876390
16,rotor,12,2.1003306892803449e-18,-58.724089215212,74,8.2718061255302767e-25,-80.000000000000,21.275910784788,4.982864876390
16,rotor,16,1.9540968109945641e-24,-78.759772333388,74,6.1629758220391547e-33,-107.000000000000,28.240227666612,4.982864876390
16,round_only,4,1.9669532775878906e-06,-18.955605880642,74,1.4901161193847656e-08,-26.000000000000,7.044394119358,4.987801217025
16,round_only,8,1.9297757836156393e-12,-38.914703904967,74,1.1102230246251565e-16,-53.000000000000,14.085296095033,4.987801217025
16,round_only,12,1.8601361543563047e-18,-58.899297483400,34,8.2718061255302767e-25,-80.000000000000,21.100702516600,4.987801217025
16,round_only,16,1.9028783877715429e-24,-78.798090914826,74,6.1629758220391547e-33,-107.000000000000,28.201909085174,4.987801217025
17,static,4,2.6114284992218018e-06,-18.546729365989,110,1.4901161193847656e-08,-26.000000000000,7.453270634011,4.972376811398
17,static,8,2.3305801732931286e-12,-38.642447995382,120,2.2204460492503131e-16,-52.000000000000,13.357552004618,4.972376811398
17,static,12,2.5116988265400233e-18,-58.466042224438,120,1.6543612251060553e-24,-79.000000000000,20.533957775562,4.972376811398
17,static,16,2.8070449552672157e-24,-78.237222108273,120,2.4651903288156619e-32,-105.000000000000,26.762777891727,4.972376811398
17,position_only,4,3.2372772693634033e-06,-18.236787633186,123,2.9802322387695312e-08,-25.000000000000,6.763212366814,4.890934337660
17,position_only,8,4.2643666375852263e-12,-37.770805656582,123,2.2204460492503131e-16,-52.000000000000,14.229194343418,4.890934337660
17,position_only,12,5.4124388414384234e-18,-57.358426889963,123,3.3087224502121107e-24,-78.000000000000,20.641573110037,4.890934337660
17,position_only,16,6.9945725104878257e-24,-76.920038390864,123,2.4651903288156619e-32,-105.000000000000,28.079961609136,4.890934337660
17,rotor,4,2.2239983081817627e-06,-18.778412878735,66,1.4901161193847656e-08,-26.000000000000,7.221587121265,4.944108263911
17,rotor,8,2.6664087604544306e-12,-38.448239176122,123,1.1102230246251565e-16,-53.000000000000,14.551760823878,4.944108263911
17,rotor,12,2.8844937740775524e-18,-58.266387558499,123,8.2718061255302767e-25,-80.000000000000,21.733612441501,4.944108263911
17,rotor,16,3.100427900715727e-24,-78.093806936752,123,6.1629758220391547e-33,-107.000000000000,28.906193063248,4.944108263911
17,round_only,4,2.3804605007171631e-06,-18.680327879053,58,1.4901161193847656e-08,-26.000000000000,7.319672120947,4.921776387873
17,round_only,8,2.8666513607333854e-12,-38.343770682527,58,1.1102230246251565e-16,-53.000000000000,14.656229317473,4.921776387873
17,round_only,12,3.4265146238008869e-18,-58.017963863775,58,8.2718061255302767e-25,-80.000000000000,21.982036136225,4.921776387873
17,round_only,16,3.94582130051426e-24,-77.745948656942,58,1.2325951644078309e-32,-106.000000000000,28.254051343058,4.921776387873
18,static,4,2.3618340492248535e-06,-18.691660969861,61,1.4901161193847656e-08,-26.000000000000,7.308339030139,4.997896329054
18,static,8,2.3331336862497665e-12,-38.640868163961,61,1.1102230246251565e-16,-53.000000000000,14.359131836039,4.997896329054
18,static,12,2.1539106413742196e-18,-58.687747309493,61,1.6543612251060553e-24,-79.000000000000,20.312252690507,4.997896329054
18,static,16,2.1115298398200128e-24,-78.647985642066,61,1.2325951644078309e-32,-106.000000000000,27.352014357934,4.997896329054
18,position_only,4,2.6747584342956543e-06,-18.512159966177,64,1.4901161193847656e-08,-26.000000000000,7.487840033823,4.927850079482
18,position_only,8,3.2069485955688037e-12,-38.181935909756,100,1.1102230246251565e-16,-53.000000000000,14.818064090244,4.927850079482
18,position_only,12,3.5685013133189564e-18,-57.959387404532,100,8.2718061255302767e-25,-80.000000000000,22.040612595468,4.927850079482
18,position_only,16,4.2928340896690837e-24,-77.624343861007,100,6.1629758220391547e-33,-107.000000000000,29.375656138993,4.927850079482
18,rotor,4,2.3506581783294678e-06,-18.698503805017,31,1.4901161193847656e-08,-26.000000000000,7.301496194983,4.971698791010
18,rotor,8,2.3135937610163637e-12,-38.653001571704,31,1.1102230246251565e-16,-53.000000000000,14.346998428296,4.971698791010
18,rotor,12,2.3856933181552666e-18,-58.540297112053,31,8.2718061255302767e-25,-80.000000000000,21.459702887947,4.971698791010
18,rotor,16,2.5803231814408659e-24,-78.358722505035,31,1.2325951644078309e-32,-106.000000000000,27.641277494965,4.971698791010
18,round_only,4,2.2910535335540771e-06,-18.735557399773,3,1.4901161193847656e-08,-26.000000000000,7.264442600227,4.947557398882
18,round_only,8,2.6259411312068437e-12,-38.470302564637,3,1.1102230246251565e-16,-53.000000000000,14.529697435363,4.947557398882
18,round_only,12,2.9102659302301373e-18,-58.253554720236,3,1.6543612251060553e-24,-79.000000000000,20.746445279764,4.947557398882
18,round_only,16,3.0688588203133684e-24,-78.108571999664,3,1.2325951644078309e-32,-106.000000000000,27.891428000336,4.947557398882
19,static,4,2.8945505619049072e-06,-18.398229211592,56,1.4901161193847656e-08,-26.000000000000,7.601770788408,4.932417991753
19,static,8,3.1464414407267327e-12,-38.209416045876,56,2.2204460492503131e-16,-52.000000000000,13.790583954124,4.932417991753
19,static,12,3.728944780447345e-18,-57.895938274649,56,1.6543612251060553e-24,-79.000000000000,21.104061725351,4.932417991753
19,static,16,4.3609604864521477e-24,-77.601628358709,56,1.2325951644078309e-32,-106.000000000000,28.398371641291,4.932417991753
19,position_only,4,2.5071203708648682e-06,-18.605537305390,42,7.4505805969238281e-09,-27.000000000000,8.394462694610,4.990896870340
19,position_only,8,2.3912677393767012e-12,-38.605361467551,123,1.1102230246251565e-16,-53.000000000000,14.394638532449,4.990896870340
19,position_only,12,2.2964385655068401e-18,-58.595307518981,123,1.6543612251060553e-24,-79.000000000000,20.404692481019,4.990896870340
19,position_only,16,2.3599572370093154e-24,-78.487513559453,123,1.2325951644078309e-32,-106.000000000000,27.512486440547,4.990896870340
19,rotor,4,2.4661421775817871e-06,-18.629312593193,42,1.4901161193847656e-08,-26.000000000000,7.370687406807,4.946054157489
19,rotor,8,2.6388891072315346e-12,-38.463206412391,123,2.2204460492503131e-16,-52.000000000000,13.536793587609,4.946054157489
19,rotor,12,2.916325700301336e-18,-58.250553856631,123,1.6543612251060553e-24,-79.000000000000,20.749446143369,4.946054157489
19,rotor,16,3.3527743721710843e-24,-77.980918878299,123,1.2325951644078309e-32,-106.000000000000,28.019081121701,4.946054157489
19,round_only,4,2.2463500499725342e-06,-18.763985808100,56,1.4901161193847656e-08,-26.000000000000,7.236014191900,4.944089971682
19,round_only,8,2.7048224771064611e-12,-38.427603228442,111,1.1102230246251565e-16,-53.000000000000,14.572396771558,4.944089971682
19,round_only,12,2.7718580376322786e-18,-58.323852337095,111,8.2718061255302767e-25,-80.000000000000,21.676147662905,4.944089971682
19,round_only,16,3.1891498394937023e-24,-78.053102394314,111,1.2325951644078309e-32,-106.000000000000,27.946897605686,4.944089971682
20,static,4,2.9988586902618408e-06,-18.347155026998,2,1.4901161193847656e-08,-26.000000000000,7.652844973002,4.946119576665
20,static,8,3.5992597791079106e-12,-38.015436905098,2,1.1102230246251565e-16,-53.000000000000,14.984563094902,4.946119576665
20,static,12,3.8699134691253031e-18,-57.842404399758,2,4.1359030627651384e-25,-81.000000000000,23.157595600242,4.946119576665
20,static,16,4.1120203177336857e-24,-77.686426884306,2,3.0814879110195774e-33,-108.000000000000,30.313573115694,4.946119576665
20,position_only,4,2.2947788238525391e-06,-18.733213459305,64,1.4901161193847656e-08,-26.000000000000,7.266786540695,4.940177890292
20,position_only,8,2.8625296577544646e-12,-38.345846498059,64,1.1102230246251565e-16,-53.000000000000,14.654153501941,4.940177890292
20,position_only,12,3.1327189402797754e-18,-58.147290367454,64,8.2718061255302767e-25,-80.000000000000,21.852709632546,4.940177890292
20,position_only,16,3.3046639465143952e-24,-78.001770706728,64,6.1629758220391547e-33,-107.000000000000,28.998229293272,4.940177890292
20,rotor,4,2.5182962417602539e-06,-18.599120563718,64,1.4901161193847656e-08,-26.000000000000,7.400879436282,4.980552992480
20,rotor,8,2.5894703048479073e-12,-38.490480124414,64,1.1102230246251565e-16,-53.000000000000,14.509519875586,4.980552992480
20,rotor,12,2.6769809900591174e-18,-58.374098813912,64,8.2718061255302767e-25,-80.000000000000,21.625901186088,4.980552992480
20,rotor,16,2.5449783386862884e-24,-78.378620900290,64,1.2325951644078309e-32,-106.000000000000,27.621379099710,4.980552992480
20,round_only,4,2.2687017917633057e-06,-18.749701582094,87,2.9802322387695312e-08,-25.000000000000,6.250298417906,5.003083552357
20,round_only,8,2.1347645873248666e-12,-38.769060154247,58,4.4408920985006262e-16,-51.000000000000,12.230939845753,5.003083552357
20,round_only,12,2.0153678666377264e-18,-58.783662508954,58,3.3087224502121107e-24,-78.000000000000,19.216337491046,5.003083552357
20,round_only,16,1.9189619631670309e-24,-78.785948161956,58,4.9303806576313238e-32,-104.000000000000,25.214051838044,5.003083552357
21,static,4,2.4661421775817871e-06,-18.629312593193,57,2.9802322387695312e-08,-25.000000000000,6.370687406807,4.937372132653
21,static,8,3.0063451728068458e-12,-38.275126477196,83,2.2204460492503131e-16,-52.000000000000,13.724873522804,4.937372132653
21,static,12,3.2522655122489883e-18,-58.093260665329,83,3.3087224502121107e-24,-78.000000000000,19.906739334671,4.937372132653
21,static,16,3.6588188226897335e-24,-77.854896299192,83,2.4651903288156619e-32,-105.000000000000,27.145103700808,4.937372132653
21,position_only,4,2.6226043701171875e-06,-18.540568381363,27,1.4901161193847656e-08,-26.000000000000,7.459431618637,5.018234676240
21,position_only,8,2.5045659990396985e-12,-38.538576509391,27,1.1102230246251565e-16,-53.000000000000,14.461423490609,5.018234676240
21,position_only,12,2.1933027399027964e-18,-58.661600748121,27,1.6543612251060553e-24,-79.000000000000,20.338399251879,5.018234676240
21,position_only,16,1.9773728913676157e-24,-78.742689318319,27,1.2325951644078309e-32,-106.000000000000,27.257310681681,5.018234676240
21,rotor,4,2.1979212760925293e-06,-18.795428855751,27,1.4901161193847656e-08,-26.000000000000,7.204571144249,4.983266558600
21,rotor,8,2.428085510430833e-12,-38.583317908446,27,1.1102230246251565e-16,-53.000000000000,14.416682091554,4.983266558600
21,rotor,12,2.3463064929030948e-18,-58.564314226188,27,8.2718061255302767e-25,-80.000000000000,21.435685773812,4.983266558600
21,rotor,16,2.2154863110515737e-24,-78.578650864505,27,6.1629758220391547e-33,-107.000000000000,28.421349135495,4.983266558600
21,round_only,4,2.1047890186309814e-06,-18.857892942697,1,1.4901161193847656e-08,-26.000000000000,7.142107057303,4.999424478375
21,round_only,8,2.0612539453068734e-12,-38.819614883618,30,1.1102230246251565e-16,-53.000000000000,14.180385116382,4.999424478375
21,round_only,12,1.9450308379959642e-18,-58.834912678997,1,8.2718061255302767e-25,-80.000000000000,21.165087321003,4.999424478375
21,round_only,16,1.8418482740023122e-24,-78.845120055911,1,6.1629758220391547e-33,-107.000000000000,28.154879944089,4.999424478375
22,static,4,2.0451843738555908e-06,-18.899337660995,73,2.9802322387695312e-08,-25.000000000000,6.100662339005,4.972336528163
22,static,8,2.1035534425450919e-12,-38.790308667195,73,2.2204460492503131e-16,-52.000000000000,13.209691332805,4.972336528163
22,static,12,2.0832252145982077e-18,-58.735886892396,59,1.6543612251060553e-24,-79.000000000000,20.264113107604,4.972336528163
22,static,16,2.2620680267334175e-24,-78.548631961428,59,2.4651903288156619e-32,-105.000000000000,26.451368038572,4.972336528163
22,position_only,4,2.0191073417663574e-06,-18.917850958646,8,2.9802322387695312e-08,-25.000000000000,6.082149041354,4.974763722303
22,position_only,8,2.3804569426744138e-12,-38.611898604756,8,1.1102230246251565e-16,-53.000000000000,14.388101395244,4.974763722303
22,position_only,12,2.2472653147287652e-18,-58.626535247163,43,1.6543612251060553e-24,-79.000000000000,20.373464752837,4.974763722303
22,position_only,16,2.2188096453042438e-24,-78.576488375222,43,2.4651903288156619e-32,-105.000000000000,26.423511624778,4.974763722303
22,rotor,4,2.0079314708709717e-06,-18.925858537247,103,1.4901161193847656e-08,-26.000000000000,7.074141462753,4.982756174790
22,rotor,8,2.1717211362570765e-12,-38.744298275454,39,1.1102230246251565e-16,-53.000000000000,14.255701724546,4.982756174790
22,rotor,12,2.1597902411682465e-18,-58.683814503325,39,8.2718061255302767e-25,-80.000000000000,21.316185496675,4.982756174790
22,rotor,16,2.0141514279580461e-24,-78.716102125158,39,1.2325951644078309e-32,-106.000000000000,27.283897874842,4.982756174790
22,round_only,4,1.9408762454986572e-06,-18.974860437721,39,1.4901161193847656e-08,-26.000000000000,7.025139562279,4.996233899761
22,round_only,8,1.9817897323193279e-12,-38.876333237795,39,2.2204460492503131e-16,-52.000000000000,13.123666762205,4.996233899761
22,round_only,12,1.9192151514636436e-18,-58.854189255662,39,1.6543612251060553e-24,-79.000000000000,20.145810744338,4.996233899761
22,round_only,16,1.7341722234542771e-24,-78.932027095239,39,1.2325951644078309e-32,-106.000000000000,27.067972904761,4.996233899761
23,static,4,2.7604401111602783e-06,-18.466670267694,1,1.4901161193847656e-08,-26.000000000000,7.533329732306,4.939068386031
23,static,8,3.3778951857854622e-12,-38.107012575842,1,1.1102230246251565e-16,-53.000000000000,14.892987424158,4.939068386031
23,static,12,3.9041927642876897e-18,-57.829681422178,1,8.2718061255302767e-25,-80.000000000000,22.170318577822,4.939068386031
23,static,16,3.9437874811299461e-24,-77.746692465992,1,6.1629758220391547e-33,-107.000000000000,29.253307534008,4.939068386031
23,position_only,4,2.2388994693756104e-06,-18.768778819289,41,7.4505805969238281e-09,-27.000000000000,8.231221180711,5.001691352512
23,position_only,8,2.1574964037540667e-12,-38.753778984014,38,5.5511151231257827e-17,-54.000000000000,15.246221015986,5.001691352512
23,position_only,12,2.0450548101355834e-18,-58.762566198179,38,8.2718061255302767e-25,-80.000000000000,21.237433801821,5.001691352512
23,position_only,16,1.9157020062614127e-24,-78.788401114722,38,3.0814879110195774e-33,-108.000000000000,29.211598885278,5.001691352512
23,rotor,4,2.1345913410186768e-06,-18.837608671243,76,1.4901161193847656e-08,-26.000000000000,7.162391328757,4.999940342733
23,rotor,8,2.0901336217349353e-12,-38.799541962250,80,1.1102230246251565e-16,-53.000000000000,14.200458037750,4.999940342733
23,rotor,12,1.9776339033458003e-18,-58.810930326724,76,4.1359030627651384e-25,-81.000000000000,22.189069673276,4.999940342733
23,rotor,16,1.8573647469997236e-24,-78.833017119527,80,6.1629758220391547e-33,-107.000000000000,28.166982880473,4.999940342733
23,round_only,4,2.1196901798248291e-06,-18.847715157693,72,1.4901161193847656e-08,-26.000000000000,7.152284842307,5.007407890470
23,round_only,8,2.0163454239607859e-12,-38.851394327813,81,1.1102230246251565e-16,-53.000000000000,14.148605672187,5.007407890470
23,round_only,12,1.8848159151124368e-18,-58.880282081732,1,8.2718061255302767e-25,-80.000000000000,21.119717918268,5.007407890470
23,round_only,16,1.7283752750478076e-24,-78.936857779315,81,6.1629758220391547e-33,-107.000000000000,28.063142220685,5.007407890470
24,static,4,3.512948751449585e-06,-18.118886039325,122,1.4901161193847656e-08,-26.000000000000,7.881113960675,4.845282363265
24,static,8,5.0274229224100964e-12,-37.533318080528,122,1.1102230246251565e-16,-53.000000000000,15.466681919472,4.845282363265
24,static,12,7.4520268149056439e-18,-56.897072842380,83,1.6543612251060553e-24,-79.000000000000,22.102927157620,4.845282363265
24,static,16,1.0990676729547246e-23,-76.268065962246,83,1.2325951644078309e-32,-106.000000000000,29.731934037754,4.845282363265
24,position_only,4,2.905726432800293e-06,-18.392669686250,4,1.4901161193847656e-08,-26.000000000000,7.607330313750,4.893396516296
24,position_only,8,3.9136055507427159e-12,-37.894638783467,14,2.2204460492503131e-16,-52.000000000000,14.105361216533,4.893396516296
24,position_only,12,5.0845566992352267e-18,-57.448583710821,14,3.3087224502121107e-24,-78.000000000000,20.551416289179,4.893396516296
24,position_only,16,6.0893969013015978e-24,-77.119974927751,14,4.9303806576313238e-32,-104.000000000000,26.880025072249,4.893396516296
24,rotor,4,2.3320317268371582e-06,-18.709981153067,62,7.4505805969238281e-09,-27.000000000000,8.290018846933,4.958097311590
24,rotor,8,2.4485136140839359e-12,-38.571230920990,62,1.1102230246251565e-16,-53.000000000000,14.428769079010,4.958097311590
24,rotor,12,2.6441294603327856e-18,-58.391912893000,62,4.1359030627651384e-25,-81.000000000000,22.608087107000,4.958097311590
24,rotor,16,2.8584299995490036e-24,-78.211051316932,62,3.0814879110195774e-33,-108.000000000000,29.788948683068,4.958097311590
24,round_only,4,2.3953616619110107e-06,-18.671325072672,75,1.4901161193847656e-08,-26.000000000000,7.328674927328,4.948388405446
24,round_only,8,2.8339414148703668e-12,-38.360327204440,75,1.1102230246251565e-16,-53.000000000000,14.639672795560,4.948388405446
24,round_only,12,3.0045456500034586e-18,-58.207558866136,75,8.2718061255302767e-25,-80.000000000000,21.792441133864,4.948388405446
24,round_only,16,3.2314485444760624e-24,-78.034093258053,75,6.1629758220391547e-33,-107.000000000000,28.965906741947,4.948388405446
25,static,4,2.7418136596679688e-06,-18.476438043943,40,7.4505805969238281e-09,-27.000000000000,8.523561956057,4.974794544855
25,static,8,2.7951668757353332e-12,-38.380202721909,36,5.5511151231257827e-17,-54.000000000000,15.619797278091,4.974794544855
25,static,12,2.8660746848838927e-18,-58.275629503778,36,4.1359030627651384e-25,-81.000000000000,22.724370496222,4.974794544855
25,static,16,2.9303058007922534e-24,-78.175223048053,36,3.0814879110195774e-33,-108.000000000000,29.824776951947,4.974794544855
25,position_only,4,2.2239983081817627e-06,-18.778412878735,40,1.4901161193847656e-08,-26.000000000000,7.221587121265,4.966860107176
25,position_only,8,2.4852758739868364e-12,-38.549731133967,40,1.1102230246251565e-16,-53.000000000000,14.450268866033,4.966860107176
25,position_only,12,2.50125360335501e-18,-58.472054367465,40,8.2718061255302767e-25,-80.000000000000,21.527945632535,4.966860107176
25,position_only,16,2.5736830225787378e-24,-78.362439896587,40,1.2325951644078309e-32,-106.000000000000,27.637560103413,4.966860107176
25,rotor,4,2.4028122425079346e-06,-18.666844649689,40,1.4901161193847656e-08,-26.000000000000,7.333155350311,5.000310084074
25,rotor,8,2.2989943282425429e-12,-38.662134231803,40,1.1102230246251565e-16,-53.000000000000,14.337865768197,5.000310084074
25,rotor,12,2.2642162617327198e-18,-58.615693947316,40,8.2718061255302767e-25,-80.000000000000,21.384306052684,5.000310084074
25,rotor,16,2.0559641073781636e-24,-78.686459198835,40,6.1629758220391547e-33,-107.000000000000,28.313540801165,5.000310084074
25,round_only,4,1.993030309677124e-06,-18.936604918711,120,1.4901161193847656e-08,-26.000000000000,7.063395081289,5.003019416128
25,round_only,8,1.8496593146011264e-12,-38.975877570824,120,1.1102230246251565e-16,-53.000000000000,14.024122429176,5.003019416128
25,round_only,12,1.7768301744806298e-18,-58.965399909635,120,8.2718061255302767e-25,-80.000000000000,21.034600090365,5.003019416128
25,round_only,16,1.677040957064453e-24,-78.980356354147,120,6.1629758220391547e-33,-107.000000000000,28.019643645853,5.003019416128
26,static,4,2.1979212760925293e-06,-18.795428855751,72,1.4901161193847656e-08,-26.000000000000,7.204571144249,4.969366825359
26,static,8,2.4049373603673985e-12,-38.597137820979,72,1.1102230246251565e-16,-53.000000000000,14.402862179021,4.969366825359
26,static,12,2.3426127695765275e-18,-58.566587209419,96,8.2718061255302767e-25,-80.000000000000,21.433412790581,4.969366825359
26,static,16,2.5124662434422511e-24,-78.397170064386,96,6.1629758220391547e-33,-107.000000000000,28.602829935614,4.969366825359
26,position_only,4,3.0919909477233887e-06,-18.303032473766,29,7.4505805969238281e-09,-27.000000000000,8.696967526234,4.903007039975
26,position_only,8,4.3344355882268815e-12,-37.747292994585,29,5.5511151231257827e-17,-54.000000000000,16.252707005415,4.903007039975
26,position_only,12,5.0509053892541327e-18,-57.458163689710,29,4.1359030627651384e-25,-81.000000000000,23.541836310290,4.903007039975
26,position_only,16,6.1479474586527787e-24,-77.106169441719,29,3.0814879110195774e-33,-108.000000000000,30.893830558281,4.903007039975
26,rotor,4,2.078711986541748e-06,-18.875878688171,105,7.4505805969238281e-09,-27.000000000000,8.124121311829,4.937984048890
26,rotor,8,2.2974816493714911e-12,-38.663083800297,120,1.1102230246251565e-16,-53.000000000000,14.336916199703,4.937984048890
26,rotor,12,2.6911447519890746e-18,-58.366485714854,120,8.2718061255302767e-25,-80.000000000000,21.633514285146,4.937984048890
26,rotor,16,2.9864030947135783e-24,-78.147865368524,120,6.1629758220391547e-33,-107.000000000000,28.852134631476,4.937984048890
26,round_only,4,2.5033950805664062e-06,-18.607682577221,37,7.4505805969238281e-09,-27.000000000000,8.392317422779,4.948604670982
26,round_only,8,3.3994473902509981e-12,-38.097836895856,60,5.5511151231257827e-17,-54.000000000000,15.902163104144,4.948604670982
26,round_only,12,3.4436378311674057e-18,-58.010772286101,60,4.1359030627651384e-25,-81.000000000000,22.989227713899,4.948604670982
26,round_only,16,3.4220034564845402e-24,-77.951433060237,60,3.0814879110195774e-33,-108.000000000000,30.048566939763,4.948604670982
27,static,4,2.3245811462402344e-06,-18.714597781138,94,1.4901161193847656e-08,-26.000000000000,7.285402218862,4.983663816350
27,static,8,2.4778373797218478e-12,-38.554055632028,94,1.1102230246251565e-16,-53.000000000000,14.445944367972,4.983663816350
27,static,12,2.4035161135248522e-18,-58.529559232425,94,1.6543612251060553e-24,-79.000000000000,20.470440767575,4.983663816350
27,static,16,2.3316105128118987e-24,-78.504947465673,94,1.2325951644078309e-32,-106.000000000000,27.495052534327,4.983663816350
27,position_only,4,2.6598572731018066e-06,-18.520219735971,73,7.4505805969238281e-09,-27.000000000000,8.479780264029,4.928042544412
27,position_only,8,3.4483110811223128e-12,-38.077247209074,25,5.5511151231257827e-17,-54.000000000000,15.922752790926,4.928042544412
27,position_only,12,3.7383401046398754e-18,-57.892307880207,25,4.1359030627651384e-25,-81.000000000000,23.107692119793,4.928042544412
27,position_only,16,4.2985224452860109e-24,-77.622433437756,25,3.0814879110195774e-33,-108.000000000000,30.377566562244,4.928042544412
27,rotor,4,1.9036233425140381e-06,-19.002820519062,87,1.4901161193847656e-08,-26.000000000000,6.997179480938,4.993735631376
27,rotor,8,1.8779144905778367e-12,-38.954005766193,64,5.5511151231257827e-17,-54.000000000000,15.045994233807,4.993735631376
27,rotor,12,1.8168750219100876e-18,-58.933246524213,64,4.1359030627651384e-25,-81.000000000000,22.066753475787,4.993735631376
27,rotor,16,1.741172242133921e-24,-78.926215351401,64,3.0814879110195774e-33,-108.000000000000,29.073784648599,4.993735631376
27,round_only,4,1.8924474716186523e-06,-19.011315313228,91,1.4901161193847656e-08,-26.000000000000,6.988684686772,4.981330834339
27,round_only,8,2.0125429101014447e-12,-38.854117594909,19,5.5511151231257827e-17,-54.000000000000,15.145882405091,4.981330834339
27,round_only,12,1.9973098934802343e-18,-58.796647515851,19,4.1359030627651384e-25,-81.000000000000,22.203352484149,4.981330834339
27,round_only,16,1.9248212564295091e-24,-78.781549797430,19,6.1629758220391547e-33,-107.000000000000,28.218450202570,4.981330834339
28,static,4,2.2016465663909912e-06,-18.792985679822,25,1.4901161193847656e-08,-26.000000000000,7.207014320178,4.961485637807
28,static,8,2.2158525014859265e-12,-38.715275287251,108,1.1102230246251565e-16,-53.000000000000,14.284724712749,4.961485637807
28,static,12,2.366885454073707e-18,-58.551715819745,108,4.1359030627651384e-25,-81.000000000000,22.448284180255,4.961485637807
28,static,16,2.6249566622132645e-24,-78.333980673080,108,3.0814879110195774e-33,-108.000000000000,29.666019326920,4.961485637807
28,position_only,4,2.3730099201202393e-06,-18.684850437744,100,7.4505805969238281e-09,-27.000000000000,8.315149562256,4.932687677807
28,position_only,8,2.8011898356439247e-12,-38.377097380990,100,5.5511151231257827e-17,-54.000000000000,15.622902619010,4.932687677807
28,position_only,12,3.1670616698553871e-18,-58.131560747797,100,4.1359030627651384e-25,-81.000000000000,22.868439252203,4.932687677807
28,position_only,16,3.6227265794868129e-24,-77.869198352903,100,3.0814879110195774e-33,-108.000000000000,30.130801647097,4.932687677807
28,rotor,4,2.5071203708648682e-06,-18.605537305390,15,7.4505805969238281e-09,-27.000000000000,8.394462694610,4.951445570018
28,rotor,8,2.6471325131893764e-12,-38.458706721928,15,5.5511151231257827e-17,-54.000000000000,15.541293278072,4.951445570018
28,rotor,12,2.8294451111073015e-18,-58.294186557370,15,4.1359030627651384e-25,-81.000000000000,22.705813442630,4.951445570018
28,rotor,16,3.2790759476730711e-24,-78.012984960481,93,3.0814879110195774e-33,-108.000000000000,29.987015039519,4.951445570018
28,round_only,4,2.7231872081756592e-06,-18.486272404048,100,1.4901161193847656e-08,-26.000000000000,7.513727595952,4.944214747283
28,round_only,8,3.1648850207233181e-12,-38.200984050699,100,1.1102230246251565e-16,-53.000000000000,14.799015949301,4.944214747283
28,round_only,12,3.4710183883223118e-18,-57.999346699858,100,1.6543612251060553e-24,-79.000000000000,21.000653300142,4.944214747283
28,round_only,16,3.7753039288919761e-24,-77.809681484765,100,1.2325951644078309e-32,-106.000000000000,28.190318515235,4.944214747283
29,static,4,2.6635825634002686e-06,-18.518200568334,55,1.4901161193847656e-08,-26.000000000000,7.481799431666,4.939865078146
29,static,8,2.8998747847452933e-12,-38.327146531969,55,1.1102230246251565e-16,-53.000000000000,14.672853468031,4.939865078146
29,static,12,3.2920800932754266e-18,-58.075706272345,55,1.6543612251060553e-24,-79.000000000000,20.924293727655,4.939865078146
29,static,16,3.8001575893270259e-24,-77.800215030155,55,2.4651903288156619e-32,-105.000000000000,27.199784969845,4.939865078146
29,position_only,4,2.1159648895263672e-06,-18.850252880495,23,1.4901161193847656e-08,-26.000000000000,7.149747119505,4.984887856847
29,position_only,8,2.0855678295461644e-12,-38.802696904456,23,1.1102230246251565e-16,-53.000000000000,14.197303095544,4.984887856847
29,position_only,12,2.1039681126264703e-18,-58.721592868411,23,8.2718061255302767e-25,-80.000000000000,21.278407131589,4.984887856847
29,position_only,16,2.0712216637464555e-24,-78.675792317135,95,6.1629758220391547e-33,-107.000000000000,28.324207682865,4.984887856847
29,rotor,4,2.1345913410186768e-06,-18.837608671243,75,7.4505805969238281e-09,-27.000000000000,8.162391328757,4.942040689712
29,rotor,8,2.5446450502286666e-12,-38.515672708276,75,1.1102230246251565e-16,-53.000000000000,14.484327291724,4.942040689712
29,rotor,12,2.8175253350828358e-18,-58.300277124857,75,8.2718061255302767e-25,-80.000000000000,21.699722875143,4.942040689712
29,rotor,16,3.0097796768518829e-24,-78.136616395211,75,6.1629758220391547e-33,-107.000000000000,28.863383604789,4.942040689712
29,round_only,4,2.4959444999694824e-06,-18.611982714655,111,1.4901161193847656e-08,-26.000000000000,7.388017285345,4.957614804023
29,round_only,8,2.5779101076039979e-12,-38.496935181223,75,1.1102230246251565e-16,-53.000000000000,14.503064818777,4.957614804023
29,round_only,12,2.7660445088896793e-18,-58.326881336648,111,8.2718061255302767e-25,-80.000000000000,21.673118663352,4.957614804023
29,round_only,16,3.0795998257911903e-24,-78.103531383148,111,6.1629758220391547e-33,-107.000000000000,28.896468616852,4.957614804023
30,static,4,2.9616057872772217e-06,-18.365188949828,61,1.4901161193847656e-08,-26.000000000000,7.634811050172,4.921856256886
30,static,8,3.9588748945718066e-12,-37.878046661539,61,1.1102230246251565e-16,-53.000000000000,15.121953338461,4.921856256886
30,static,12,4.36716151383298e-18,-57.668009819653,64,8.2718061255302767e-25,-80.000000000000,22.331990180347,4.921856256886
30,static,16,5.0384836743294849e-24,-77.393284655609,64,1.2325951644078309e-32,-106.000000000000,28.606715344391,4.921856256886
30,position_only,4,2.2798776626586914e-06,-18.742612157307,65,1.4901161193847656e-08,-26.000000000000,7.257387842693,4.962473441907
30,position_only,8,2.4859836411650349e-12,-38.549320335777,65,1.1102230246251565e-16,-53.000000000000,14.450679664223,4.962473441907
30,position_only,12,2.688338645158565e-18,-58.367990824723,65,1.6543612251060553e-24,-79.000000000000,20.632009175277,4.962473441907
30,position_only,16,2.6824904922578543e-24,-78.302701219753,65,1.2325951644078309e-32,-106.000000000000,27.697298780247,4.962473441907
30,rotor,4,1.9744038581848145e-06,-18.950151450549,53,1.4901161193847656e-08,-26.000000000000,7.049848549451,4.970905038240
30,rotor,8,1.9435147935453756e-12,-38.904469049498,53,1.1102230246251565e-16,-53.000000000000,14.095530950502,4.970905038240
30,rotor,12,2.1792617108962268e-18,-58.670866245645,14,1.6543612251060553e-24,-79.000000000000,20.329133754355,4.970905038240
30,rotor,16,2.123123139594669e-24,-78.640086228366,14,1.2325951644078309e-32,-106.000000000000,27.359913771634,4.970905038240
30,round_only,4,2.6337802410125732e-06,-18.534433595191,4,7.4505805969238281e-09,-27.000000000000,8.465566404809,4.997044288102
30,round_only,8,2.3942237081797657e-12,-38.603579179515,4,1.1102230246251565e-16,-53.000000000000,14.396420820485,4.997044288102
30,round_only,12,2.3652978876830646e-18,-58.552683818691,4,4.1359030627651384e-25,-81.000000000000,22.447316181309,4.997044288102
30,round_only,16,2.3202577100723739e-24,-78.511989223498,4,3.0814879110195774e-33,-108.000000000000,29.488010776502,4.997044288102
31,static,4,2.2612512111663818e-06,-18.754447293744,3,7.4505805969238281e-09,-27.000000000000,8.245552706256,4.939547077737
31,static,8,2.8574920207802279e-12,-38.348387668764,3,2.7755575615628914e-17,-55.000000000000,16.651612331236,4.939547077737
31,static,12,3.1157047656577487e-18,-58.155147173322,3,2.0679515313825692e-25,-82.000000000000,23.844852826678,4.939547077737
31,static,16,3.279446747928229e-24,-78.012821828717,3,1.5407439555097887e-33,-109.000000000000,30.987178171283,4.939547077737
31,position_only,4,2.6784837245941162e-06,-18.510152039561,70,2.9802322387695312e-08,-25.000000000000,6.489847960439,4.859650404181
31,position_only,8,4.3500897328740962e-12,-37.742091977724,0,2.2204460492503131e-16,-52.000000000000,14.257908022276,4.859650404181
31,position_only,12,5.742249813733729e-18,-57.273089612329,0,1.6543612251060553e-24,-79.000000000000,21.726910387671,4.859650404181
31,position_only,16,7.6270019055063952e-24,-76.795158217100,0,4.9303806576313238e-32,-104.000000000000,27.204841782900,4.859650404181
31,rotor,4,1.9446015357971191e-06,-18.972094003430,70,1.4901161193847656e-08,-26.000000000000,7.027905996570,4.994761055708
31,rotor,8,1.9137608164854214e-12,-38.926726606856,70,1.1102230246251565e-16,-53.000000000000,14.073273393144,4.994761055708
31,rotor,12,1.8491876951661294e-18,-58.907814040211,98,1.6543612251060553e-24,-79.000000000000,20.092185959789,4.994761055708
31,rotor,16,1.762628790947549e-24,-78.908545601758,98,1.2325951644078309e-32,-106.000000000000,27.091454398242,4.994761055708
31,round_only,4,1.9557774066925049e-06,-18.963826387447,35,7.4505805969238281e-09,-27.000000000000,8.036173612553,4.995489968469
31,round_only,8,1.9336476864140195e-12,-38.911812181148,19,5.5511151231257827e-17,-54.000000000000,15.088187818852,4.995489968469
31,round_only,12,1.8649762466142939e-18,-58.895548452350,19,4.1359030627651384e-25,-81.000000000000,22.104451547650,4.995489968469
31,round_only,16,1.7619346314843674e-24,-78.909113876638,19,3.0814879110195774e-33,-108.000000000000,29.090886123362,4.995489968469
32,static,4,2.3171305656433105e-06,-18.719229229869,34,7.4505805969238281e-09,-27.000000000000,8.280770770131,4.927749219085
32,static,8,2.645592078742709e-12,-38.459546507623,34,5.5511151231257827e-17,-54.000000000000,15.540453492377,4.927749219085
32,static,12,3.1865050154425406e-18,-58.122730776471,34,2.0679515313825692e-25,-82.000000000000,23.877269223529,4.927749219085
32,static,16,3.6253414548242433e-24,-77.868157394726,34,1.5407439555097887e-33,-109.000000000000,31.131842605274,4.927749219085
32,position_only,4,2.6635825634002686e-06,-18.518200568334,79,2.9802322387695312e-08,-25.000000000000,6.481799431666,4.916509208603
32,position_only,8,3.487862776374584e-12,-38.060793857633,79,4.4408920985006262e-16,-51.000000000000,12.939206142367,4.916509208603
32,position_only,12,4.0172800896486292e-18,-57.788486656631,79,1.3234889800848443e-23,-76.000000000000,18.211513343369,4.916509208603
32,position_only,16,4.6930153979824791e-24,-77.495759083379,79,9.8607613152626476e-32,-103.000000000000,25.504240916621,4.916509208603
32,rotor,4,2.4400651454925537e-06,-18.644648903575,14,1.4901161193847656e-08,-26.000000000000,7.355351096425,4.952144209930
32,rotor,8,2.4767549122728383e-12,-38.554686025148,25,1.1102230246251565e-16,-53.000000000000,14.445313974852,4.952144209930
32,rotor,12,2.7369576849262295e-18,-58.342132578063,25,8.2718061255302767e-25,-80.000000000000,21.657867421937,4.952144209930
32,rotor,16,3.1358388587193654e-24,-78.077422851676,25,6.1629758220391547e-33,-107.000000000000,28.922577148324,4.952144209930
32,round_only,4,2.1420419216156006e-06,-18.832581854168,84,1.4901161193847656e-08,-26.000000000000,7.167418145832,4.945366109452
32,round_only,8,2.3924334735525576e-12,-38.604658330430,84,1.1102230246251565e-16,-53.000000000000,14.395341669570,4.945366109452
32,round_only,12,2.7366990358884418e-18,-58.342268922632,84,1.6543612251060553e-24,-79.000000000000,20.657731077368,4.945366109452
32,round_only,16,2.897243940949278e-24,-78.191593116133,84,1.2325951644078309e-32,-106.000000000000,27.808406883867,4.945366109452
33,static,4,1.8924474716186523e-06,-19.011315313228,105,1.4901161193847656e-08,-26.000000000000,6.988684686772,4.986378866516
33,static,8,2.1722623699815813e-12,-38.743938773530,71,2.2204460492503131e-16,-52.000000000000,13.256061226470,4.986378866516
33,static,12,1.9454798419722156e-18,-58.834579676023,71,1.6543612251060553e-24,-79.000000000000,20.165420323977,4.986378866516
33,static,16,1.9010384492510216e-24,-78.799486565940,71,2.4651903288156619e-32,-105.000000000000,26.200513434060,4.986378866516
33,position_only,4,2.6971101760864258e-06,-18.500154112917,91,7.4505805969238281e-09,-27.000000000000,8.499845887083,4.890180362795
33,position_only,8,3.798558689815934e-12,-37.937685026802,91,5.5511151231257827e-17,-54.000000000000,16.062314973198,4.890180362795
33,position_only,12,4.8106931733444992e-18,-57.528460920901,91,2.0679515313825692e-25,-82.000000000000,24.471539079099,4.890180362795
33,position_only,16,5.8724965410787818e-24,-77.172300318811,91,1.5407439555097887e-33,-109.000000000000,31.827699681189,4.890180362795
33,rotor,4,1.9967555999755859e-06,-18.933910809542,5,1.4901161193847656e-08,-26.000000000000,7.066089190458,5.013137715391
33,rotor,8,1.9105828030774319e-12,-38.929124354389,43,1.1102230246251565e-16,-53.000000000000,14.070875645611,5.013137715391
33,rotor,12,1.6953444572416662e-18,-59.033127280471,43,8.2718061255302767e-25,-80.000000000000,20.966872719529,5.013137715391
33,rotor,16,1.5711942676370916e-24,-79.074412706067,43,6.1629758220391547e-33,-107.000000000000,27.925587293933,5.013137715391
33,round_only,4,1.9408762454986572e-06,-18.974860437721,84,7.4505805969238281e-09,-27.000000000000,8.025139562279,4.965409559702
33,round_only,8,2.1822266216275921e-12,-38.737336207050,84,5.5511151231257827e-17,-54.000000000000,15.262663792950,4.965409559702
33,round_only,12,2.2131508353034298e-18,-58.648603927901,84,4.1359030627651384e-25,-81.000000000000,22.351396072099,4.965409559702
33,round_only,16,2.270550750699325e-24,-78.543231993468,84,3.0814879110195774e-33,-108.000000000000,29.456768006532,4.965409559702
34,static,4,2.2798776626586914e-06,-18.742612157307,35,1.4901161193847656e-08,-26.000000000000,7.257387842693,4.938598581088
34,static,8,2.7512853106870239e-12,-38.403031382502,96,1.1102230246251565e-16,-53.000000000000,14.596968617498,4.938598581088
34,static,12,3.1253968925938208e-18,-58.150666299440,96,8.2718061255302767e-25,-80.000000000000,21.849333700560,4.938598581088
34,static,16,3.2903156919692915e-24,-78.008048266166,96,6.1629758220391547e-33,-107.000000000000,28.991951733834,4.938598581088
34,position_only,4,2.2873282432556152e-06,-18.737905154630,63,1.4901161193847656e-08,-26.000000000000,7.262094845370,5.045679310961
34,position_only,8,1.7473938962453417e-12,-39.057932282480,5,1.1102230246251565e-16,-53.000000000000,13.942067717520,5.045679310961
34,position_only,12,1.4711283634151597e-18,-59.237782573424,5,8.2718061255302767e-25,-80.000000000000,20.762217426576,5.045679310961
34,position_only,16,1.355910299779478e-24,-79.287012537129,5,1.2325951644078309e-32,-106.000000000000,26.712987462871,5.045679310961
34,rotor,4,2.0749866962432861e-06,-18.878466482660,63,1.4901161193847656e-08,-26.000000000000,7.121533517340,4.975048868357
34,rotor,8,2.1872226252384053e-12,-38.734037066876,95,1.1102230246251565e-16,-53.000000000000,14.265962933124,4.975048868357
34,rotor,12,2.2032559457197056e-18,-58.655068609587,95,8.2718061255302767e-25,-80.000000000000,21.344931390413,4.975048868357
34,rotor,16,2.225557431679826e-24,-78.572107546522,95,1.2325951644078309e-32,-106.000000000000,27.427892453478,4.975048868357
34,round_only,4,2.4102628231048584e-06,-18.662378098007,44,1.4901161193847656e-08,-26.000000000000,7.337621901993,4.992005873710
34,round_only,8,2.2249285747122372e-12,-38.709378115631,44,2.2204460492503131e-16,-52.000000000000,13.290621884369,4.992005873710
34,round_only,12,2.1465640884626181e-18,-58.692676461007,44,1.6543612251060553e-24,-79.000000000000,20.307323538993,4.992005873710
34,round_only,16,2.2422036399677685e-24,-78.561356965688,44,1.2325951644078309e-32,-106.000000000000,27.438643034312,4.992005873710
35,static,4,2.0451843738555908e-06,-18.899337660995,56,2.9802322387695312e-08,-25.000000000000,6.100662339005,5.020592184271
35,static,8,1.9494406089393124e-12,-38.900076935949,56,4.4408920985006262e-16,-51.000000000000,12.099923064051,5.020592184271
35,static,12,1.729064216418449e-18,-59.004714257160,21,3.3087224502121107e-24,-78.000000000000,18.995285742840,5.020592184271
35,static,16,1.5023836486115802e-24,-79.139021010867,56,4.9303806576313238e-32,-104.000000000000,24.860978989133,5.020592184271
35,position_only,4,2.3357570171356201e-06,-18.707678367198,53,1.4901161193847656e-08,-26.000000000000,7.292321632802,4.968783971161
35,position_only,8,2.6189050927882818e-12,-38.474173360229,55,1.1102230246251565e-16,-53.000000000000,14.525826639771,4.968783971161
35,position_only,12,2.6680631041763949e-18,-58.378912918884,86,8.2718061255302767e-25,-80.000000000000,21.621087081116,4.968783971161
35,position_only,16,2.6446121325726381e-24,-78.323218129795,55,6.1629758220391547e-33,-107.000000000000,28.676781870205,4.968783971161
35,rotor,4,2.1457672119140625e-06,-18.830074998558,16,1.4901161193847656e-08,-26.000000000000,7.169925001442,4.975140060931
35,rotor,8,2.248354280531828e-12,-38.694267755005,38,1.1102230246251565e-16,-53.000000000000,14.305732244995,4.975140060931
35,rotor,12,2.2943911900931948e-18,-58.596594318409,38,1.6543612251060553e-24,-79.000000000000,20.403405681591,4.975140060931
35,rotor,16,2.2896186375512216e-24,-78.531166956499,38,1.2325951644078309e-32,-106.000000000000,27.468833043501,4.975140060931
35,round_only,4,2.5071203708648682e-06,-18.605537305390,64,1.4901161193847656e-08,-26.000000000000,7.394462694610,4.975243084507
35,round_only,8,2.6744301218073474e-12,-38.443905629576,64,2.2204460492503131e-16,-52.000000000000,13.556094370424,4.975243084507
35,round_only,12,2.5655717556671066e-18,-58.435425331596,64,1.6543612251060553e-24,-79.000000000000,20.564574668404,4.975243084507
35,round_only,16,2.7283002320474855e-24,-78.278271864807,64,1.2325951644078309e-32,-106.000000000000,27.721728135193,4.975243084507
36,static,4,2.4400651454925537e-06,-18.644648903575,86,1.4901161193847656e-08,-26.000000000000,7.355351096425,4.930298233872
36,static,8,3.0850461074649616e-12,-38.237845087357,87,1.1102230246251565e-16,-53.000000000000,14.762154912643,4.930298233872
36,static,12,3.4946232795712196e-18,-57.989568766531,87,3.3087224502121107e-24,-78.000000000000,20.010431233469,4.930298233872
36,static,16,3.8058626098231688e-24,-77.798050795481,86,2.4651903288156619e-32,-105.000000000000,27.201949204519,4.930298233872
36,position_only,4,2.5480985641479492e-06,-18.582147485114,127,2.9802322387695312e-08,-25.000000000000,6.417852514886,4.932997113726
36,position_only,8,3.2129715554773952e-12,-38.179228930000,8,2.2204460492503131e-16,-52.000000000000,13.820771070000,4.932997113726
36,position_only,12,3.7074745321667069e-18,-57.904268925594,8,1.6543612251060553e-24,-79.000000000000,21.095731074406,4.932997113726
36,position_only,16,3.852634367990426e-24,-77.780429002931,8,2.4651903288156619e-32,-105.000000000000,27.219570997069,4.932997113726
36,rotor,4,2.3096799850463867e-06,-18.723875594726,15,1.4901161193847656e-08,-26.000000000000,7.276124405274,4.940306744402
36,rotor,8,2.7762098175898586e-12,-38.390020532059,15,1.1102230246251565e-16,-53.000000000000,14.609979467941,4.940306744402
36,rotor,12,3.0600922240036781e-18,-58.181130574954,15,8.2718061255302767e-25,-80.000000000000,21.818869425046,4.940306744402
36,rotor,16,3.3142415913130081e-24,-77.997595505792,15,1.2325951644078309e-32,-106.000000000000,28.002404494208,4.940306744402
36,round_only,4,2.4177134037017822e-06,-18.657925332001,19,1.4901161193847656e-08,-26.000000000000,7.342074667999,4.979117711055
36,round_only,8,2.45134468279673e-12,-38.569563783289,19,1.1102230246251565e-16,-53.000000000000,14.430436216711,4.979117711055
36,round_only,12,2.4524288541087612e-18,-58.500494424051,29,8.2718061255302767e-25,-80.000000000000,21.499505575949,4.979117711055
36,round_only,16,2.503170123956968e-24,-78.402517932476,29,1.2325951644078309e-32,-106.000000000000,27.597482067524,4.979117711055
37,static,4,2.5294721126556396e-06,-18.592732235755,32,1.4901161193847656e-08,-26.000000000000,7.407267764245,4.970529638326
37,static,8,2.8095026305408055e-12,-38.372822387548,32,1.1102230246251565e-16,-53.000000000000,14.627177612452,4.970529638326
37,static,12,2.8534309190282899e-18,-58.282008071884,119,1.6543612251060553e-24,-79.000000000000,20.717991928116,4.970529638326
37,static,16,2.8210040920374605e-24,-78.230065518655,32,1.2325951644078309e-32,-106.000000000000,27.769934481345,4.970529638326
37,position_only,4,2.5108456611633301e-06,-18.603395218818,101,1.4901161193847656e-08,-26.000000000000,7.396604781182,4.918472880296
37,position_only,8,3.0068864065313505e-12,-38.274866771511,101,2.2204460492503131e-16,-52.000000000000,13.725133228489,4.918472880296
37,position_only,12,3.5398661816687488e-18,-57.971010885148,101,1.6543612251060553e-24,-79.000000000000,21.028989114852,4.918472880296
37,position_only,16,4.3127916627476849e-24,-77.617652251551,101,1.2325951644078309e-32,-106.000000000000,28.382347748449,4.918472880296
37,rotor,4,2.2687017917633057e-06,-18.749701582094,32,1.4901161193847656e-08,-26.000000000000,7.250298417906,4.952111972601
37,rotor,8,2.3042123764582811e-12,-38.658863444289,32,1.1102230246251565e-16,-53.000000000000,14.341136555711,4.952111972601
37,rotor,12,2.5934688354157637e-18,-58.419822674404,32,8.2718061255302767e-25,-80.000000000000,21.580177325596,4.952111972601
37,rotor,16,2.8986868208931867e-24,-78.190874806730,41,6.1629758220391547e-33,-107.000000000000,28.809125193270,4.952111972601
37,round_only,4,2.3134052753448486e-06,-18.721550541780,32,1.4901161193847656e-08,-26.000000000000,7.278449458220,4.959017129261
37,round_only,8,2.7028934646011749e-12,-38.428632489935,30,1.1102230246251565e-16,-53.000000000000,14.571367510065,4.959017129261
37,round_only,12,2.6167440434917808e-18,-58.406932893730,32,8.2718061255302767e-25,-80.000000000000,21.593067106270,4.959017129261
37,round_only,16,2.9158748764746589e-24,-78.182345463998,30,6.1629758220391547e-33,-107.000000000000,28.817654536002,4.959017129261
38,static,4,2.7120113372802734e-06,-18.492205359801,97,2.9802322387695312e-08,-25.000000000000,6.507794640199,4.927253057830
38,static,8,3.257338843098978e-12,-38.159443335454,97,4.4408920985006262e-16,-51.000000000000,12.840556664546,4.927253057830
38,static,12,3.8042794275549994e-18,-57.867082490706,97,3.3087224502121107e-24,-78.000000000000,20.132917509294,4.927253057830
38,static,16,4.3066752260597869e-24,-77.619699745781,97,4.9303806576313238e-32,-104.000000000000,26.380300254219,4.927253057830
38,position_only,4,3.1851232051849365e-06,-18.260219390227,8,2.9802322387695312e-08,-25.000000000000,6.739780609773,4.919554176983
38,position_only,8,4.2152115131699475e-12,-37.787532113330,8,4.4408920985006262e-16,-51.000000000000,13.212467886670,4.919554176983
38,position_only,12,4.8825577460837054e-18,-57.507068600984,8,3.3087224502121107e-24,-78.000000000000,20.492931399016,4.919554176983
38,position_only,16,5.4459284317536544e-24,-77.281096254120,8,4.9303806576313238e-32,-104.000000000000,26.718903745880,4.919554176983
38,rotor,4,2.0116567611694336e-06,-18.923184402949,77,1.4901161193847656e-08,-26.000000000000,7.076815597051,4.951212548723
38,rotor,8,2.2026408474928871e-12,-38.723902863665,118,2.2204460492503131e-16,-52.000000000000,13.276097136335,4.951212548723
38,rotor,12,2.4446798778291527e-18,-58.505060146233,118,1.6543612251060553e-24,-79.000000000000,20.494939853767,4.951212548723
38,rotor,16,2.6038415364823876e-24,-78.345632625063,118,1.2325951644078309e-32,-106.000000000000,27.654367374937,4.951212548723
38,round_only,4,2.2053718566894531e-06,-18.790546634371,36,1.4901161193847656e-08,-26.000000000000,7.209453365629,4.933029044545
38,round_only,8,2.693234524286936e-12,-38.433797274834,28,2.2204460492503131e-16,-52.000000000000,13.566202725166,4.933029044545
38,round_only,12,2.9936383430487578e-18,-58.212805765870,28,1.6543612251060553e-24,-79.000000000000,20.787194234130,4.933029044545
38,round_only,16,3.3752862978534275e-24,-77.971264397955,28,1.2325951644078309e-32,-106.000000000000,28.028735602045,4.933029044545
39,static,4,2.0116567611694336e-06,-18.923184402949,91,2.9802322387695312e-08,-25.000000000000,6.076815597051,4.972092853051
39,static,8,2.1542490014070381e-12,-38.755952123523,91,2.2204460492503131e-16,-52.000000000000,13.244047876477,4.972092853051
39,static,12,2.2372222564178174e-18,-58.632997120192,91,1.6543612251060553e-24,-79.000000000000,20.367002879808,4.972092853051
39,static,16,2.1949683936630709e-24,-78.592074111401,91,2.4651903288156619e-32,-105.000000000000,26.407925888599,4.972092853051
39,position_only,4,2.1345913410186768e-06,-18.837608671243,28,2.9802322387695312e-08,-25.000000000000,6.162391328757,4.943199212451
39,position_only,8,2.4132223996886637e-12,-38.592176259919,28,2.2204460492503131e-16,-52.000000000000,13.407823740081,4.943199212451
39,position_only,12,2.7754399881785746e-18,-58.321989209142,28,1.6543612251060553e-24,-79.000000000000,20.678010790858,4.943199212451
39,position_only,16,2.9402668377685936e-24,-78.170327187522,28,1.2325951644078309e-32,-106.000000000000,27.829672812478,4.943199212451
39,rotor,4,2.1159648895263672e-06,-18.850252880495,12,1.4901161193847656e-08,-26.000000000000,7.149747119505,4.968343530810
39,rotor,8,2.4857477187723021e-12,-38.549457255510,12,1.1102230246251565e-16,-53.000000000000,14.450542744490,4.968343530810
39,rotor,12,2.405596110873905e-18,-58.528311267350,12,1.6543612251060553e-24,-79.000000000000,20.471688732650,4.968343530810
39,rotor,16,2.4470761380129156e-24,-78.435215287353,12,1.2325951644078309e-32,-106.000000000000,27.564784712647,4.968343530810
39,round_only,4,2.1047890186309814e-06,-18.857892942697,12,1.4901161193847656e-08,-26.000000000000,7.142107057303,4.977455024171
39,round_only,8,2.4175245139090862e-12,-38.589606619819,12,1.1102230246251565e-16,-53.000000000000,14.410393380181,4.977455024171
39,round_only,12,2.361037080347804e-18,-58.555285008543,12,4.1359030627651384e-25,-81.000000000000,22.444714991457,4.977455024171
39,round_only,16,2.23076799104057e-24,-78.568733802074,12,6.1629758220391547e-33,-107.000000000000,28.431266197926,4.977455024171
40,static,4,2.1494925022125244e-06,-18.827572491355,14,7.4505805969238281e-09,-27.000000000000,8.172427508645,4.967688659345
40,static,8,2.4109603202759899e-12,-38.593529231471,80,5.5511151231257827e-17,-54.000000000000,15.406470768529,4.967688659345
40,static,12,2.5625714164890119e-18,-58.437113496221,73,4.1359030627651384e-25,-81.000000000000,22.562886503779,4.967688659345
40,static,16,2.4239855237305435e-24,-78.448893194371,80,1.5407439555097887e-33,-109.000000000000,30.551106805629,4.967688659345
40,position_only,4,1.9818544387817383e-06,-18.944717564499,67,1.4901161193847656e-08,-26.000000000000,7.055282435501,4.980983606464
40,position_only,8,2.0688589730255558e-12,-38.814301833639,67,1.1102230246251565e-16,-53.000000000000,14.185698166361,4.980983606464
40,position_only,12,2.015583812476391e-18,-58.783507933054,67,1.6543612251060553e-24,-79.000000000000,20.216492066946,4.980983606464
40,position_only,16,2.0347393442333426e-24,-78.701430284214,67,2.4651903288156619e-32,-105.000000000000,26.298569715786,4.980983606464
40,rotor,4,2.212822437286377e-06,-18.785680879199,12,2.9802322387695312e-08,-25.000000000000,6.214319120801,4.963348374774
40,rotor,8,2.4147350785597155e-12,-38.591272219489,12,2.2204460492503131e-16,-52.000000000000,13.408727780511,4.963348374774
40,rotor,12,2.6250842471142116e-18,-58.402341983882,12,1.6543612251060553e-24,-79.000000000000,20.597658016118,4.963348374774
40,rotor,16,2.578094218745681e-24,-78.359969288061,12,2.4651903288156619e-32,-105.000000000000,26.640030711939,4.963348374774
40,round_only,4,2.6747584342956543e-06,-18.512159966177,6,1.4901161193847656e-08,-26.000000000000,7.487840033823,4.961179179746
40,round_only,8,2.6849217293900551e-12,-38.438257107148,91,1.1102230246251565e-16,-53.000000000000,14.561742892852,4.961179179746
40,round_only,12,2.9962978838144807e-18,-58.211524648215,91,1.6543612251060553e-24,-79.000000000000,20.788475351785,4.961179179746
40,round_only,16,3.1517383302344234e-24,-78.070126515771,91,1.2325951644078309e-32,-106.000000000000,27.929873484229,4.961179179746
41,static,4,2.775341272354126e-06,-18.458903384650,12,1.4901161193847656e-08,-26.000000000000,7.541096615350,4.907638332999
41,static,8,3.4173219809474631e-12,-38.090270953383,12,2.2204460492503131e-16,-52.000000000000,13.909729046617,4.907638332999
41,static,12,4.1023748992977382e-18,-57.758246368119,12,3.3087224502121107e-24,-78.000000000000,20.241753631881,4.907638332999
41,static,16,5.2349832614674795e-24,-77.338089353061,12,4.9303806576313238e-32,-104.000000000000,26.661910646939,4.907638332999
41,position_only,4,2.3879110813140869e-06,-18.675819453381,12,1.4901161193847656e-08,-26.000000000000,7.324180546619,5.008978057810
41,position_only,8,2.4319296576535976e-12,-38.581035638494,12,2.2204460492503131e-16,-52.000000000000,13.418964361506,5.008978057810
41,position_only,12,2.1566176416275876e-18,-58.685935291987,12,3.3087224502121107e-24,-78.000000000000,19.314064708013,5.008978057810
41,position_only,16,1.9530297662644669e-24,-78.760560339688,12,4.9303806576313238e-32,-104.000000000000,25.239439660312,5.008978057810
41,rotor,4,2.0451843738555908e-06,-18.899337660995,125,1.4901161193847656e-08,-26.000000000000,7.100662339005,4.987183889223
41,rotor,8,2.1561363805489009e-12,-38.754688703917,125,1.1102230246251565e-16,-53.000000000000,14.245311296083,4.987183889223
41,rotor,12,2.0929341953392606e-18,-58.729178755935,125,8.2718061255302767e-25,-80.000000000000,21.270821244065,4.987183889223
41,rotor,16,1.9852418561269861e-24,-78.736959499964,125,6.1629758220391547e-33,-107.000000000000,28.263040500036,4.987183889223
41,round_only,4,1.8961727619171143e-06,-19.008478153924,117,1.4901161193847656e-08,-26.000000000000,6.991521846076,4.999630563671
41,round_only,8,1.7345014313718821e-12,-39.068616107461,108,1.1102230246251565e-16,-53.000000000000,13.931383892539,4.999630563671
41,round_only,12,1.6838524886902553e-18,-59.042939949115,108,8.2718061255302767e-25,-80.000000000000,20.957060050885,4.999630563671
41,round_only,16,1.6405314160723201e-24,-79.012111055658,108,6.1629758220391547e-33,-107.000000000000,27.987888944342,4.999630563671
42,static,4,1.8775463104248047e-06,-19.022720076500,59,7.4505805969238281e-09,-27.000000000000,7.977279923500,5.027935784757
42,static,8,1.5839690670205187e-12,-39.199592977026,59,5.5511151231257827e-17,-54.000000000000,14.800407022974,5.027935784757
42,static,12,1.4368817935857572e-18,-59.271764325942,20,2.0679515313825692e-25,-82.000000000000,22.728235674058,5.027935784757
42,static,16,1.2791045469757884e-24,-79.371140090294,59,1.5407439555097887e-33,-109.000000000000,29.628859909706,5.027935784757
42,position_only,4,2.644956111907959e-06,-18.528324785608,118,1.4901161193847656e-08,-26.000000000000,7.471675214392,4.936074841939
42,position_only,8,2.9241331578333529e-12,-38.315128129078,82,2.2204460492503131e-16,-52.000000000000,13.684871870922,4.936074841939
42,position_only,12,3.5800899586044595e-18,-57.954709868751,82,1.6543612251060553e-24,-79.000000000000,21.045290131249,4.936074841939
42,position_only,16,3.8109363495799196e-24,-77.796128764899,82,1.2325951644078309e-32,-106.000000000000,28.203871235101,4.936074841939
42,rotor,4,1.9483268260955811e-06,-18.969332863753,77,1.4901161193847656e-08,-26.000000000000,7.030667136247,5.006091594363
42,rotor,8,1.7899431936641008e-12,-39.023223336365,4,1.1102230246251565e-16,-53.000000000000,13.976776663635,5.006091594363
42,rotor,12,1.6985452326219402e-18,-59.030406069967,91,1.6543612251060553e-24,-79.000000000000,19.969593930033,5.006091594363
42,rotor,16,1.6000471289201952e-24,-79.048159877398,91,2.4651903288156619e-32,-105.000000000000,25.951840122602,5.006091594363
42,round_only,4,1.9147992134094238e-06,-18.994375450806,89,1.4901161193847656e-08,-26.000000000000,7.005624549194,5.013050202538
42,round_only,8,1.7868206914073426e-12,-39.025742272370,89,1.1102230246251565e-16,-53.000000000000,13.974257727630,5.013050202538
42,round_only,12,1.6454404957899772e-18,-59.076231852875,50,1.6543612251060553e-24,-79.000000000000,19.923768147125,5.013050202538
42,round_only,16,1.4893945526801447e-24,-79.151548291145,50,1.2325951644078309e-32,-106.000000000000,26.848451708855,5.013050202538
43,static,4,3.3602118492126465e-06,-18.183016376745,7,1.4901161193847656e-08,-26.000000000000,7.816983623255,4.899265476930
43,static,8,5.5596777182032042e-12,-37.388135883006,7,1.1102230246251565e-16,-53.000000000000,15.611864116994,4.899265476930
43,static,12,6.435915668903667e-18,-57.108560285710,7,1.6543612251060553e-24,-79.000000000000,21.891439714290,4.899265476930
43,static,16,6.9316221270823142e-24,-76.933081268246,7,1.2325951644078309e-32,-106.000000000000,29.066918731754,4.899265476930
43,position_only,4,2.6933848857879639e-06,-18.502148163049,7,1.4901161193847656e-08,-26.000000000000,7.497851836951,4.968363323922
43,position_only,8,3.5583064272870502e-12,-38.031946383498,7,1.1102230246251565e-16,-53.000000000000,14.968053616502,4.968363323922
43,position_only,12,3.0649414152484054e-18,-58.178846210154,7,8.2718061255302767e-25,-80.000000000000,21.821153789846,4.968363323922
43,position_only,16,3.2375782695027977e-24,-78.031359206456,7,6.1629758220391547e-33,-107.000000000000,28.968640793544,4.968363323922
43,rotor,4,1.9147992134094238e-06,-18.994375450806,31,1.4901161193847656e-08,-26.000000000000,7.005624549194,4.961866468927
43,rotor,8,2.0230761510475759e-12,-38.846586512934,40,5.5511151231257827e-17,-54.000000000000,15.153413487066,4.961866468927
43,rotor,12,2.1501683211866648e-18,-58.690256105536,40,4.1359030627651384e-25,-81.000000000000,22.309743894464,4.961866468927
43,rotor,16,2.2787391257399612e-24,-78.538038505631,40,6.1629758220391547e-33,-107.000000000000,28.461961494369,4.961866468927
43,round_only,4,2.8051435947418213e-06,-18.443493945328,59,1.4901161193847656e-08,-26.000000000000,7.556506054672,4.961541910147
43,round_only,8,2.7697566462592249e-12,-38.393377913514,59,1.1102230246251565e-16,-53.000000000000,14.606622086486,4.961541910147
43,round_only,12,2.9649238020597452e-18,-58.226710679695,59,8.2718061255302767e-25,-80.000000000000,21.773289320305,4.961541910147
43,round_only,16,3.3403496372690424e-24,-77.986275158563,59,6.1629758220391547e-33,-107.000000000000,29.013724841437,4.961541910147
44,static,4,2.0191073417663574e-06,-18.917850958646,63,1.4901161193847656e-08,-26.000000000000,7.082149041354,5.035556255458
44,static,8,1.8987034167139427e-12,-38.938122568944,37,2.2204460492503131e-16,-52.000000000000,13.061877431056,5.035556255458
44,static,12,1.622031904840186e-18,-59.096903510796,37,1.6543612251060553e-24,-79.000000000000,19.903096489204,5.035556255458
44,static,16,1.3079132852038661e-24,-79.339007384132,37,1.2325951644078309e-32,-106.000000000000,26.660992615868,5.035556255458
44,position_only,4,2.0936131477355957e-06,-18.865573679779,7,1.4901161193847656e-08,-26.000000000000,7.134426320221,5.049532366225
44,position_only,8,1.8128692991226103e-12,-39.004862222560,7,1.1102230246251565e-16,-53.000000000000,13.995137777440,5.049532366225
44,position_only,12,1.4740536359526652e-18,-59.234916687668,7,8.2718061255302767e-25,-80.000000000000,20.765083312332,5.049532366225
44,position_only,16,1.2116339175906157e-24,-79.449320407739,7,6.1629758220391547e-33,-107.000000000000,27.550679592261,5.049532366225
44,rotor,4,2.1904706954956055e-06,-18.800327655164,65,7.4505805969238281e-09,-27.000000000000,8.199672344836,4.996353105620
44,rotor,8,2.1253554471911684e-12,-38.775432999037,65,1.1102230246251565e-16,-53.000000000000,14.224567000963,4.996353105620
44,rotor,12,2.0220340634955029e-18,-58.778898406665,65,4.1359030627651384e-25,-81.000000000000,22.221101593335,4.996353105620
44,rotor,16,1.9666319910455688e-24,-78.750547260893,65,3.0814879110195774e-33,-108.000000000000,29.249452739107,4.996353105620
44,round_only,4,1.8924474716186523e-06,-19.011315313228,7,7.4505805969238281e-09,-27.000000000000,7.988684686772,5.010796429208
44,round_only,8,1.8839790838498516e-12,-38.949354190573,64,1.1102230246251565e-16,-53.000000000000,14.050645809427,5.010796429208
44,round_only,12,1.6327862350803527e-18,-59.087369782827,64,4.1359030627651384e-25,-81.000000000000,21.912630217173,5.010796429208
44,round_only,16,1.5336951742098829e-24,-79.109262505248,64,3.0814879110195774e-33,-108.000000000000,28.890737494752,5.010796429208
45,static,4,1.9967555999755859e-06,-18.933910809542,110,1.4901161193847656e-08,-26.000000000000,7.066089190458,5.015367215465
45,static,8,1.9152596175686654e-12,-38.925597172821,110,1.1102230246251565e-16,-53.000000000000,14.074402827179,5.015367215465
45,static,12,1.7373436222658571e-18,-58.997822580804,110,1.6543612251060553e-24,-79.000000000000,20.002177419196,5.015367215465
45,static,16,1.5278918182344884e-24,-79.114731879749,110,1.2325951644078309e-32,-106.000000000000,26.885268120251,5.015367215465
45,position_only,4,2.5667250156402588e-06,-18.571639827296,110,1.4901161193847656e-08,-26.000000000000,7.428360172704,4.942099546129
45,position_only,8,2.8886476544087714e-12,-38.332742898137,110,2.2204460492503131e-16,-52.000000000000,13.667257101863,4.942099546129
45,position_only,12,3.1683146416882518e-18,-58.130990093053,102,1.6543612251060553e-24,-79.000000000000,20.869009906947,4.942099546129
45,position_only,16,3.6285409874111932e-24,-77.866884710716,102,2.4651903288156619e-32,-105.000000000000,27.133115289284,4.942099546129
45,rotor,4,2.2724270820617676e-06,-18.747334567550,38,1.4901161193847656e-08,-26.000000000000,7.252665432450,5.007303500595
45,rotor,8,2.1702223351738326e-12,-38.745294287029,38,2.2204460492503131e-16,-52.000000000000,13.254705712971,5.007303500595
45,rotor,12,1.969877327344314e-18,-58.816599918262,38,3.3087224502121107e-24,-78.000000000000,19.183400081738,5.007303500595
45,rotor,16,1.8729705893095305e-24,-78.820946031742,38,2.4651903288156619e-32,-105.000000000000,26.179053968258,5.007303500595
45,round_only,4,2.2500753402709961e-06,-18.761595260675,110,1.4901161193847656e-08,-26.000000000000,7.238404739325,4.998894223801
45,round_only,8,2.2369606167416123e-12,-38.701597281684,110,1.1102230246251565e-16,-53.000000000000,14.298402718316,4.998894223801
45,round_only,12,2.0389880090291781e-18,-58.766852416858,110,8.2718061255302767e-25,-80.000000000000,21.233147583142,4.998894223801
45,round_only,16,2.0016287421849627e-24,-78.725099866298,110,6.1629758220391547e-33,-107.000000000000,28.274900133702,4.998894223801
46,static,4,2.2910535335540771e-06,-18.735557399773,14,1.4901161193847656e-08,-26.000000000000,7.264442600227,4.932407281698
46,static,8,2.7463309404396341e-12,-38.405631653963,14,1.1102230246251565e-16,-53.000000000000,14.594368346037,4.932407281698
46,static,12,3.0759023338465573e-18,-58.173696012447,14,1.6543612251060553e-24,-79.000000000000,20.826303987553,4.932407281698
46,static,16,3.5177214334301503e-24,-77.911633036249,14,1.2325951644078309e-32,-106.000000000000,28.088366963751,4.932407281698
46,position_only,4,2.3543834686279297e-06,-18.696219251823,85,1.4901161193847656e-08,-26.000000000000,7.303780748177,4.990455328002
46,position_only,8,2.3707841245723671e-12,-38.617772836684,65,1.1102230246251565e-16,-53.000000000000,14.382227163316,4.990455328002
46,position_only,12,2.2795986158013325e-18,-58.605925886201,65,1.6543612251060553e-24,-79.000000000000,20.394074113799,4.990455328002
46,position_only,16,2.2243261365181307e-24,-78.572905942004,65,2.4651903288156619e-32,-105.000000000000,26.427094057996,4.990455328002
46,rotor,4,2.1569430828094482e-06,-18.822580462011,112,1.4901161193847656e-08,-26.000000000000,7.177419537989,5.002944125362
46,rotor,8,2.1132956495861777e-12,-38.783642524544,112,1.1102230246251565e-16,-53.000000000000,14.216357475456,5.002944125362
46,rotor,12,1.9681241697347962e-18,-58.817884464221,112,8.2718061255302767e-25,-80.000000000000,21.182115535779,5.002944125362
46,rotor,16,1.8350925059952614e-24,-78.850421486938,112,6.1629758220391547e-33,-107.000000000000,28.149578513062,5.002944125362
46,round_only,4,1.9259750843048096e-06,-18.985979529685,117,1.4901161193847656e-08,-26.000000000000,7.014020470315,5.007800975589
46,round_only,8,1.788957870729746e-12,-39.024017725772,117,1.1102230246251565e-16,-53.000000000000,13.975982274228,5.007800975589
46,round_only,12,1.6509372660567569e-18,-59.071420407630,117,8.2718061255302767e-25,-80.000000000000,20.928579592370,5.007800975589
46,round_only,16,1.5714350383468682e-24,-79.074191643590,117,6.1629758220391547e-33,-107.000000000000,27.925808356410,5.007800975589
47,static,4,2.689659595489502e-06,-18.504144973113,59,1.4901161193847656e-08,-26.000000000000,7.495855026887,4.910643418729
47,static,8,3.2377711622899596e-12,-38.168136115545,127,1.1102230246251565e-16,-53.000000000000,14.831863884455,4.910643418729
47,static,12,3.8419040996084919e-18,-57.852884200616,127,8.2718061255302767e-25,-80.000000000000,22.147115799384,4.910643418729
47,static,16,4.9535623666667284e-24,-77.417807861141,127,1.2325951644078309e-32,-106.000000000000,28.582192138859,4.910643418729
47,position_only,4,2.4139881134033203e-06,-18.660149997115,90,2.9802322387695312e-08,-25.000000000000,6.339850002885,4.938089846625
47,position_only,8,2.6802587926866295e-12,-38.440764831659,90,2.2204460492503131e-16,-52.000000000000,13.559235168341,4.938089846625
47,position_only,12,3.0031597605859143e-18,-58.208224483269,90,1.6543612251060553e-24,-79.000000000000,20.791775516731,4.938089846625
47,position_only,16,3.5163521109137935e-24,-77.912194734906,90,1.2325951644078309e-32,-106.000000000000,28.087805265094,4.938089846625
47,rotor,4,2.3022294044494629e-06,-18.728536972096,44,1.4901161193847656e-08,-26.000000000000,7.271463027904,4.978830175049
47,rotor,8,2.3568230700377057e-12,-38.626293681104,44,1.1102230246251565e-16,-53.000000000000,14.373706318896,4.978830175049
47,rotor,12,2.3359844162317753e-18,-58.570675058198,44,8.2718061255302767e-25,-80.000000000000,21.429324941802,4.978830175049
47,rotor,16,2.3973858051930766e-24,-78.464812180387,44,6.1629758220391547e-33,-107.000000000000,28.535187819613,4.978830175049
47,round_only,4,2.4251639842987061e-06,-18.653486266834,44,1.4901161193847656e-08,-26.000000000000,7.346513733166,4.985084062367
47,round_only,8,2.3667595661081009e-12,-38.620223985344,44,1.1102230246251565e-16,-53.000000000000,14.379776014656,4.985084062367
47,round_only,12,2.3402569591919765e-18,-58.568038762181,44,1.6543612251060553e-24,-79.000000000000,20.431961237819,4.985084062367
47,round_only,16,2.3854676216442527e-24,-78.472002172786,44,1.2325951644078309e-32,-106.000000000000,27.527997827214,4.985084062367
48,static,4,2.1718442440032959e-06,-18.812647926800,45,1.4901161193847656e-08,-26.000000000000,7.187352073200,4.999424689770
48,static,8,2.1112278592028133e-12,-38.785054845325,45,1.1102230246251565e-16,-53.000000000000,14.214945154675,4.999424689770
48,static,12,2.0493785865949746e-18,-58.759519186507,45,1.6543612251060553e-24,-79.000000000000,20.240480813493,4.999424689770
48,static,16,1.8826766880502371e-24,-78.813489010003,45,1.2325951644078309e-32,-106.000000000000,27.186510989997,4.999424689770
48,position_only,4,2.9765069484710693e-06,-18.357948307072,65,1.4901161193847656e-08,-26.000000000000,7.642051692928,4.947005596775
48,position_only,8,3.6027847372110955e-12,-38.014024683896,65,2.2204460492503131e-16,-52.000000000000,13.985975316104,4.947005596775
48,position_only,12,3.7548751348920807e-18,-57.885940775005,65,3.3087224502121107e-24,-78.000000000000,20.114059224995,4.947005596775
48,position_only,16,4.0903473945426657e-24,-77.694050900364,65,2.4651903288156619e-32,-105.000000000000,27.305949099636,4.947005596775
48,rotor,4,2.7939677238464355e-06,-18.449253214617,54,1.4901161193847656e-08,-26.000000000000,7.550746785383,4.996172127389
48,rotor,8,2.7313290518193867e-12,-38.413534008056,54,2.2204460492503131e-16,-52.000000000000,13.586465991944,4.996172127389
48,rotor,12,2.5776552100552812e-18,-58.428646407814,54,1.6543612251060553e-24,-79.000000000000,20.571353592186,4.996172127389
48,rotor,16,2.5194290531553694e-24,-78.393177446550,54,2.4651903288156619e-32,-105.000000000000,26.606822553450,4.996172127389
48,round_only,4,1.9147992134094238e-06,-18.994375450806,85,1.4901161193847656e-08,-26.000000000000,7.005624549194,4.973162947062
48,round_only,8,2.3826912665114719e-12,-38.610545109960,72,1.1102230246251565e-16,-53.000000000000,14.389454890040,4.973162947062
48,round_only,12,2.2743021783391554e-18,-58.609281755313,72,1.6543612251060553e-24,-79.000000000000,20.390718244687,4.973162947062
48,round_only,16,2.1277152373983235e-24,-78.636969196516,72,2.4651903288156619e-32,-105.000000000000,26.363030803484,4.973162947062
49,static,4,2.8721988201141357e-06,-18.409412950085,90,1.4901161193847656e-08,-26.000000000000,7.590587049915,4.981941973290
49,static,8,2.8908681004580217e-12,-38.331634353132,90,1.1102230246251565e-16,-53.000000000000,14.668365646868,4.981941973290
49,static,12,2.8571541106641794e-18,-58.280126852764,90,8.2718061255302767e-25,-80.000000000000,21.719873147236,4.981941973290
49,static,16,2.9088841690885172e-24,-78.185808427407,90,1.2325951644078309e-32,-106.000000000000,27.814191572593,4.981941973290
49,position_only,4,1.9222497940063477e-06,-18.988772744577,115,1.4901161193847656e-08,-26.000000000000,7.011227255423,4.978623527936
49,position_only,8,1.8838819393351969e-12,-38.949428582866,37,1.1102230246251565e-16,-53.000000000000,14.050571417134,4.978623527936
49,position_only,12,2.0237029520801169e-18,-58.777708167452,37,8.2718061255302767e-25,-80.000000000000,21.222291832548,4.978623527936
49,position_only,16,1.9524437999603641e-24,-78.760993255529,37,1.2325951644078309e-32,-106.000000000000,27.239006744471,4.978623527936
49,rotor,4,2.1457672119140625e-06,-18.830074998558,86,1.4901161193847656e-08,-26.000000000000,7.169925001442,4.975569312327
49,rotor,8,2.0876633755051444e-12,-38.801248034806,18,5.5511151231257827e-17,-54.000000000000,15.198751965194,4.975569312327
49,rotor,12,2.2135754891503992e-18,-58.648327133739,8,8.2718061255302767e-25,-80.000000000000,21.351672866261,4.975569312327
49,rotor,16,2.2516274590083862e-24,-78.555306129941,8,6.1629758220391547e-33,-107.000000000000,28.444693870059,4.975569312327
49,round_only,4,2.0936131477355957e-06,-18.865573679779,2,1.4901161193847656e-08,-26.000000000000,7.134426320221,4.983163968532
49,round_only,8,2.1417867479556207e-12,-38.764322296741,8,2.2204460492503131e-16,-52.000000000000,13.235677703259,4.983163968532
49,round_only,12,2.1367547603735049e-18,-58.699284371475,8,1.6543612251060553e-24,-79.000000000000,20.300715628525,4.983163968532
49,round_only,16,2.0899982128645487e-24,-78.662772568623,8,2.4651903288156619e-32,-105.000000000000,26.337227431377,4.983163968532
50,static,4,2.3096799850463867e-06,-18.723875594726,106,1.4901161193847656e-08,-26.000000000000,7.276124405274,4.954729045234
50,static,8,2.4495683259573298e-12,-38.570609605286,124,1.1102230246251565e-16,-53.000000000000,14.429390394714,4.954729045234
50,static,12,2.6951461348047233e-18,-58.364342207818,124,8.2718061255302767e-25,-80.000000000000,21.635657792182,4.954729045234
50,static,16,2.9024186144573682e-24,-78.189018663665,124,6.1629758220391547e-33,-107.000000000000,28.810981336335,4.954729045234
50,position_only,4,2.3432075977325439e-06,-18.703083793121,106,7.4505805969238281e-09,-27.000000000000,8.296916206879,5.016131657876
50,position_only,8,2.1414814366238488e-12,-38.764527967330,106,2.7755575615628914e-17,-55.000000000000,16.235472032670,5.016131657876
50,position_only,12,1.9310917589998917e-18,-58.845288990028,106,2.0679515313825692e-25,-82.000000000000,23.154711009972,5.016131657876
50,position_only,16,1.783884307534315e-24,-78.891252223899,106,1.5407439555097887e-33,-109.000000000000,30.108747776101,5.016131657876
50,rotor,4,2.3134052753448486e-06,-18.721550541780,34,7.4505805969238281e-09,-27.000000000000,8.278449458220,4.999152497133
50,rotor,8,2.3330781750985352e-12,-38.640902489733,34,5.5511151231257827e-17,-54.000000000000,15.359097510267,4.999152497133
50,rotor,12,2.2174254979139507e-18,-58.645820074966,34,4.1359030627651384e-25,-81.000000000000,22.354179925034,4.999152497133
50,rotor,16,2.024636579613139e-24,-78.708611308481,34,3.0814879110195774e-33,-108.000000000000,29.291388691519,4.999152497133
50,round_only,4,2.0079314708709717e-06,-18.925858537247,25,1.4901161193847656e-08,-26.000000000000,7.074141462753,4.999257158595
50,round_only,8,1.9273888041126952e-12,-38.916489508797,25,1.1102230246251565e-16,-53.000000000000,14.083510491203,4.999257158595
50,round_only,12,1.8639187995987214e-18,-58.896366696676,118,8.2718061255302767e-25,-80.000000000000,21.103633303324,4.999257158595
50,round_only,16,1.7454665241458111e-24,-78.922661589218,118,6.1629758220391547e-33,-107.000000000000,28.077338410782,4.999257158595
51,static,4,1.7918646335601807e-06,-19.090106916230,58,1.4901161193847656e-08,-26.000000000000,6.909893083770,5.036242458235
51,static,8,1.4287876437535374e-12,-39.348345629541,83,5.5511151231257827e-17,-54.000000000000,14.651654370459,5.036242458235
51,static,12,1.3271664182931019e-18,-59.386356421068,83,4.1359030627651384e-25,-81.000000000000,21.613643578932,5.036242458235
51,static,16,1.1216362243285509e-24,-79.560669428849,83,3.0814879110195774e-33,-108.000000000000,28.439330571151,5.036242458235
51,position_only,4,2.1830201148986816e-06,-18.805243145578,0,7.4505805969238281e-09,-27.000000000000,8.194756854422,4.930719165468
51,position_only,8,2.7672170110903949e-12,-38.394701351026,0,1.1102230246251565e-16,-53.000000000000,14.605298648974,4.930719165468
51,position_only,12,3.0748196061235137e-18,-58.174203935239,0,8.2718061255302767e-25,-80.000000000000,21.825796064761,4.930719165468
51,position_only,16,3.4135584460788037e-24,-77.954997823750,0,3.0814879110195774e-33,-108.000000000000,30.045002176250,4.930719165468
51,rotor,4,2.2314488887786865e-06,-18.773587807211,32,7.4505805969238281e-09,-27.000000000000,8.226412192789,4.978541894528
51,rotor,8,2.461295056654933e-12,-38.563719522194,25,5.5511151231257827e-17,-54.000000000000,15.436280477806,4.978541894528
51,rotor,12,2.3091194510924312e-18,-58.587362902101,25,4.1359030627651384e-25,-81.000000000000,22.412637097899,4.978541894528
51,rotor,16,2.3729400779054775e-24,-78.479598607612,25,3.0814879110195774e-33,-108.000000000000,29.520401392388,4.978541894528
51,round_only,4,2.2426247596740723e-06,-18.766380323240,40,1.4901161193847656e-08,-26.000000000000,7.233619676760,4.971875336072
51,round_only,8,2.3728380371679236e-12,-38.616523508807,93,1.1102230246251565e-16,-53.000000000000,14.383476491193,4.971875336072
51,round_only,12,2.3623527111120696e-18,-58.554481325548,93,1.6543612251060553e-24,-79.000000000000,20.445518674452,4.971875336072
51,round_only,16,2.4866591095955527e-24,-78.412065531947,93,2.4651903288156619e-32,-105.000000000000,26.587934468053,4.971875336072
52,static,4,2.991408109664917e-06,-18.350743822483,93,1.4901161193847656e-08,-26.000000000000,7.649256177517,4.981861880680
52,static,8,2.8036462040859078e-12,-38.375832833456,93,1.1102230246251565e-16,-53.000000000000,14.624167166544,4.981861880680
52,static,12,2.9918124969429119e-18,-58.213685946586,93,8.2718061255302767e-25,-80.000000000000,21.786314053414,4.981861880680
52,static,16,2.9553378843847691e-24,-78.162951193845,93,6.1629758220391547e-33,-107.000000000000,28.837048806155,4.981861880680
52,position_only,4,2.3767352104187012e-06,-18.682587386235,62,7.4505805969238281e-09,-27.000000000000,8.317412613765,5.010599782152
52,position_only,8,2.4674706722294104e-12,-38.560104201396,36,1.1102230246251565e-16,-53.000000000000,14.439895798604,5.010599782152
52,position_only,12,2.0374114544804403e-18,-58.767968346522,36,8.2718061255302767e-25,-80.000000000000,21.232031653478,5.010599782152
52,position_only,16,1.9610747271243872e-24,-78.754629766551,36,6.1629758220391547e-33,-107.000000000000,28.245370233449,5.010599782152
52,rotor,4,1.9408762454986572e-06,-18.974860437721,80,1.4901161193847656e-08,-26.000000000000,7.025139562279,4.979067750086
52,rotor,8,2.1048857101746421e-12,-38.789395237823,80,1.1102230246251565e-16,-53.000000000000,14.210604762177,4.979067750086
52,rotor,12,2.119270178476877e-18,-58.711138184301,80,8.2718061255302767e-25,-80.000000000000,21.288861815699,4.979067750086
52,rotor,16,2.0061435202569188e-24,-78.721849456712,80,1.2325951644078309e-32,-106.000000000000,27.278150543288,4.979067750086
52,round_only,4,1.9744038581848145e-06,-18.950151450549,93,1.4901161193847656e-08,-26.000000000000,7.049848549451,5.021234290688
52,round_only,8,1.7546797348444443e-12,-39.051929405620,107,5.5511151231257827e-17,-54.000000000000,14.948070594380,5.021234290688
52,round_only,12,1.6159674818780417e-18,-59.102307540950,55,4.1359030627651384e-25,-81.000000000000,21.897692459050,5.021234290688
52,round_only,16,1.4238445655986969e-24,-79.216482614616,107,3.0814879110195774e-33,-108.000000000000,28.783517385384,5.021234290688
53,static,4,2.4139881134033203e-06,-18.660149997115,16,1.4901161193847656e-08,-26.000000000000,7.339850002885,4.938710012318
53,static,8,2.6941504582822517e-12,-38.433306716446,16,5.5511151231257827e-17,-54.000000000000,15.566693283554,4.938710012318
53,static,12,3.0579783639482989e-18,-58.182127508708,16,4.1359030627651384e-25,-81.000000000000,22.817872491292,4.938710012318
53,static,16,3.4812313978713082e-24,-77.926676563934,16,3.0814879110195774e-33,-108.000000000000,30.073323436066,4.938710012318
53,position_only,4,2.6300549507141113e-06,-18.536475626729,18,1.4901161193847656e-08,-26.000000000000,7.463524373271,4.985210806687
53,position_only,8,2.7097074584148118e-12,-38.425000032854,16,2.2204460492503131e-16,-52.000000000000,13.574999967146,4.985210806687
53,position_only,12,2.8005318916749113e-18,-58.309004850586,16,1.6543612251060553e-24,-79.000000000000,20.690995149414,4.985210806687
53,position_only,16,2.5461595646768476e-24,-78.377951443307,16,1.2325951644078309e-32,-106.000000000000,27.622048556693,4.985210806687
53,rotor,4,2.0302832126617432e-06,-18.909887580336,14,7.4505805969238281e-09,-27.000000000000,8.090112419664,4.983084106578
53,rotor,8,2.3261115256190124e-12,-38.645216870040,75,1.1102230246251565e-16,-53.000000000000,14.354783129960,4.983084106578
53,rotor,12,2.1100545592724237e-18,-58.717425405071,75,8.2718061255302767e-25,-80.000000000000,21.282574594929,4.983084106578
53,rotor,16,2.0936226743529294e-24,-78.660272823037,75,6.1629758220391547e-33,-107.000000000000,28.339727176963,4.983084106578
53,round_only,4,2.0563602447509766e-06,-18.891475543222,75,1.4901161193847656e-08,-26.000000000000,7.108524456778,4.999080570686
53,round_only,8,2.058145320837923e-12,-38.821792287490,109,1.1102230246251565e-16,-53.000000000000,14.178207712510,4.999080570686
53,round_only,12,1.8142523423804117e-18,-58.935330575269,109,8.2718061255302767e-25,-80.000000000000,21.064669424731,4.999080570686
53,round_only,16,1.8466415939295212e-24,-78.841370389772,109,6.1629758220391547e-33,-107.000000000000,28.158629610228,4.999080570686
54,static,4,1.9632279872894287e-06,-18.958340848363,82,1.4901161193847656e-08,-26.000000000000,7.041659151637,5.014634354943
54,static,8,1.9395318684445328e-12,-38.907428657665,46,2.2204460492503131e-16,-52.000000000000,13.092571342335,5.014634354943
54,static,12,1.6741915878223071e-18,-59.051241074358,46,3.3087224502121107e-24,-78.000000000000,18.948758925642,5.014634354943
54,static,16,1.5376702658817069e-24,-79.105528108703,46,4.9303806576313238e-32,-104.000000000000,24.894471891297,5.014634354943
54,position_only,4,2.1904706954956055e-06,-18.800327655164,102,1.4901161193847656e-08,-26.000000000000,7.199672344836,4.912706049932
54,position_only,8,2.7417096370996319e-12,-38.408061349186,92,1.1102230246251565e-16,-53.000000000000,14.591938650814,4.912706049932
54,position_only,12,3.3402123889513919e-18,-58.054765867924,92,4.1359030627651384e-25,-81.000000000000,22.945234132076,4.912706049932
54,position_only,16,3.9233901196374282e-24,-77.754173481346,92,6.1629758220391547e-33,-107.000000000000,29.245826518654,4.912706049932
54,rotor,4,1.8067657947540283e-06,-19.078159062926,24,1.4901161193847656e-08,-26.000000000000,6.921840937074,4.987922234795
54,rotor,8,1.8776369348216804e-12,-38.954219012275,92,1.1102230246251565e-16,-53.000000000000,14.045780987725,4.987922234795
54,rotor,12,1.8505102535680251e-18,-58.906782578424,92,8.2718061255302767e-25,-80.000000000000,21.093217421576,4.987922234795
54,rotor,16,1.7330820271203184e-24,-78.932934338137,92,6.1629758220391547e-33,-107.000000000000,28.067065661863,4.987922234795
54,round_only,4,1.9967555999755859e-06,-18.933910809542,67,1.4901161193847656e-08,-26.000000000000,7.066089190458,4.999133556326
54,round_only,8,2.0475288131649449e-12,-38.829253384795,67,1.1102230246251565e-16,-53.000000000000,14.170746615205,4.999133556326
54,round_only,12,1.8628979036264661e-18,-58.897157098625,67,1.6543612251060553e-24,-79.000000000000,20.102842901375,4.999133556326
54,round_only,16,1.7734401232980341e-24,-78.899723655949,67,1.2325951644078309e-32,-106.000000000000,27.100276344051,4.999133556326
55,static,4,2.3245811462402344e-06,-18.714597781138,20,1.4901161193847656e-08,-26.000000000000,7.285402218862,4.937214472718
55,static,8,2.7061269891603956e-12,-38.426907597067,20,1.1102230246251565e-16,-53.000000000000,14.573092402933,4.937214472718
55,static,12,3.0346917821388592e-18,-58.193155711083,20,8.2718061255302767e-25,-80.000000000000,21.806844288917,4.937214472718
55,static,16,3.4126668061887635e-24,-77.955374712706,20,6.1629758220391547e-33,-107.000000000000,29.044625287294,4.937214472718
55,position_only,4,1.6316771507263184e-06,-19.225212940399,46,1.4901161193847656e-08,-26.000000000000,6.774787059601,5.046981702015
55,position_only,8,1.4551831961640005e-12,-39.321936350078,65,1.1102230246251565e-16,-53.000000000000,13.678063649922,5.046981702015
55,position_only,12,1.2212577798782039e-18,-59.506337955232,65,8.2718061255302767e-25,-80.000000000000,20.493662044768,5.046981702015
55,position_only,16,9.5667834338765035e-25,-79.790168432220,65,6.1629758220391547e-33,-107.000000000000,27.209831567780,5.046981702015
55,rotor,4,2.3245811462402344e-06,-18.714597781138,10,2.9802322387695312e-08,-25.000000000000,6.285402218862,4.964487318174
55,rotor,8,2.3613888622264767e-12,-38.623501501397,65,1.1102230246251565e-16,-53.000000000000,14.376498498603,4.964487318174
55,rotor,12,2.5675179048532907e-18,-58.434331370610,65,8.2718061255302767e-25,-80.000000000000,21.565668629390,4.964487318174
55,rotor,16,2.6797941997727689e-24,-78.304152067049,65,1.2325951644078309e-32,-106.000000000000,27.695847932951,4.964487318174
55,round_only,4,2.4996697902679443e-06,-18.609831043800,2,2.9802322387695312e-08,-25.000000000000,6.390168956200,4.958959139755
55,round_only,8,2.5939667080976392e-12,-38.487977175007,2,1.1102230246251565e-16,-53.000000000000,14.512022824993,4.958959139755
55,round_only,12,2.6469857149879312e-18,-58.390355298924,2,1.6543612251060553e-24,-79.000000000000,20.609644701076,4.958959139755
55,round_only,16,3.0975210316727542e-24,-78.095160199229,2,2.4651903288156619e-32,-105.000000000000,26.904839800771,4.958959139755
56,static,4,2.1085143089294434e-06,-18.855341757168,36,1.4901161193847656e-08,-26.000000000000,7.144658242832,4.954464057552
56,static,8,2.3860219355853474e-12,-38.608529832323,8,1.1102230246251565e-16,-53.000000000000,14.391470167677,4.954464057552
56,static,12,2.5500170378383532e-18,-58.444198821546,8,8.2718061255302767e-25,-80.000000000000,21.555801178454,4.954464057552
56,static,16,2.6819854598855835e-24,-78.302972861459,8,1.2325951644078309e-32,-106.000000000000,27.697027138541,4.954464057552
56,position_only,4,1.8849968910217285e-06,-19.017006425306,8,1.4901161193847656e-08,-26.000000000000,6.982993574694,5.029031911278
56,position_only,8,1.6281420656127921e-12,-39.159910549356,107,1.1102230246251565e-16,-53.000000000000,13.840089450644,5.029031911278
56,position_only,12,1.433442790189068e-18,-59.275221381321,107,8.2718061255302767e-25,-80.000000000000,20.724778618679,5.029031911278
56,position_only,16,1.283971024700086e-24,-79.365661631685,107,6.1629758220391547e-33,-107.000000000000,27.634338368315,5.029031911278
56,rotor,4,1.9632279872894287e-06,-18.958340848363,35,1.4901161193847656e-08,-26.000000000000,7.041659151637,5.050260397477
56,rotor,8,1.6291551441227625e-12,-39.159013140679,35,1.1102230246251565e-16,-53.000000000000,13.840986859321,5.050260397477
56,rotor,12,1.3220232160394003e-18,-59.391958195748,35,8.2718061255302767e-25,-80.000000000000,20.608041804252,5.050260397477
56,rotor,16,1.1293112381202787e-24,-79.550831129705,35,6.1629758220391547e-33,-107.000000000000,27.449168870295,5.050260397477
56,round_only,4,1.8253922462463379e-06,-19.063362060997,124,1.4901161193847656e-08,-26.000000000000,6.936637939003,5.048950285126
56,round_only,8,1.5093065686144769e-12,-39.269251264461,64,5.5511151231257827e-17,-54.000000000000,14.730748735539,5.048950285126
56,round_only,12,1.2431178887212959e-18,-59.480742589853,92,8.2718061255302767e-25,-80.000000000000,20.519257410147,5.048950285126
56,round_only,16,1.05755951645444e-24,-79.645535420876,92,6.1629758220391547e-33,-107.000000000000,27.354464579124,5.048950285126
57,static,4,2.5890767574310303e-06,-18.559130832389,19,1.4901161193847656e-08,-26.000000000000,7.440869167611,4.874405242741
57,static,8,3.8067465846225446e-12,-37.934578605858,19,5.5511151231257827e-17,-54.000000000000,16.065421394142,4.874405242741
57,static,12,5.4689745166561032e-18,-57.343435368270,19,8.2718061255302767e-25,-80.000000000000,22.656564631730,4.874405242741
57,static,16,6.2536239257249704e-24,-77.081581814798,19,3.0814879110195774e-33,-108.000000000000,30.918418185202,4.874405242741
57,position_only,4,2.3804605007171631e-06,-18.680327879053,79,1.4901161193847656e-08,-26.000000000000,7.319672120947,4.935853685205
57,position_only,8,2.9636293419343929e-12,-38.295772116103,79,1.1102230246251565e-16,-53.000000000000,14.704227883897,4.935853685205
57,position_only,12,3.2328257338782265e-18,-58.101909967179,79,1.6543612251060553e-24,-79.000000000000,20.898090032821,4.935853685205
57,position_only,16,3.5716974520661657e-24,-77.889664398095,79,1.2325951644078309e-32,-106.000000000000,28.110335601905,4.935853685205
57,rotor,4,2.3022294044494629e-06,-18.728536972096,62,1.4901161193847656e-08,-26.000000000000,7.271463027904,4.978576437271
57,rotor,8,2.5930646518901312e-12,-38.488478961845,62,1.1102230246251565e-16,-53.000000000000,14.511521038155,4.978576437271
57,rotor,12,2.4056535999264775e-18,-58.528276790166,62,8.2718061255302767e-25,-80.000000000000,21.471723209834,4.978576437271
57,rotor,16,2.4565791979003512e-24,-78.429623526270,62,6.1629758220391547e-33,-107.000000000000,28.570376473730,4.978576437271
57,round_only,4,1.9855797290802002e-06,-18.942008277241,99,1.4901161193847656e-08,-26.000000000000,7.057991722759,4.971334784239
57,round_only,8,2.111172348051582e-12,-38.785092779040,79,1.1102230246251565e-16,-53.000000000000,14.214907220960,4.971334784239
57,round_only,12,2.1259494551280896e-18,-58.706598411058,79,8.2718061255302767e-25,-80.000000000000,21.293401588942,4.971334784239
57,round_only,16,2.2042747941475832e-24,-78.585970189757,79,6.1629758220391547e-33,-107.000000000000,28.414029810243,4.971334784239
58,static,4,2.3879110813140869e-06,-18.675819453381,42,1.4901161193847656e-08,-26.000000000000,7.324180546619,5.048746490718
58,static,8,1.9042267762614529e-12,-38.933931837783,42,1.1102230246251565e-16,-53.000000000000,14.066068162217,5.048746490718
58,static,12,1.6855221527566936e-18,-59.041510119237,42,1.6543612251060553e-24,-79.000000000000,19.958489880763,5.048746490718
58,static,16,1.3531868303043544e-24,-79.289913235805,42,1.2325951644078309e-32,-106.000000000000,26.710086764195,5.048746490718
58,position_only,4,2.7902424335479736e-06,-18.451178091541,42,1.4901161193847656e-08,-26.000000000000,7.548821908459,5.062833162583
58,position_only,8,2.0683871282400901e-12,-38.814630906708,42,1.1102230246251565e-16,-53.000000000000,14.185369093292,5.062833162583
58,position_only,12,1.7265374381410409e-18,-59.006824090124,42,8.2718061255302767e-25,-80.000000000000,20.993175909876,5.062833162583
58,position_only,16,1.4155719494193283e-24,-79.224889198182,42,1.2325951644078309e-32,-106.000000000000,26.775110801818,5.062833162583
58,rotor,4,1.9147992134094238e-06,-18.994375450806,47,7.4505805969238281e-09,-27.000000000000,8.005624549194,5.028904219866
58,rotor,8,1.6502771371662561e-12,-39.140428816698,47,5.5511151231257827e-17,-54.000000000000,14.859571183302,5.028904219866
58,rotor,12,1.5237779958138536e-18,-59.187052980777,11,4.1359030627651384e-25,-81.000000000000,21.812947019223,5.028904219866
58,rotor,16,1.2852514291494333e-24,-79.364223660987,11,3.0814879110195774e-33,-108.000000000000,28.635776339013,5.028904219866
58,round_only,4,1.8477439880371094e-06,-19.045803689613,46,1.4901161193847656e-08,-26.000000000000,6.954196310387,5.029765362906
58,round_only,8,1.6481260800560449e-12,-39.142310527126,62,1.1102230246251565e-16,-53.000000000000,13.857689472874,5.029765362906
58,round_only,12,1.3791144981347743e-18,-59.330963469370,94,8.2718061255302767e-25,-80.000000000000,20.669036530630,5.029765362906
58,round_only,16,1.271457638664925e-24,-79.379790880944,62,1.2325951644078309e-32,-106.000000000000,26.620209119056,5.029765362906
59,static,4,2.3730099201202393e-06,-18.684850437744,94,1.4901161193847656e-08,-26.000000000000,7.315149562256,4.930007933821
59,static,8,3.3250624476011126e-12,-38.129755702697,10,1.1102230246251565e-16,-53.000000000000,14.870244297303,4.930007933821
59,static,12,3.4701909492158174e-18,-57.999690657876,10,4.1359030627651384e-25,-81.000000000000,23.000309342124,4.930007933821
59,static,16,3.8139776082810748e-24,-77.794977903629,10,3.0814879110195774e-33,-108.000000000000,30.205022096371,4.930007933821
59,position_only,4,2.7045607566833496e-06,-18.496174262004,51,1.4901161193847656e-08,-26.000000000000,7.503825737996,4.938489838527
59,position_only,8,3.4222902289826607e-12,-38.088175025180,10,1.1102230246251565e-16,-53.000000000000,14.911824974820,4.938489838527
59,position_only,12,3.7660049534315583e-18,-57.881670810440,10,1.6543612251060553e-24,-79.000000000000,21.118329189560,4.938489838527
59,position_only,16,3.9487629501186915e-24,-77.744873513943,10,1.2325951644078309e-32,-106.000000000000,28.255126486057,4.938489838527
59,rotor,4,2.0079314708709717e-06,-18.925858537247,10,1.4901161193847656e-08,-26.000000000000,7.074141462753,4.947580611651
59,rotor,8,2.3662322101714039e-12,-38.620545479162,51,1.1102230246251565e-16,-53.000000000000,14.379454520838,4.947580611651
59,rotor,12,2.5441727483167246e-18,-58.447509075606,51,8.2718061255302767e-25,-80.000000000000,21.552490924394,4.947580611651
59,rotor,16,2.7163363211439919e-24,-78.284612160451,51,1.2325951644078309e-32,-106.000000000000,27.715387839549,4.947580611651
59,round_only,4,2.1643936634063721e-06,-18.817605646595,97,1.4901161193847656e-08,-26.000000000000,7.182394353405,4.950306480599
59,round_only,8,2.3896301604153791e-12,-38.606349786979,10,1.1102230246251565e-16,-53.000000000000,14.393650213021,4.950306480599
59,round_only,12,2.6347646384253431e-18,-58.397031615234,10,8.2718061255302767e-25,-80.000000000000,21.602968384766,4.950306480599
59,round_only,16,2.8313226522931079e-24,-78.224798111826,10,6.1629758220391547e-33,-107.000000000000,28.775201888174,4.950306480599
60,static,4,2.7790665626525879e-06,-18.456968179745,29,1.4901161193847656e-08,-26.000000000000,7.543031820255,4.926529812783
60,static,8,3.505737367071049e-12,-38.053419218254,29,5.5511151231257827e-17,-54.000000000000,15.946580781746,4.926529812783
60,static,12,4.0169227993227946e-18,-57.788614973277,29,4.1359030627651384e-25,-81.000000000000,23.211385026723,4.926529812783
60,static,16,4.4711331569649469e-24,-77.565633765182,29,3.0814879110195774e-33,-108.000000000000,30.434366234818,4.926529812783
60,position_only,4,3.0584633350372314e-06,-18.318761588222,100,7.4505805969238281e-09,-27.000000000000,8.681238411778,4.900958540850
60,position_only,8,3.4467290133122219e-12,-38.077909262200,90,2.7755575615628914e-17,-55.000000000000,16.922090737800,4.900958540850
60,position_only,12,4.5927405428150325e-18,-57.595350424123,90,2.0679515313825692e-25,-82.000000000000,24.404649575877,4.900958540850
60,position_only,16,5.926632214107176e-24,-77.159061745579,90,1.5407439555097887e-33,-109.000000000000,31.840938254421,4.900958540850
60,rotor,4,1.9408762454986572e-06,-18.974860437721,80,7.4505805969238281e-09,-27.000000000000,8.025139562279,4.977673959213
60,rotor,8,2.2793988918579089e-12,-38.674483722185,80,1.1102230246251565e-16,-53.000000000000,14.325516277815,4.977673959213
60,rotor,12,2.3607568212165134e-18,-58.555456269072,80,8.2718061255302767e-25,-80.000000000000,21.444543730928,4.977673959213
60,rotor,16,2.013099618104181e-24,-78.716855711600,80,6.1629758220391547e-33,-107.000000000000,28.283144288400,4.977673959213
60,round_only,4,2.1830201148986816e-06,-18.805243145578,91,1.4901161193847656e-08,-26.000000000000,7.194756854422,4.973526158727
60,round_only,8,2.2251922526805856e-12,-38.709207150881,91,1.1102230246251565e-16,-53.000000000000,14.290792849119,4.973526158727
60,round_only,12,2.4145461534029405e-18,-58.522953667469,91,8.2718061255302767e-25,-80.000000000000,21.477046332531,4.973526158727
60,round_only,16,2.3164751204910952e-24,-78.514343089740,91,3.0814879110195774e-33,-108.000000000000,29.485656910260,4.973526158727
61,static,4,2.2165477275848389e-06,-18.783254141805,44,1.4901161193847656e-08,-26.000000000000,7.216745858195,4.960712659691
61,static,8,2.405048382669861e-12,-38.597071221478,38,5.5511151231257827e-17,-54.000000000000,15.402928778522,4.960712659691
61,static,12,2.5646621154872397e-18,-58.435936939224,119,8.2718061255302767e-25,-80.000000000000,21.564063060776,4.960712659691
61,static,16,2.6631614866685397e-24,-78.313134365101,38,3.0814879110195774e-33,-108.000000000000,29.686865634899,4.960712659691
61,position_only,4,3.3229589462280273e-06,-18.199100100080,67,1.4901161193847656e-08,-26.000000000000,7.800899899920,4.928933025281
61,position_only,8,3.8550135306181232e-12,-37.916401214819,4,1.1102230246251565e-16,-53.000000000000,15.083598785181,4.928933025281
61,position_only,12,4.5054972866211818e-18,-57.623019358127,4,8.2718061255302767e-25,-80.000000000000,22.376980641873,4.928933025281
61,position_only,16,5.1943379763942466e-24,-77.349334389387,4,6.1629758220391547e-33,-107.000000000000,29.650665610613,4.928933025281
61,rotor,4,2.4475157260894775e-06,-18.640250439678,23,1.4901161193847656e-08,-26.000000000000,7.359749560322,4.949478136569
61,rotor,8,2.9862223804855148e-12,-38.284815533364,67,1.1102230246251565e-16,-53.000000000000,14.715184466636,4.949478136569
61,rotor,12,3.1806224688175815e-18,-58.125396569886,67,8.2718061255302767e-25,-80.000000000000,21.874603430114,4.949478136569
61,rotor,16,3.2637013082456701e-24,-78.019765248428,67,1.2325951644078309e-32,-106.000000000000,27.980234751572,4.949478136569
61,round_only,4,2.4922192096710205e-06,-18.614137599359,44,1.4901161193847656e-08,-26.000000000000,7.385862400641,4.941256034669
61,round_only,8,2.9653085542591384e-12,-38.294954906883,30,1.1102230246251565e-16,-53.000000000000,14.705045093117,4.941256034669
61,round_only,12,3.2357839385438692e-18,-58.100590429376,30,8.2718061255302767e-25,-80.000000000000,21.899409570624,4.941256034669
61,round_only,16,3.5568530958785363e-24,-77.895672887441,30,6.1629758220391547e-33,-107.000000000000,29.104327112559,4.941256034669
62,static,4,2.3543834686279297e-06,-18.696219251823,19,1.4901161193847656e-08,-26.000000000000,7.303780748177,4.983316285661
62,static,8,2.2636753582716551e-12,-38.684470067667,90,1.1102230246251565e-16,-53.000000000000,14.315529932333,4.983316285661
62,static,12,2.3433940416650839e-18,-58.566106144229,19,1.6543612251060553e-24,-79.000000000000,20.433893855771,4.983316285661
62,static,16,2.318272101144207e-24,-78.513224368445,90,1.2325951644078309e-32,-106.000000000000,27.486775631555,4.983316285661
62,position_only,4,2.0004808902740479e-06,-18.931221722015,12,1.4901161193847656e-08,-26.000000000000,7.068778277985,5.035886626841
62,position_only,8,1.6401463520665516e-12,-39.149312584793,12,2.2204460492503131e-16,-52.000000000000,12.850687415207,5.035886626841
62,position_only,12,1.4858500069694956e-18,-59.223417221385,13,1.6543612251060553e-24,-79.000000000000,19.776582778615,5.035886626841
62,position_only,16,1.2668675879322084e-24,-79.385008534362,54,1.2325951644078309e-32,-106.000000000000,26.614991465638,5.035886626841
62,rotor,4,1.8328428268432617e-06,-19.057485494661,84,1.4901161193847656e-08,-26.000000000000,6.942514505339,5.012236060664
62,rotor,8,1.598082777221066e-12,-39.186794999974,84,1.1102230246251565e-16,-53.000000000000,13.813205000026,5.012236060664
62,rotor,12,1.4923805979056018e-18,-59.217090198727,115,1.6543612251060553e-24,-79.000000000000,19.782909801273,5.012236060664
62,rotor,16,1.4297270095020716e-24,-79.210534570597,115,1.2325951644078309e-32,-106.000000000000,26.789465429403,5.012236060664
62,round_only,4,1.8142163753509521e-06,-19.072222037918,90,1.4901161193847656e-08,-26.000000000000,6.927777962082,4.995908956641
62,round_only,8,1.8413187641286299e-12,-38.982397734873,90,1.1102230246251565e-16,-53.000000000000,14.017602265127,4.995908956641
62,round_only,12,1.7691656223222901e-18,-58.971636594190,90,8.2718061255302767e-25,-80.000000000000,21.028363405810,4.995908956641
62,round_only,16,1.6301587181185291e-24,-79.021261840021,90,1.2325951644078309e-32,-106.000000000000,26.978738159979,4.995908956641
63,static,4,2.8088688850402832e-06,-18.441579286731,13,1.4901161193847656e-08,-26.000000000000,7.558420713269,4.985492713096
63,static,8,2.6469659797356826e-12,-38.458797486007,13,1.1102230246251565e-16,-53.000000000000,14.541202513993,4.985492713096
63,static,12,2.5658379527279838e-18,-58.435275649072,107,8.2718061255302767e-25,-80.000000000000,21.564724350928,4.985492713096
63,static,16,2.7707659894969198e-24,-78.255989406986,107,1.2325951644078309e-32,-106.000000000000,27.744010593014,4.985492713096
63,position_only,4,3.5203993320465088e-06,-18.115829480892,8,1.4901161193847656e-08,-26.000000000000,7.884170519108,4.915523623801
63,position_only,8,4.5234510581693144e-12,-37.685713276453,13,2.2204460492503131e-16,-52.000000000000,14.314286723547,4.915523623801
63,position_only,12,5.2808443321485874e-18,-57.393937093461,13,1.6543612251060553e-24,-79.000000000000,21.606062906539,4.915523623801
63,position_only,16,6.2313197632020519e-24,-77.086736525896,13,1.2325951644078309e-32,-106.000000000000,28.913263474104,4.915523623801
63,rotor,4,1.8924474716186523e-06,-19.011315313228,64,1.4901161193847656e-08,-26.000000000000,6.988684686772,4.981112179918
63,rotor,8,1.9142326612708871e-12,-38.926370948917,64,1.1102230246251565e-16,-53.000000000000,14.073629051083,4.981112179918
63,rotor,12,1.8554263947435809e-18,-58.902954937896,64,1.6543612251060553e-24,-79.000000000000,20.097045062104,4.981112179918
63,rotor,16,1.9439501563568579e-24,-78.767283049144,64,1.2325951644078309e-32,-106.000000000000,27.232716950856,4.981112179918
63,round_only,4,1.8924474716186523e-06,-19.011315313228,118,1.4901161193847656e-08,-26.000000000000,6.988684686772,4.986657937841
63,round_only,8,1.9598350720073654e-12,-38.892404887782,2,1.1102230246251565e-16,-53.000000000000,14.107595112218,4.986657937841
63,round_only,12,1.9164867479119257e-18,-58.856241685721,8,1.6543612251060553e-24,-79.000000000000,20.143758314279,4.986657937841
63,round_only,16,1.8413944782999099e-24,-78.845475551791,8,6.1629758220391547e-33,-107.000000000000,28.154524448209,4.986657937841
64,static,4,2.7380883693695068e-06,-18.478399560276,94,1.4901161193847656e-08,-26.000000000000,7.521600439724,4.886773957939
64,static,8,4.0013686808393345e-12,-37.862643575820,86,2.2204460492503131e-16,-52.000000000000,14.137356424180,4.886773957939
64,static,12,4.8279999114094282e-18,-57.523280058352,86,3.3087224502121107e-24,-78.000000000000,20.476719941648,4.886773957939
64,static,16,6.2525041299662894e-24,-77.081840171947,86,2.4651903288156619e-32,-105.000000000000,27.918159828053,4.886773957939
64,position_only,4,2.1196901798248291e-06,-18.847715157693,30,1.4901161193847656e-08,-26.000000000000,7.152284842307,4.987348401862
64,position_only,8,2.0209667273007881e-12,-38.848091568912,34,1.1102230246251565e-16,-53.000000000000,14.151908431088,4.987348401862
64,position_only,12,2.014928685431249e-18,-58.783976929763,34,8.2718061255302767e-25,-80.000000000000,21.216023070237,4.987348401862
64,position_only,16,2.0361947431070758e-24,-78.700398728909,34,6.1629758220391547e-33,-107.000000000000,28.299601271091,4.987348401862
64,rotor,4,2.1308660507202148e-06,-18.840128663222,73,1.4901161193847656e-08,-26.000000000000,7.159871336778,4.968472803854
64,rotor,8,2.4135693443838591e-12,-38.591968861126,73,1.1102230246251565e-16,-53.000000000000,14.408031138874,4.968472803854
64,rotor,12,2.4748028489074018e-18,-58.487392108127,73,8.2718061255302767e-25,-80.000000000000,21.512607891873,4.968472803854
64,rotor,16,2.4143742288913493e-24,-78.454624965611,73,6.1629758220391547e-33,-107.000000000000,28.545375034389,4.968472803854
64,round_only,4,2.0414590835571289e-06,-18.901967917039,82,1.4901161193847656e-08,-26.000000000000,7.098032082961,4.975841500433
64,round_only,8,2.3035878760069295e-12,-38.659254504517,82,1.1102230246251565e-16,-53.000000000000,14.340745495483,4.975841500433
64,round_only,12,2.2265777861027554e-18,-58.639877694366,82,8.2718061255302767e-25,-80.000000000000,21.360122305634,4.975841500433
64,round_only,16,2.203750277334658e-24,-78.586313526193,82,1.2325951644078309e-32,-106.000000000000,27.413686473807,4.975841500433
65,static,4,2.0936131477355957e-06,-18.865573679779,8,1.4901161193847656e-08,-26.000000000000,7.134426320221,4.946636626480
65,static,8,2.4948376697864205e-12,-38.544191191067,8,2.2204460492503131e-16,-52.000000000000,13.455808808933,4.946636626480
65,static,12,2.6897100072166014e-18,-58.367255071883,115,1.6543612251060553e-24,-79.000000000000,20.632744928117,4.946636626480
65,static,16,2.8544910483377719e-24,-78.213040739237,115,2.4651903288156619e-32,-105.000000000000,26.786959260763,4.946636626480
65,position_only,4,2.8088688850402832e-06,-18.441579286731,99,2.9802322387695312e-08,-25.000000000000,6.558420713269,4.868676679294
65,position_only,8,4.0439318560459014e-12,-37.847378451935,8,2.2204460492503131e-16,-52.000000000000,14.152621548065,4.868676679294
65,position_only,12,5.4505864984342025e-18,-57.348294231687,99,3.3087224502121107e-24,-78.000000000000,20.651705768313,4.868676679294
65,position_only,16,7.3071620047368116e-24,-76.856963084072,99,4.9303806576313238e-32,-104.000000000000,27.143036915928,4.868676679294
65,rotor,4,1.9744038581848145e-06,-18.950151450549,82,1.4901161193847656e-08,-26.000000000000,7.049848549451,4.959533729570
65,rotor,8,2.3186869091418316e-12,-38.649829111732,87,1.1102230246251565e-16,-53.000000000000,14.350170888268,4.959533729570
65,rotor,12,2.4182762209776718e-18,-58.520726666084,87,1.6543612251060553e-24,-79.000000000000,20.479273333916,4.959533729570
65,rotor,16,2.4160309743037115e-24,-78.453635326695,87,1.2325951644078309e-32,-106.000000000000,27.546364673305,4.959533729570
65,round_only,4,2.0973384380340576e-06,-18.863008887920,17,1.4901161193847656e-08,-26.000000000000,7.136991112080,4.991229055418
65,round_only,8,2.1532498006848755e-12,-38.756621440925,17,1.1102230246251565e-16,-53.000000000000,14.243378559075,4.991229055418
65,round_only,12,1.9958136271497025e-18,-58.797728702598,21,8.2718061255302767e-25,-80.000000000000,21.202271297402,4.991229055418
65,round_only,16,1.9915804211005779e-24,-78.732360539608,21,6.1629758220391547e-33,-107.000000000000,28.267639460392,4.991229055418
66,static,4,1.993030309677124e-06,-18.936604918711,63,1.4901161193847656e-08,-26.000000000000,7.063395081289,5.006970827652
66,static,8,1.8823692604641451e-12,-38.950587472333,105,2.2204460492503131e-16,-52.000000000000,13.049412527667,5.006970827652
66,static,12,1.7762897670466913e-18,-58.965838759516,105,1.6543612251060553e-24,-79.000000000000,20.034161240484,5.006970827652
66,static,16,1.6265427628849336e-24,-79.024465525012,4,2.4651903288156619e-32,-105.000000000000,25.975534474988,5.006970827652
66,position_only,4,2.2314488887786865e-06,-18.773587807211,79,1.4901161193847656e-08,-26.000000000000,7.226412192789,4.970691394652
66,position_only,8,2.427488765555097e-12,-38.583672519797,79,2.2204460492503131e-16,-52.000000000000,13.416327480203,4.970691394652
66,position_only,12,2.4656982787001838e-18,-58.492709436397,86,1.6543612251060553e-24,-79.000000000000,20.507290563603,4.970691394652
66,position_only,16,2.4848294728743039e-24,-78.413127430370,86,2.4651903288156619e-32,-105.000000000000,26.586872569630,4.970691394652
66,rotor,4,2.4326145648956299e-06,-18.649060818454,90,1.4901161193847656e-08,-26.000000000000,7.350939181546,4.949103674238
66,rotor,8,2.5385110680176126e-12,-38.519154588355,90,2.2204460492503131e-16,-52.000000000000,13.480845411645,4.949103674238
66,rotor,12,2.7889349745832827e-18,-58.314991410372,90,1.6543612251060553e-24,-79.000000000000,20.685008589628,4.949103674238
66,rotor,16,3.2215985833907419e-24,-78.038497534286,90,1.2325951644078309e-32,-106.000000000000,27.961502465714,4.949103674238
66,round_only,4,2.3692846298217773e-06,-18.687117044716,88,1.4901161193847656e-08,-26.000000000000,7.312882955284,4.969245980866
66,round_only,8,2.3481078192943983e-12,-38.631638483697,79,2.2204460492503131e-16,-52.000000000000,13.368361516303,4.969245980866
66,round_only,12,2.4912903679731736e-18,-58.477812525807,79,1.6543612251060553e-24,-79.000000000000,20.522187474193,4.969245980866
66,round_only,16,2.6352420876145906e-24,-78.328338775564,79,2.4651903288156619e-32,-105.000000000000,26.671661224436,4.969245980866
67,static,4,2.3134052753448486e-06,-18.721550541780,2,7.4505805969238281e-09,-27.000000000000,8.278449458220,4.981876294097
67,static,8,2.5616592180810471e-12,-38.506058574399,2,5.5511151231257827e-17,-54.000000000000,15.493941425601,4.981876294097
67,static,12,2.3864449668381359e-18,-58.539842640799,2,4.1359030627651384e-25,-81.000000000000,22.460157359201,4.981876294097
67,static,16,2.3910337646802569e-24,-78.468639774268,2,3.0814879110195774e-33,-108.000000000000,29.531360225732,4.981876294097
67,position_only,4,1.7657876014709473e-06,-19.111256751102,101,1.4901161193847656e-08,-26.000000000000,6.888743248898,5.002289019263
67,position_only,8,1.880204325566126e-12,-38.952247687669,108,1.1102230246251565e-16,-53.000000000000,14.047752312331,5.002289019263
67,position_only,12,1.6346486839283041e-18,-59.085725100638,108,8.2718061255302767e-25,-80.000000000000,20.914274899362,5.002289019263
67,position_only,16,1.5464816771408294e-24,-79.097284536954,108,6.1629758220391547e-33,-107.000000000000,27.902715463046,5.002289019263
67,rotor,4,1.9259750843048096e-06,-18.985979529685,0,1.4901161193847656e-08,-26.000000000000,7.014020470315,5.010120186748
67,rotor,8,1.8241658183981713e-12,-38.995900260841,0,1.1102230246251565e-16,-53.000000000000,14.004099739159,5.010120186748
67,rotor,12,1.5987031885182943e-18,-59.117803591669,0,8.2718061255302767e-25,-80.000000000000,20.882196408331,5.010120186748
67,rotor,16,1.5648163699740245e-24,-79.080280909386,0,6.1629758220391547e-33,-107.000000000000,27.919719090614,5.010120186748
67,round_only,4,1.7993152141571045e-06,-19.084120621164,59,7.4505805969238281e-09,-27.000000000000,7.915879378836,5.000483962241
67,round_only,8,1.9222956559872273e-12,-38.920306893784,95,1.1102230246251565e-16,-53.000000000000,14.079693106216,5.000483962241
67,round_only,12,1.7021487932617392e-18,-59.027348552313,95,8.2718061255302767e-25,-80.000000000000,20.972651447687,5.000483962241
67,round_only,16,1.5925971479091104e-24,-79.054892898202,95,6.1629758220391547e-33,-107.000000000000,27.945107101798,5.000483962241
68,static,4,2.6263296604156494e-06,-18.538520552714,24,1.4901161193847656e-08,-26.000000000000,7.461479447286,5.005770503341
68,static,8,2.5913854395653857e-12,-38.489413522438,24,1.1102230246251565e-16,-53.000000000000,14.510586477562,5.005770503341
68,static,12,2.2677201471087061e-18,-58.613463095598,24,1.6543612251060553e-24,-79.000000000000,20.386536904402,5.005770503341
68,static,16,2.2224693726884292e-24,-78.574110739535,24,1.2325951644078309e-32,-106.000000000000,27.425889260465,5.005770503341
68,position_only,4,2.2575259208679199e-06,-18.756826016527,8,1.4901161193847656e-08,-26.000000000000,7.243173983473,5.027842727388
68,position_only,8,2.3731572262875034e-12,-38.616329453594,8,5.5511151231257827e-17,-54.000000000000,15.383670546406,5.027842727388
68,position_only,12,2.056509658957006e-18,-58.754507860109,8,4.1359030627651384e-25,-81.000000000000,22.245492139891,5.027842727388
68,position_only,16,1.5629497164940586e-24,-79.082002912863,8,3.0814879110195774e-33,-108.000000000000,28.917997087137,5.027842727388
68,rotor,4,2.0191073417663574e-06,-18.917850958646,36,1.4901161193847656e-08,-26.000000000000,7.082149041354,5.016738916369
68,rotor,8,1.7053858325510873e-12,-39.093038962017,36,1.1102230246251565e-16,-53.000000000000,13.906961037983,5.016738916369
68,rotor,12,1.7022309426363233e-18,-59.027278926416,10,8.2718061255302767e-25,-80.000000000000,20.972721073584,5.016738916369
68,rotor,16,1.4776634847809976e-24,-79.162956522099,10,6.1629758220391547e-33,-107.000000000000,27.837043477901,5.016738916369
68,round_only,4,2.1718442440032959e-06,-18.812647926800,101,1.4901161193847656e-08,-26.000000000000,7.187352073200,5.025161541976
68,round_only,8,2.0137363998529167e-12,-38.853262293196,24,5.5511151231257827e-17,-54.000000000000,15.146737706804,5.025161541976
68,round_only,12,1.7881117806625109e-18,-58.956268781090,101,4.1359030627651384e-25,-81.000000000000,22.043731218910,5.025161541976
68,round_only,16,1.5288794112284389e-24,-79.113799657180,101,6.1629758220391547e-33,-107.000000000000,27.886200342820,5.025161541976
69,static,4,2.9243528842926025e-06,-18.383451156221,73,1.4901161193847656e-08,-26.000000000000,7.616548843779,4.974064311680
69,static,8,3.2110564207599168e-12,-38.180089124087,73,1.1102230246251565e-16,-53.000000000000,14.819910875913,4.974064311680
69,static,12,3.2774179033276179e-18,-58.082146065419,73,8.2718061255302767e-25,-80.000000000000,21.917853934581,4.974064311680
69,static,16,3.1513819318907967e-24,-78.070289664847,73,1.2325951644078309e-32,-106.000000000000,27.929710335153,4.974064311680
69,position_only,4,3.6470592021942139e-06,-18.064834950396,73,1.4901161193847656e-08,-26.000000000000,7.935165049604,5.028310835239
69,position_only,8,3.9690611908227424e-12,-37.874339334180,73,1.1102230246251565e-16,-53.000000000000,15.125660665820,5.028310835239
69,position_only,12,2.938578409742661e-18,-58.239587313870,73,1.6543612251060553e-24,-79.000000000000,20.760412686130,5.028310835239
69,position_only,16,2.649482962706017e-24,-78.320563427024,73,1.2325951644078309e-32,-106.000000000000,27.679436572976,5.028310835239
69,rotor,4,2.0116567611694336e-06,-18.923184402949,73,1.4901161193847656e-08,-26.000000000000,7.076815597051,5.013615124481
69,rotor,8,1.9996920785914085e-12,-38.863359274093,73,1.1102230246251565e-16,-53.000000000000,14.136640725907,5.013615124481
69,rotor,12,1.778307415657073e-18,-58.964200963835,73,8.2718061255302767e-25,-80.000000000000,21.035799036165,5.013615124481
69,rotor,16,1.5748001749089812e-24,-79.071105499451,73,6.1629758220391547e-33,-107.000000000000,27.928894500549,5.013615124481
69,round_only,4,1.8589198589324951e-06,-19.037103994663,73,1.4901161193847656e-08,-26.000000000000,6.962896005337,5.011654192409
69,round_only,8,1.7690710008011479e-12,-39.040145187597,73,1.1102230246251565e-16,-53.000000000000,13.959854812403,5.011654192409
69,round_only,12,1.653645713876197e-18,-59.069055531252,73,8.2718061255302767e-25,-80.000000000000,20.930944468748,5.011654192409
69,round_only,16,1.4574211494786092e-24,-79.182856445558,73,6.1629758220391547e-33,-107.000000000000,27.817143554442,5.011654192409
70,static,4,2.946704626083374e-06,-18.372466115527,31,1.4901161193847656e-08,-26.000000000000,7.627533884473,4.932739393934
70,static,8,3.4383329516884942e-12,-38.081427883393,31,5.5511151231257827e-17,-54.000000000000,15.918572116607,4.932739393934
70,static,12,3.8375683807290069e-18,-57.854513250217,31,8.2718061255302767e-25,-80.000000000000,22.145486749783,4.932739393934
70,static,16,4.5157888552651839e-24,-77.551296245699,31,1.2325951644078309e-32,-106.000000000000,28.448703754301,4.932739393934
70,position_only,4,2.1308660507202148e-06,-18.840128663222,33,1.4901161193847656e-08,-26.000000000000,7.159871336778,4.968132739798
70,position_only,8,2.2458562787264214e-12,-38.695871531748,125,4.4408920985006262e-16,-51.000000000000,12.304128468252,4.968132739798
70,position_only,12,2.4506485029366057e-18,-58.501542135002,119,1.6543612251060553e-24,-79.000000000000,20.498457864998,4.968132739798
70,position_only,16,2.3722662699366113e-24,-78.480008326115,125,2.4651903288156619e-32,-105.000000000000,26.519991673885,4.968132739798
70,rotor,4,2.2798776626586914e-06,-18.742612157307,105,1.4901161193847656e-08,-26.000000000000,7.257387842693,4.957211809260
70,rotor,8,2.4745483440113958e-12,-38.555971910958,105,2.2204460492503131e-16,-52.000000000000,13.444028089042,4.957211809260
70,rotor,12,2.6397397679183316e-18,-58.394309995828,105,1.6543612251060553e-24,-79.000000000000,20.605690004172,4.957211809260
70,rotor,16,2.8289840148209379e-24,-78.225990252490,105,1.2325951644078309e-32,-106.000000000000,27.774009747510,4.957211809260
70,round_only,4,2.6784837245941162e-06,-18.510152039561,21,1.4901161193847656e-08,-26.000000000000,7.489847960439,4.959646645290
70,round_only,8,2.9462821071746248e-12,-38.304241563286,21,2.2204460492503131e-16,-52.000000000000,13.695758436714,4.959646645290
70,round_only,12,3.1841375211318373e-18,-58.123803061547,21,1.6543612251060553e-24,-79.000000000000,20.876196938453,4.959646645290
70,round_only,16,3.2355720417612391e-24,-78.032253477334,21,1.2325951644078309e-32,-106.000000000000,27.967746522666,4.959646645290
71,static,4,2.7604401111602783e-06,-18.466670267694,40,1.4901161193847656e-08,-26.000000000000,7.533329732306,4.945596114836
71,static,8,3.563926931349215e-12,-38.029669380032,40,1.1102230246251565e-16,-53.000000000000,14.970330619968,4.945596114836
71,static,12,3.7132209041833245e-18,-57.902034562484,40,8.2718061255302767e-25,-80.000000000000,22.097965437516,4.945596114836
71,static,16,3.8435627069734765e-24,-77.783830071354,40,1.2325951644078309e-32,-106.000000000000,28.216169928646,4.945596114836
71,position_only,4,2.9802322387695312e-06,-18.356143810225,87,1.4901161193847656e-08,-26.000000000000,7.643856189775,4.910998321985
71,position_only,8,3.7916614292754502e-12,-37.940306991952,84,1.1102230246251565e-16,-53.000000000000,15.059693008048,4.910998321985
71,position_only,12,4.54579256298109e-18,-57.610173856458,84,8.2718061255302767e-25,-80.000000000000,22.389826143542,4.910998321985
71,position_only,16,5.4519605720286305e-24,-77.279499148526,84,1.2325951644078309e-32,-106.000000000000,28.720500851474,4.910998321985
71,rotor,4,2.5928020477294922e-06,-18.557056504151,40,1.4901161193847656e-08,-26.000000000000,7.442943495849,4.996171707920
71,rotor,8,2.5154323068932172e-12,-38.532330773045,40,2.2204460492503131e-16,-52.000000000000,13.467669226955,4.996171707920
71,rotor,12,2.3866308756808072e-18,-58.539730256343,40,1.6543612251060553e-24,-79.000000000000,20.460269743657,4.996171707920
71,rotor,16,2.3338764044433953e-24,-78.503546115317,40,6.1629758220391547e-33,-107.000000000000,28.496453884683,4.996171707920
71,round_only,4,2.6263296604156494e-06,-18.538520552714,74,1.4901161193847656e-08,-26.000000000000,7.461479447286,4.994398011118
71,round_only,8,2.1989909892994319e-12,-38.726295446106,25,1.1102230246251565e-16,-53.000000000000,14.273704553894,4.994398011118
71,round_only,12,2.2429627347725706e-18,-58.629300056699,25,8.2718061255302767e-25,-80.000000000000,21.370699943301,4.994398011118
71,round_only,16,2.345857067855917e-24,-78.496159164091,25,1.2325951644078309e-32,-106.000000000000,27.503840835909,4.994398011118
72,static,4,2.1494925022125244e-06,-18.827572491355,90,1.4901161193847656e-08,-26.000000000000,7.172427508645,4.923682921738
72,static,8,2.7162300186844845e-12,-38.421531482054,90,1.1102230246251565e-16,-53.000000000000,14.578468517946,4.923682921738
72,static,12,3.1280629991056558e-18,-58.149436139195,90,1.6543612251060553e-24,-79.000000000000,20.850563860805,4.923682921738
72,static,16,3.5444563953905439e-24,-77.900709895477,90,1.2325951644078309e-32,-106.000000000000,28.099290104523,4.923682921738
72,position_only,4,1.8030405044555664e-06,-19.081136762725,52,1.4901161193847656e-08,-26.000000000000,6.918863237275,5.001880115290
72,position_only,8,2.2107593533604586e-12,-38.718595145882,74,2.2204460492503131e-16,-52.000000000000,13.281404854118,5.001880115290
72,position_only,12,1.9954608346184486e-18,-58.797983744962,74,3.3087224502121107e-24,-78.000000000000,19.202016255038,5.001880115290
72,position_only,16,1.5654008974158658e-24,-79.079742100236,74,2.4651903288156619e-32,-105.000000000000,25.920257899764,5.001880115290
72,rotor,4,1.9706785678863525e-06,-18.952876087886,116,1.4901161193847656e-08,-26.000000000000,7.047123912114,5.002794288005
72,rotor,8,1.7858631240486034e-12,-39.026515628079,116,1.1102230246251565e-16,-53.000000000000,13.973484371921,5.002794288005
72,rotor,12,1.6842433315296866e-18,-59.042605120738,116,8.2718061255302767e-25,-80.000000000000,20.957394879262,5.002794288005
72,rotor,16,1.6719181028200395e-24,-78.984770097072,116,6.1629758220391547e-33,-107.000000000000,28.015229902928,5.002794288005
72,round_only,4,1.8998980522155762e-06,-19.005646563141,108,1.4901161193847656e-08,-26.000000000000,6.994353436859,4.996789167614
72,round_only,8,1.8857970740526753e-12,-38.947962699119,77,2.2204460492503131e-16,-52.000000000000,13.052037300881,4.996789167614
72,round_only,12,1.7632292055599384e-18,-58.976485682418,123,1.6543612251060553e-24,-79.000000000000,20.023514317582,4.996789167614
72,round_only,16,1.7087560830456104e-24,-78.953327803568,123,2.4651903288156619e-32,-105.000000000000,26.046672196432,4.996789167614
73,static,4,2.428889274597168e-06,-18.651271845769,127,1.4901161193847656e-08,-26.000000000000,7.348728154231,4.955735712553
73,static,8,2.6867813529563023e-12,-38.437258217312,127,2.2204460492503131e-16,-52.000000000000,13.562741782688,4.955735712553
73,static,12,2.7989943697113283e-18,-58.309797123097,127,3.3087224502121107e-24,-78.000000000000,19.690202876903,4.955735712553
73,static,16,3.0795208572708666e-24,-78.103568377874,127,2.4651903288156619e-32,-105.000000000000,26.896431622126,4.955735712553
73,position_only,4,2.7045607566833496e-06,-18.496174262004,23,7.4505805969238281e-09,-27.000000000000,8.503825737996,4.989680054013
73,position_only,8,2.8426150322502508e-12,-38.355918406734,15,5.5511151231257827e-17,-54.000000000000,15.644081593266,4.989680054013
73,position_only,12,2.6686108528382699e-18,-58.378616766529,15,4.1359030627651384e-25,-81.000000000000,22.621383233471,4.989680054013
73,position_only,16,2.5941563167482081e-24,-78.351008862240,15,3.0814879110195774e-33,-108.000000000000,29.648991137760,4.989680054013
73,rotor,4,2.1606683731079102e-06,-18.820090909985,1,7.4505805969238281e-09,-27.000000000000,8.179909090015,4.998562219556
73,rotor,8,2.1161961072380109e-12,-38.781663810899,23,5.5511151231257827e-17,-54.000000000000,15.218336189101,4.998562219556
73,rotor,12,1.9990375118883396e-18,-58.795400163500,23,4.1359030627651384e-25,-81.000000000000,22.204599836500,4.998562219556
73,rotor,16,1.9051869310475879e-24,-78.796341719859,23,3.0814879110195774e-33,-108.000000000000,29.203658280141,4.998562219556
73,round_only,4,2.209097146987915e-06,-18.788111705454,23,7.4505805969238281e-09,-27.000000000000,8.211888294546,5.020659176732
73,round_only,8,2.1712215358959952e-12,-38.744630202915,23,1.1102230246251565e-16,-53.000000000000,14.255369797085,5.020659176732
73,round_only,12,1.8082094778129821e-18,-58.940143886914,23,8.2718061255302767e-25,-80.000000000000,21.059856113086,5.020659176732
73,round_only,16,1.6562013881900082e-24,-78.998396167214,23,6.1629758220391547e-33,-107.000000000000,28.001603832786,5.020659176732
74,static,4,2.5406479835510254e-06,-18.586372070976,122,1.4901161193847656e-08,-26.000000000000,7.413627929024,4.896370078887
74,static,8,3.1987607007621932e-12,-38.185624070151,122,1.1102230246251565e-16,-53.000000000000,14.814375929849,4.896370078887
74,static,12,4.1780796580307219e-18,-57.731865709308,122,1.6543612251060553e-24,-79.000000000000,21.268134290692,4.896370078887
74,static,16,5.170779199935052e-24,-77.355892576413,122,1.2325951644078309e-32,-106.000000000000,28.644107423587,4.896370078887
74,position_only,4,1.862645149230957e-06,-19.034215715338,46,1.4901161193847656e-08,-26.000000000000,6.965784284662,4.962563687060
74,position_only,8,2.0679291612424322e-12,-38.814950372954,84,1.1102230246251565e-16,-53.000000000000,14.185049627046,4.962563687060
74,position_only,12,2.2836021699660891e-18,-58.603394369622,87,8.2718061255302767e-25,-80.000000000000,21.396605630378,4.962563687060
74,position_only,16,2.1745105878222134e-24,-78.605583543909,87,6.1629758220391547e-33,-107.000000000000,28.394416456091,4.962563687060
74,rotor,4,2.3096799850463867e-06,-18.723875594726,46,7.4505805969238281e-09,-27.000000000000,8.276124405274,4.995481746075
74,rotor,8,2.0521084831415237e-12,-38.826030138720,46,5.5511151231257827e-17,-54.000000000000,15.173969861280,4.995481746075
74,rotor,12,2.007104228920745e-18,-58.789590170175,46,8.2718061255302767e-25,-80.000000000000,21.210409829825,4.995481746075
74,rotor,16,2.0712409762015658e-24,-78.675778865242,46,6.1629758220391547e-33,-107.000000000000,28.324221134758,4.995481746075
74,round_only,4,2.1941959857940674e-06,-18.797876176170,122,1.4901161193847656e-08,-26.000000000000,7.202123823830,4.995263464604
74,round_only,8,2.0136808887016855e-12,-38.853302063429,122,1.1102230246251565e-16,-53.000000000000,14.146697936571,4.995263464604
74,round_only,12,1.9772820413927356e-18,-58.811187034833,122,1.6543612251060553e-24,-79.000000000000,20.188812965167,4.995263464604
74,round_only,16,1.9690688588412153e-24,-78.748760713761,122,1.2325951644078309e-32,-106.000000000000,27.251239286239,4.995263464604
75,static,4,3.0845403671264648e-06,-18.306513042501,65,1.4901161193847656e-08,-26.000000000000,7.693486957499,4.986255816214
75,static,8,2.9498070652778097e-12,-38.302516541825,65,1.1102230246251565e-16,-53.000000000000,14.697483458175,4.986255816214
75,static,12,2.7856443984077585e-18,-58.316694605596,65,8.2718061255302767e-25,-80.000000000000,21.683305394404,4.986255816214
75,static,16,3.0477467745296586e-24,-78.118531237427,65,6.1629758220391547e-33,-107.000000000000,28.881468762573,4.986255816214
75,position_only,4,1.9334256649017334e-06,-18.980409271642,6,7.4505805969238281e-09,-27.000000000000,8.019590728358,4.965933868043
75,position_only,8,2.2263163534930186e-12,-38.708478528364,126,5.5511151231257827e-17,-54.000000000000,15.291521471636,4.965933868043
75,position_only,12,2.2281927011524003e-18,-58.638831701069,126,2.0679515313825692e-25,-82.000000000000,23.361168298931,4.965933868043
75,position_only,16,2.2608487653597936e-24,-78.549409787977,126,1.5407439555097887e-33,-109.000000000000,30.450590212023,4.965933868043
75,rotor,4,2.253800630569458e-06,-18.759208667838,14,7.4505805969238281e-09,-27.000000000000,8.240791332162,4.982321135757
75,rotor,8,2.0131118994015651e-12,-38.853709771543,14,5.5511151231257827e-17,-54.000000000000,15.146290228457,4.982321135757
75,rotor,12,2.2092794749403167e-18,-58.651129776103,14,4.1359030627651384e-25,-81.000000000000,22.348870223897,4.982321135757
75,rotor,16,2.1965770927085175e-24,-78.591017143076,14,3.0814879110195774e-33,-108.000000000000,29.408982856924,4.982321135757
75,round_only,4,2.6188790798187256e-06,-18.542619120927,14,7.4505805969238281e-09,-27.000000000000,8.457380879073,4.986304298798
75,round_only,8,2.4922147678907436e-12,-38.545708739941,14,5.5511151231257827e-17,-54.000000000000,15.454291260059,4.986304298798
75,round_only,12,2.5654159355192169e-18,-58.435512956424,14,4.1359030627651384e-25,-81.000000000000,22.564487043576,4.986304298798
75,round_only,16,2.5132123556360545e-24,-78.396741699401,14,3.0814879110195774e-33,-108.000000000000,29.603258300599,4.986304298798
76,static,4,2.946704626083374e-06,-18.372466115527,66,1.4901161193847656e-08,-26.000000000000,7.627533884473,4.949841941834
76,static,8,4.0772940579358874e-12,-37.835525129669,0,1.1102230246251565e-16,-53.000000000000,15.164474870331,4.949841941834
76,static,12,3.651811790989212e-18,-57.926093295116,11,1.6543612251060553e-24,-79.000000000000,21.073906704884,4.949841941834
76,static,16,4.1490230125399714e-24,-77.673502618163,11,1.2325951644078309e-32,-106.000000000000,28.326497381837,4.949841941834
76,position_only,4,2.3134052753448486e-06,-18.721550541780,11,1.4901161193847656e-08,-26.000000000000,7.278449458220,5.035224860264
76,position_only,8,1.9508422655079016e-12,-38.899040004458,11,1.1102230246251565e-16,-53.000000000000,14.100959995542,5.035224860264
76,position_only,12,1.6453965518199353e-18,-59.076270382737,95,1.6543612251060553e-24,-79.000000000000,19.923729617263,5.035224860264
76,position_only,16,1.5095679778239369e-24,-79.132138552534,95,1.2325951644078309e-32,-106.000000000000,26.867861447466,5.035224860264
76,rotor,4,2.212822437286377e-06,-18.785680879199,11,1.4901161193847656e-08,-26.000000000000,7.214319120801,4.966464788596
76,rotor,8,2.9048707883561065e-12,-38.324663146152,11,2.2204460492503131e-16,-52.000000000000,13.675336853848,4.966464788596
76,rotor,12,2.7556364571334426e-18,-58.332320137813,11,1.6543612251060553e-24,-79.000000000000,20.667679862187,4.966464788596
76,rotor,16,2.6212989196924797e-24,-78.335992396592,11,2.4651903288156619e-32,-105.000000000000,26.664007603408,4.966464788596
76,round_only,4,2.2426247596740723e-06,-18.766380323240,11,1.4901161193847656e-08,-26.000000000000,7.233619676760,4.990290342750
76,round_only,8,2.4981822166481038e-12,-38.542258428129,11,2.2204460492503131e-16,-52.000000000000,13.457741571871,4.990290342750
76,round_only,12,2.2792903359267916e-18,-58.606121001218,11,1.6543612251060553e-24,-79.000000000000,20.393878998782,4.990290342750
76,round_only,16,2.1594195585273069e-24,-78.615630702208,11,2.4651903288156619e-32,-105.000000000000,26.384369297792,4.990290342750
77,static,4,2.3581087589263916e-06,-18.693938310572,103,2.9802322387695312e-08,-25.000000000000,6.306061689428,4.922796867841
77,static,8,2.8893137882235465e-12,-38.332410245189,40,2.2204460492503131e-16,-52.000000000000,13.667589754811,4.922796867841
77,static,12,3.4087415626656312e-18,-58.025466483794,2,1.6543612251060553e-24,-79.000000000000,20.974533516206,4.922796867841
77,static,16,3.8889925607408442e-24,-77.766877802255,2,2.4651903288156619e-32,-105.000000000000,27.233122197745,4.922796867841
77,position_only,4,2.4549663066864014e-06,-18.635865344992,4,7.4505805969238281e-09,-27.000000000000,8.364134655008,4.956279401531
77,position_only,8,2.7332996976880963e-12,-38.412493483155,10,5.5511151231257827e-17,-54.000000000000,15.587506516845,4.956279401531
77,position_only,12,2.8200109611247694e-18,-58.299004937714,4,8.2718061255302767e-25,-80.000000000000,21.700995062286,4.956279401531
77,position_only,16,3.1069967450883164e-24,-78.090753547214,4,3.0814879110195774e-33,-108.000000000000,29.909246452786,4.956279401531
77,rotor,4,2.4437904357910156e-06,-18.642447995382,4,7.4505805969238281e-09,-27.000000000000,8.357552004618,4.973549976439
77,rotor,8,2.729885761887374e-12,-38.414296559008,4,1.1102230246251565e-16,-53.000000000000,14.585703440992,4.973549976439
77,rotor,12,2.6678860358265203e-18,-58.379008667784,4,8.2718061255302767e-25,-80.000000000000,21.620991332216,4.973549976439
77,rotor,16,2.6846437050468385e-24,-78.301543644978,4,3.0814879110195774e-33,-108.000000000000,29.698456355022,4.973549976439
77,round_only,4,2.3655593395233154e-06,-18.689387218340,121,7.4505805969238281e-09,-27.000000000000,8.310612781660,4.969226141747
77,round_only,8,2.417913091967705e-12,-38.589374748503,121,5.5511151231257827e-17,-54.000000000000,15.410625251497,4.969226141747
77,round_only,12,2.5369737954456756e-18,-58.451597090177,121,8.2718061255302767e-25,-80.000000000000,21.548402909823,4.969226141747
77,round_only,16,2.6413569573658859e-24,-78.324994994413,121,6.1629758220391547e-33,-107.000000000000,28.675005005587,4.969226141747
78,static,4,2.3134052753448486e-06,-18.721550541780,31,1.4901161193847656e-08,-26.000000000000,7.278449458220,5.003505468890
78,static,8,1.9789170302431103e-12,-38.878426012653,26,2.2204460492503131e-16,-52.000000000000,13.121573987347,5.003505468890
78,static,12,2.031790503724201e-18,-58.771954053313,17,3.3087224502121107e-24,-78.000000000000,19.228045946687,5.003505468890
78,static,16,1.8953883786176799e-24,-78.803780780090,2,4.9303806576313238e-32,-104.000000000000,25.196219219910,5.003505468890
78,position_only,4,2.6375055313110352e-06,-18.532394449917,96,1.4901161193847656e-08,-26.000000000000,7.467605550083,4.938226023707
78,position_only,8,3.2662900162350184e-12,-38.155484244133,96,2.2204460492503131e-16,-52.000000000000,13.844515755867,4.938226023707
78,position_only,12,3.5144474901316654e-18,-57.981407808405,96,3.3087224502121107e-24,-78.000000000000,20.018592191595,4.938226023707
78,position_only,16,3.8892914949201272e-24,-77.766766911253,96,2.4651903288156619e-32,-105.000000000000,27.233233088747,4.938226023707
78,rotor,4,2.3357570171356201e-06,-18.707678367198,28,1.4901161193847656e-08,-26.000000000000,7.292321632802,4.969809773916
78,rotor,8,2.6315477574812007e-12,-38.467225561467,28,1.1102230246251565e-16,-53.000000000000,14.532774438533,4.969809773916
78,rotor,12,2.5995335168718494e-18,-58.416452951363,96,8.2718061255302767e-25,-80.000000000000,21.583547048637,4.969809773916
78,rotor,16,2.6467245428024136e-24,-78.322066222778,96,6.1629758220391547e-33,-107.000000000000,28.677933777222,4.969809773916
78,round_only,4,2.0004808902740479e-06,-18.931221722015,113,1.4901161193847656e-08,-26.000000000000,7.068778277985,4.958238195447
78,round_only,8,2.4066582060555675e-12,-38.596105874045,113,2.2204460492503131e-16,-52.000000000000,13.403894125955,4.958238195447
78,round_only,12,2.3726336872467029e-18,-58.548216329053,113,8.2718061255302767e-25,-80.000000000000,21.451783670947,4.958238195447
78,round_only,16,2.5243525915616873e-24,-78.390360842978,113,1.2325951644078309e-32,-106.000000000000,27.609639157022,4.958238195447
79,static,4,3.1031668186187744e-06,-18.297827314634,25,1.4901161193847656e-08,-26.000000000000,7.702172685366,4.950975316122
79,static,8,3.4854202857204086e-12,-38.061804506209,25,2.2204460492503131e-16,-52.000000000000,13.938195493791,4.950975316122
79,static,12,3.7751413183935713e-18,-57.878175056772,25,1.6543612251060553e-24,-79.000000000000,21.121824943228,4.950975316122
79,static,16,4.0583677407354957e-24,-77.705374679403,25,2.4651903288156619e-32,-105.000000000000,27.294625320597,4.950975316122
79,position_only,4,2.2202730178833008e-06,-18.780831479538,73,1.4901161193847656e-08,-26.000000000000,7.219168520462,4.928520249361
79,position_only,8,2.6813828934990624e-12,-38.440159892058,34,5.5511151231257827e-17,-54.000000000000,15.559840107942,4.928520249361
79,position_only,12,2.9694097059191968e-18,-58.224529544281,34,8.2718061255302767e-25,-80.000000000000,21.775470455719,4.928520249361
79,position_only,16,3.5470738243184876e-24,-77.899644920277,34,3.0814879110195774e-33,-108.000000000000,30.100355079723,4.928520249361
79,rotor,4,2.3432075977325439e-06,-18.703083793121,0,7.4505805969238281e-09,-27.000000000000,8.296916206879,4.956699923885
79,rotor,8,2.7439855943001135e-12,-38.406864231149,13,5.5511151231257827e-17,-54.000000000000,15.593135768851,4.956699923885
79,rotor,12,2.7866549546223568e-18,-58.316171329884,13,4.1359030627651384e-25,-81.000000000000,22.683828670116,4.956699923885
79,rotor,16,2.9696519737030313e-24,-78.155980412006,13,3.0814879110195774e-33,-108.000000000000,29.844019587994,4.956699923885
79,round_only,4,2.2761523723602295e-06,-18.744971430181,25,1.4901161193847656e-08,-26.000000000000,7.255028569819,4.967597540792
79,round_only,8,2.513197983056159e-12,-38.533612811273,13,2.2204460492503131e-16,-52.000000000000,13.466387188727,4.967597540792
79,round_only,12,2.5295725452160691e-18,-58.455812093408,13,1.6543612251060553e-24,-79.000000000000,20.544187906592,4.967597540792
79,round_only,16,2.6160716671413498e-24,-78.338872213367,47,1.2325951644078309e-32,-106.000000000000,27.661127786633,4.967597540792
80,static,4,2.2351741790771484e-06,-18.771181309504,2,1.4901161193847656e-08,-26.000000000000,7.228818690496,5.011330544903
80,static,8,2.2424284651378912e-12,-38.698075175638,2,5.5511151231257827e-17,-54.000000000000,15.301924824362,5.011330544903
80,static,12,2.0568014469180841e-18,-58.754303177781,82,4.1359030627651384e-25,-81.000000000000,22.245696822219,5.011330544903
80,static,16,1.7687886872076071e-24,-78.903512574168,2,3.0814879110195774e-33,-108.000000000000,29.096487425832,5.011330544903
80,position_only,4,1.9632279872894287e-06,-18.958340848363,114,1.4901161193847656e-08,-26.000000000000,7.041659151637,5.030012260088
80,position_only,8,1.6396606294932781e-12,-39.149739896251,85,1.1102230246251565e-16,-53.000000000000,13.850260103749,5.030012260088
80,position_only,12,1.5154886121003066e-18,-59.194922696713,91,8.2718061255302767e-25,-80.000000000000,20.805077303287,5.030012260088
80,position_only,16,1.3038978899812818e-24,-79.343443382717,85,6.1629758220391547e-33,-107.000000000000,27.656556617283,5.030012260088
80,rotor,4,2.2836029529571533e-06,-18.740256736309,28,7.4505805969238281e-09,-27.000000000000,8.259743263691,4.987231662757
80,rotor,8,2.3010898742015229e-12,-38.660819806311,28,5.5511151231257827e-17,-54.000000000000,15.339180193689,4.987231662757
80,rotor,12,2.2760958160999001e-18,-58.608144416364,28,4.1359030627651384e-25,-81.000000000000,22.391855583636,4.987231662757
80,rotor,16,2.20183074687029e-24,-78.587570703052,28,3.0814879110195774e-33,-108.000000000000,29.412429296948,4.987231662757
80,round_only,4,1.8551945686340332e-06,-19.039998067932,48,7.4505805969238281e-09,-27.000000000000,7.960001932068,5.007410030926
80,round_only,8,1.7565116028350758e-12,-39.050424032172,3,5.5511151231257827e-17,-54.000000000000,14.949575967828,5.007410030926
80,round_only,12,1.6176612892786089e-18,-59.100796144353,48,4.1359030627651384e-25,-81.000000000000,21.899203855647,5.007410030926
80,round_only,16,1.5202056496491157e-24,-79.122007776220,48,3.0814879110195774e-33,-108.000000000000,28.877992223780,5.007410030926
81,static,4,2.6747584342956543e-06,-18.512159966177,90,1.4901161193847656e-08,-26.000000000000,7.487840033823,4.969052640363
81,static,8,2.885830463483785e-12,-38.334150591652,90,1.1102230246251565e-16,-53.000000000000,14.665849408348,4.969052640363
81,static,12,3.0808608163297181e-18,-58.171372200580,90,1.6543612251060553e-24,-79.000000000000,20.828627799420,4.969052640363
81,static,16,2.9741683441338655e-24,-78.153787968046,90,1.2325951644078309e-32,-106.000000000000,27.846212031954,4.969052640363
81,position_only,4,2.6635825634002686e-06,-18.518200568334,50,1.4901161193847656e-08,-26.000000000000,7.481799431666,4.952101040802
81,position_only,8,3.2291808116369225e-12,-38.171968914560,0,2.2204460492503131e-16,-52.000000000000,13.828031085440,4.952101040802
81,position_only,12,3.5721877988151638e-18,-57.957897779446,0,1.6543612251060553e-24,-79.000000000000,21.042102220554,4.952101040802
81,position_only,16,3.4232566367585657e-24,-77.950904824067,0,2.4651903288156619e-32,-105.000000000000,27.049095175933,4.952101040802
81,rotor,4,2.1755695343017578e-06,-18.810175441120,50,1.4901161193847656e-08,-26.000000000000,7.189824558880,4.957668742000
81,rotor,8,2.417538391696894e-12,-38.589598338059,50,2.2204460492503131e-16,-52.000000000000,13.410401661941,4.957668742000
81,rotor,12,2.5150418252868681e-18,-58.464123315643,50,1.6543612251060553e-24,-79.000000000000,20.535876684357,4.957668742000
81,rotor,16,2.7107472489490349e-24,-78.287583675256,50,1.2325951644078309e-32,-106.000000000000,27.712416324744,4.957668742000
81,round_only,4,1.8998980522155762e-06,-19.005646563141,11,1.4901161193847656e-08,-26.000000000000,6.994353436859,4.967628668083
81,round_only,8,1.9309137622158801e-12,-38.913853406054,11,1.1102230246251565e-16,-53.000000000000,14.086146593946,4.967628668083
81,round_only,12,2.1280799621932965e-18,-58.705153347128,11,8.2718061255302767e-25,-80.000000000000,21.294846652872,4.967628668083
81,round_only,16,2.1179650560471197e-24,-78.643595490555,11,6.1629758220391547e-33,-107.000000000000,28.356404509445,4.967628668083
82,static,4,2.9951333999633789e-06,-18.348948308821,122,1.4901161193847656e-08,-26.000000000000,7.651051691179,4.920901273739
82,static,8,3.8679198732793907e-12,-37.911579229981,9,1.1102230246251565e-16,-53.000000000000,15.088420770019,4.920901273739
82,static,12,4.2360780470653368e-18,-57.711976537652,9,8.2718061255302767e-25,-80.000000000000,22.288023462348,4.920901273739
82,static,16,5.1531029709942632e-24,-77.360832856112,122,1.2325951644078309e-32,-106.000000000000,28.639167143888,4.920901273739
82,position_only,4,2.8088688850402832e-06,-18.441579286731,3,1.4901161193847656e-08,-26.000000000000,7.558420713269,4.944422571894
82,position_only,8,3.1161462299422737e-12,-38.223374202982,4,1.1102230246251565e-16,-53.000000000000,14.776625797018,4.944422571894
82,position_only,12,3.3481572519398106e-18,-58.051338419849,16,8.2718061255302767e-25,-80.000000000000,21.948661580151,4.944422571894
82,position_only,16,3.9132902090528092e-24,-77.757892173029,16,6.1629758220391547e-33,-107.000000000000,29.242107826971,4.944422571894
82,rotor,4,2.5704503059387207e-06,-18.569547448334,124,1.4901161193847656e-08,-26.000000000000,7.430452551666,4.916634451660
82,rotor,8,3.025399375466975e-12,-38.266011537096,124,1.1102230246251565e-16,-53.000000000000,14.733988462904,4.916634451660
82,rotor,12,3.7561011199574609e-18,-57.885469804912,124,8.2718061255302767e-25,-80.000000000000,22.114530195088,4.916634451660
82,rotor,16,4.4119615850439422e-24,-77.584854047861,124,1.2325951644078309e-32,-106.000000000000,28.415145952139,4.916634451660
82,round_only,4,2.8721988201141357e-06,-18.409412950085,122,1.4901161193847656e-08,-26.000000000000,7.590587049915,4.923654582294
82,round_only,8,3.4247465974246438e-12,-38.087139893981,122,2.2204460492503131e-16,-52.000000000000,13.912860106019,4.923654582294
82,round_only,12,3.9694974328778324e-18,-57.805749344683,122,1.6543612251060553e-24,-79.000000000000,21.194250655317,4.923654582294
82,round_only,16,4.7272572635468009e-24,-77.485270897105,122,2.4651903288156619e-32,-105.000000000000,27.514729102895,4.923654582294
83,static,4,1.8067657947540283e-06,-19.078159062926,59,7.4505805969238281e-09,-27.000000000000,7.921840937074,5.017658414136
83,static,8,1.786043535290105e-12,-39.026369891682,100,5.5511151231257827e-17,-54.000000000000,14.973630108318,5.017658414136
83,static,12,1.597679914401778e-18,-59.118727306065,100,4.1359030627651384e-25,-81.000000000000,21.881272693935,5.017658414136
83,static,16,1.3598575174672169e-24,-79.282818779948,100,3.0814879110195774e-33,-108.000000000000,28.717181220052,5.017658414136
83,position_only,4,2.8349459171295166e-06,-18.428247356496,122,2.9802322387695312e-08,-25.000000000000,6.571752643504,4.967084904647
83,position_only,8,2.8977653609985055e-12,-38.328196357497,72,4.4408920985006262e-16,-51.000000000000,12.671803642503,4.967084904647
83,position_only,12,2.9555148810858959e-18,-58.231296223362,72,3.3087224502121107e-24,-78.000000000000,19.768703776638,4.967084904647
83,position_only,16,3.2593737946977755e-24,-78.021679463167,72,2.4651903288156619e-32,-105.000000000000,26.978320536833,4.967084904647
83,rotor,4,2.7231872081756592e-06,-18.486272404048,122,1.4901161193847656e-08,-26.000000000000,7.513727595952,4.981796414625
83,rotor,8,2.6884328097054322e-12,-38.436371722946,122,2.2204460492503131e-16,-52.000000000000,13.563628277054,4.981796414625
83,rotor,12,2.5978946135844404e-18,-58.417362800490,122,8.2718061255302767e-25,-80.000000000000,21.582637199510,4.981796414625
83,rotor,16,2.7824968174251958e-24,-78.249894239860,122,1.2325951644078309e-32,-106.000000000000,27.750105760140,4.981796414625
83,round_only,4,2.5220215320587158e-06,-18.596987976425,17,1.4901161193847656e-08,-26.000000000000,7.403012023575,4.959261515595
83,round_only,8,2.6120772211868371e-12,-38.477939590548,17,1.1102230246251565e-16,-53.000000000000,14.522060409452,4.959261515595
83,round_only,12,2.7693255207893709e-18,-58.325171062492,17,8.2718061255302767e-25,-80.000000000000,21.674828937508,4.959261515595
83,round_only,16,3.0770401112058901e-24,-78.104731027041,17,6.1629758220391547e-33,-107.000000000000,28.895268972959,4.959261515595
84,static,4,2.2351741790771484e-06,-18.771181309504,66,2.9802322387695312e-08,-25.000000000000,6.228818690496,5.019799977601
84,static,8,2.1479346079544825e-12,-38.760187066282,100,4.4408920985006262e-16,-51.000000000000,12.239812933718,5.019799977601
84,static,12,1.7601529208618537e-18,-58.979004933323,100,6.6174449004242214e-24,-77.000000000000,18.020995066677,5.019799977601
84,static,16,1.698230814269776e-24,-78.962241721838,66,9.8607613152626476e-32,-103.000000000000,24.037758278162,5.019799977601
84,position_only,4,3.6172568798065186e-06,-18.076672514581,6,1.4901161193847656e-08,-26.000000000000,7.923327485419,4.942769331197
84,position_only,8,4.4810127830530178e-12,-37.699312296554,8,2.2204460492503131e-16,-52.000000000000,14.300687703446,4.942769331197
84,position_only,12,4.7380922547637559e-18,-57.550399418598,8,1.6543612251060553e-24,-79.000000000000,21.449600581402,4.942769331197
84,position_only,16,5.1445315727840772e-24,-77.363234556521,8,1.2325951644078309e-32,-106.000000000000,28.636765443479,4.942769331197
84,rotor,4,2.1159648895263672e-06,-18.850252880495,6,7.4505805969238281e-09,-27.000000000000,8.149747119505,4.946126555343
84,rotor,8,2.6728341762094487e-12,-38.444766803717,8,1.1102230246251565e-16,-53.000000000000,14.555233196283,4.946126555343
84,rotor,12,2.8731561264091709e-18,-58.272069317373,8,8.2718061255302767e-25,-80.000000000000,21.727930682627,4.946126555343
84,rotor,16,2.9014381262189826e-24,-78.189506113854,8,3.0814879110195774e-33,-108.000000000000,29.810493886146,4.946126555343
84,round_only,4,2.6598572731018066e-06,-18.520219735971,13,1.4901161193847656e-08,-26.000000000000,7.479780264029,4.998831343642
84,round_only,8,2.550001876322483e-12,-38.512638830011,13,1.1102230246251565e-16,-53.000000000000,14.487361169989,4.998831343642
84,round_only,12,2.357929311087654e-18,-58.557185239897,77,1.6543612251060553e-24,-79.000000000000,20.442814760103,4.998831343642
84,round_only,16,2.3562382587755769e-24,-78.489788847901,77,1.2325951644078309e-32,-106.000000000000,27.510211152099,4.998831343642
85,static,4,2.3692846298217773e-06,-18.687117044716,50,1.4901161193847656e-08,-26.000000000000,7.312882955284,4.976725389454
85,static,8,2.5098534361944758e-12,-38.535534018715,50,2.2204460492503131e-16,-52.000000000000,13.464465981285,4.976725389454
85,static,12,2.4647000784959854e-18,-58.493293607654,62,1.6543612251060553e-24,-79.000000000000,20.506706392346,4.976725389454
85,static,16,2.5234635295288777e-24,-78.390869041125,62,2.4651903288156619e-32,-105.000000000000,26.609130958875,4.976725389454
85,position_only,4,1.605600118637085e-06,-19.248455940911,83,1.4901161193847656e-08,-26.000000000000,6.751544059089,5.087126792715
85,position_only,8,1.4462736563913836e-12,-39.330796581266,83,5.5511151231257827e-17,-54.000000000000,14.669203418734,5.087126792715
85,position_only,12,9.8516957631003002e-19,-59.816261727179,83,4.1359030627651384e-25,-81.000000000000,21.183738272821,5.087126792715
85,position_only,16,6.9638135521017162e-25,-80.248324795137,83,3.0814879110195774e-33,-108.000000000000,27.751675204863,5.087126792715
85,rotor,4,1.7248094081878662e-06,-19.145131616740,51,1.4901161193847656e-08,-26.000000000000,6.854868383260,5.005132291355
85,rotor,8,1.7719575806651733e-12,-39.037793071379,37,1.1102230246251565e-16,-53.000000000000,13.962206928621,5.005132291355
85,rotor,12,1.6451156723031853e-18,-59.076516680856,37,8.2718061255302767e-25,-80.000000000000,20.923483319144,5.005132291355
85,rotor,16,1.439552075439152e-24,-79.200654298316,37,6.1629758220391547e-33,-107.000000000000,27.799345701684,5.005132291355
85,round_only,4,2.5033950805664062e-06,-18.607682577221,102,1.4901161193847656e-08,-26.000000000000,7.392317422779,5.021993398632
85,round_only,8,2.3401142135170971e-12,-38.636558193774,102,1.1102230246251565e-16,-53.000000000000,14.363441806226,5.021993398632
85,round_only,12,1.9762729327442092e-18,-58.811923504205,102,1.6543612251060553e-24,-79.000000000000,20.188076495795,5.021993398632
85,round_only,16,1.8452310682605273e-24,-78.842472788837,102,6.1629758220391547e-33,-107.000000000000,28.157527211163,5.021993398632
86,static,4,2.1867454051971436e-06,-18.802783306890,64,7.4505805969238281e-09,-27.000000000000,8.197216693110,5.053488834248
86,static,8,1.9708679133145779e-12,-38.884306047803,95,1.1102230246251565e-16,-53.000000000000,14.115693952197,5.053488834248
86,static,12,1.465651393784293e-18,-59.243163709730,95,1.6543612251060553e-24,-79.000000000000,19.756836290270,5.053488834248
86,static,16,1.2569486689252291e-24,-79.396348542892,95,1.2325951644078309e-32,-106.000000000000,26.603651457108,5.053488834248
86,position_only,4,2.123415470123291e-06,-18.845181890948,99,1.4901161193847656e-08,-26.000000000000,7.154818109052,5.042061069924
86,position_only,8,2.1539853234386896e-12,-38.756128718791,99,1.1102230246251565e-16,-53.000000000000,14.243871281209,5.042061069924
86,position_only,12,1.6381693197116947e-18,-59.082621227621,99,1.6543612251060553e-24,-79.000000000000,19.917378772379,5.042061069924
86,position_only,16,1.346401750028736e-24,-79.297165320326,99,1.2325951644078309e-32,-106.000000000000,26.702834679674,5.042061069924
86,rotor,4,1.8179416656494141e-06,-19.069262662437,94,7.4505805969238281e-09,-27.000000000000,7.930737337563,5.027346727700
86,rotor,8,1.6559947857430757e-12,-39.135439008441,94,5.5511151231257827e-17,-54.000000000000,14.864560991559,5.027346727700
86,rotor,12,1.4177206199850609e-18,-59.291132448931,30,4.1359030627651384e-25,-81.000000000000,21.708867551069,5.027346727700
86,rotor,16,1.2695228765984058e-24,-79.381987884944,30,3.0814879110195774e-33,-108.000000000000,28.618012115056,5.027346727700
86,round_only,4,1.7583370208740234e-06,-19.117356950638,42,7.4505805969238281e-09,-27.000000000000,7.882643049362,5.044481074720
86,round_only,8,1.4698103845134369e-12,-39.307507089006,67,1.1102230246251565e-16,-53.000000000000,13.692492910994,5.044481074720
86,round_only,12,1.2251971758466994e-18,-59.501691761418,67,8.2718061255302767e-25,-80.000000000000,20.498308238582,5.044481074720
86,round_only,16,1.0574317531508242e-24,-79.645709722763,7,6.1629758220391547e-33,-107.000000000000,27.354290277237,5.044481074720
87,static,4,2.212822437286377e-06,-18.785680879199,56,7.4505805969238281e-09,-27.000000000000,8.214319120801,5.029405423864
87,static,8,1.8818419045274482e-12,-38.950991707784,1,5.5511151231257827e-17,-54.000000000000,15.049008292216,5.029405423864
87,static,12,1.6810506211603851e-18,-59.045342539141,1,4.1359030627651384e-25,-81.000000000000,21.954657460859,5.029405423864
87,static,16,1.4948195705031719e-24,-79.146302920264,1,1.5407439555097887e-33,-109.000000000000,29.853697079736,5.029405423864
87,position_only,4,2.2873282432556152e-06,-18.737905154630,125,1.4901161193847656e-08,-26.000000000000,7.262094845370,5.043625102108
87,position_only,8,1.8788859357243837e-12,-38.953259653029,64,1.1102230246251565e-16,-53.000000000000,14.046740346971,5.043625102108
87,position_only,12,1.6037581409403942e-18,-59.113249119281,125,8.2718061255302767e-25,-80.000000000000,20.886750880719,5.043625102108
87,position_only,16,1.375571296017048e-24,-79.266243360656,125,1.2325951644078309e-32,-106.000000000000,26.733756639344,5.043625102108
87,rotor,4,2.3171305656433105e-06,-18.719229229869,54,7.4505805969238281e-09,-27.000000000000,8.280770770131,4.999464076744
87,rotor,8,2.0406593082000768e-12,-38.834101796747,68,1.1102230246251565e-16,-53.000000000000,14.165898203253,4.999464076744
87,rotor,12,2.0381578815856928e-18,-58.767439896823,125,8.2718061255302767e-25,-80.000000000000,21.232560103177,4.999464076744
87,rotor,16,1.9888990582318284e-24,-78.734304219769,125,6.1629758220391547e-33,-107.000000000000,28.265695780231,4.999464076744
87,round_only,4,2.2761523723602295e-06,-18.744971430181,42,1.4901161193847656e-08,-26.000000000000,7.255028569819,4.975778912771
87,round_only,8,2.3990531783368851e-12,-38.600672001329,42,1.1102230246251565e-16,-53.000000000000,14.399327998671,4.975778912771
87,round_only,12,2.4245822323774698e-18,-58.516969522817,42,8.2718061255302767e-25,-80.000000000000,21.483030477183,4.975778912771
87,round_only,16,2.4222534883240514e-24,-78.449924426628,53,6.1629758220391547e-33,-107.000000000000,28.550075573372,4.975778912771
88,static,4,3.2112002372741699e-06,-18.248455940911,127,1.4901161193847656e-08,-26.000000000000,7.751544059089,4.981839363674
88,static,8,4.1768671854569561e-12,-37.800715868724,127,1.1102230246251565e-16,-53.000000000000,15.199284131276,4.981839363674
88,static,12,3.7150880059222215e-18,-57.901309321111,127,8.2718061255302767e-25,-80.000000000000,22.098690678889,4.981839363674
88,static,16,3.3717353554665928e-24,-77.972782972434,127,6.1629758220391547e-33,-107.000000000000,29.027217027566,4.981839363674
88,position_only,4,2.8870999813079834e-06,-18.401947499838,27,1.4901161193847656e-08,-26.000000000000,7.598052500162,4.960580851542
88,position_only,8,3.0882241208729511e-12,-38.236359681917,27,1.1102230246251565e-16,-53.000000000000,14.763640318083,4.960580851542
88,position_only,12,3.2487330891418689e-18,-58.094828489017,27,8.2718061255302767e-25,-80.000000000000,21.905171510983,4.960580851542
88,position_only,16,3.4888180492268156e-24,-77.923535918034,27,6.1629758220391547e-33,-107.000000000000,29.076464081966,4.960580851542
88,rotor,4,2.3320317268371582e-06,-18.709981153067,72,7.4505805969238281e-09,-27.000000000000,8.290018846933,4.911850855893
88,rotor,8,2.8512331384789036e-12,-38.351551128844,14,1.1102230246251565e-16,-53.000000000000,14.648448871156,4.911850855893
88,rotor,12,3.4941410332741011e-18,-57.989767867348,14,4.1359030627651384e-25,-81.000000000000,23.010232132652,4.911850855893
88,rotor,16,4.2018382462354853e-24,-77.655253652136,14,3.0814879110195774e-33,-108.000000000000,30.344746347864,4.911850855893
88,round_only,4,2.2910535335540771e-06,-18.735557399773,127,1.4901161193847656e-08,-26.000000000000,7.264442600227,4.932069196586
88,round_only,8,2.9303504067712538e-12,-38.312063948443,14,1.1102230246251565e-16,-53.000000000000,14.687936051557,4.932069196586
88,round_only,12,3.2918652848101043e-18,-58.075800411373,14,8.2718061255302767e-25,-80.000000000000,21.924199588627,4.932069196586
88,round_only,16,3.5252031776482499e-24,-77.908567866611,14,1.2325951644078309e-32,-106.000000000000,28.091432133389,4.932069196586
89,static,4,2.8200447559356689e-06,-18.435850510014,32,1.4901161193847656e-08,-26.000000000000,7.564149489986,4.928268633921
89,static,8,3.0342117707249372e-12,-38.261815357641,32,1.1102230246251565e-16,-53.000000000000,14.738184642359,4.928268633921
89,static,12,3.6629499847323917e-18,-57.921699705881,35,8.2718061255302767e-25,-80.000000000000,22.078300294119,4.928268633921
89,static,16,4.3877158451662103e-24,-77.592804179551,35,1.2325951644078309e-32,-106.000000000000,28.407195820449,4.928268633921
89,position_only,4,2.298504114151001e-06,-18.730873320851,31,7.4505805969238281e-09,-27.000000000000,8.269126679149,4.972670985577
89,position_only,8,2.6844776401802051e-12,-38.438495750340,31,5.5511151231257827e-17,-54.000000000000,15.561504249660,4.972670985577
89,position_only,12,2.5711405423459667e-18,-58.432297235800,31,4.1359030627651384e-25,-81.000000000000,22.567702764200,4.972670985577
89,position_only,16,2.5628013292666294e-24,-78.368552633389,31,3.0814879110195774e-33,-108.000000000000,29.631447366611,4.972670985577
89,rotor,4,2.514570951461792e-06,-18.601256308062,87,1.4901161193847656e-08,-26.000000000000,7.398743691938,4.947506295526
89,rotor,8,2.7986502004750946e-12,-38.378405960982,87,2.2204460492503131e-16,-52.000000000000,13.621594039018,4.947506295526
89,rotor,12,3.0725273335497644e-18,-58.175279862940,87,3.3087224502121107e-24,-78.000000000000,19.824720137060,4.947506295526
89,rotor,16,3.3804734808542854e-24,-77.969048947760,87,4.9303806576313238e-32,-104.000000000000,26.030951052240,4.947506295526
89,round_only,4,2.0228326320648193e-06,-18.915191612196,62,2.9802322387695312e-08,-25.000000000000,6.084808387804,4.935931646136
89,round_only,8,2.3726992592898455e-12,-38.616607888781,62,2.2204460492503131e-16,-52.000000000000,13.383392111219,4.935931646136
89,round_only,12,2.7353396162504992e-18,-58.342985740672,62,1.6543612251060553e-24,-79.000000000000,20.657014259328,4.935931646136
89,round_only,16,2.9775381659057542e-24,-78.152154276710,62,2.4651903288156619e-32,-105.000000000000,26.847845723290,4.935931646136
90,static,4,2.08243727684021e-06,-18.873295527157,16,1.4901161193847656e-08,-26.000000000000,7.126704472843,5.005004529202
90,static,8,2.058367365442848e-12,-38.821636649612,16,5.5511151231257827e-17,-54.000000000000,15.178363350388,5.005004529202
90,static,12,1.9095513037647631e-18,-58.861472026717,16,8.2718061255302767e-25,-80.000000000000,21.138527973283,5.005004529202
90,static,16,1.7405341892470652e-24,-78.926744124153,16,3.0814879110195774e-33,-108.000000000000,29.073255875847,5.005004529202
90,position_only,4,3.0137598514556885e-06,-18.340004107570,68,1.4901161193847656e-08,-26.000000000000,7.659995892430,4.934257688915
90,position_only,8,3.6167041583823334e-12,-38.008461546375,68,2.2204460492503131e-16,-52.000000000000,13.991538453625,4.934257688915
90,position_only,12,3.8889593027293366e-18,-57.835321570670,68,1.6543612251060553e-24,-79.000000000000,21.164678429330,4.934257688915
90,position_only,16,4.6111320857251801e-24,-77.521153285004,68,2.4651903288156619e-32,-105.000000000000,27.478846714996,4.934257688915
90,rotor,4,2.3432075977325439e-06,-18.703083793121,13,1.4901161193847656e-08,-26.000000000000,7.296916206879,4.908435393927
90,rotor,8,3.2627928137074491e-12,-38.157029758980,13,1.1102230246251565e-16,-53.000000000000,14.842970241020,4.908435393927
90,rotor,12,3.7995051478544965e-18,-57.868894175528,13,8.2718061255302767e-25,-80.000000000000,22.131105824472,4.908435393927
90,rotor,16,4.432149986989354e-24,-77.578267573296,13,6.1629758220391547e-33,-107.000000000000,29.421732426704,4.908435393927
90,round_only,4,2.5629997253417969e-06,-18.573735245298,13,1.4901161193847656e-08,-26.000000000000,7.426264754702,4.922529102122
90,round_only,8,3.0691282848493984e-12,-38.245308189146,13,1.1102230246251565e-16,-53.000000000000,14.754691810854,4.922529102122
90,round_only,12,3.6939381867313712e-18,-57.909545983082,13,1.6543612251060553e-24,-79.000000000000,21.090454016918,4.922529102122
90,round_only,16,4.209251177169265e-24,-77.652710675614,13,1.2325951644078309e-32,-106.000000000000,28.347289324386,4.922529102122
91,static,4,2.3208558559417725e-06,-18.716911646976,91,1.4901161193847656e-08,-26.000000000000,7.283088353024,4.955176235725
91,static,8,2.5770496847599134e-12,-38.497416786447,91,1.1102230246251565e-16,-53.000000000000,14.502583213553,4.955176235725
91,static,12,2.741760037068771e-18,-58.339603398154,91,8.2718061255302767e-25,-80.000000000000,21.660396601846,4.955176235725
91,static,16,2.9371325160140026e-24,-78.171865919403,91,6.1629758220391547e-33,-107.000000000000,28.828134080597,4.955176235725
91,position_only,4,2.7790665626525879e-06,-18.456968179745,58,1.4901161193847656e-08,-26.000000000000,7.543031820255,4.950841335486
91,position_only,8,2.9987401450881634e-12,-38.278780627324,70,5.5511151231257827e-17,-54.000000000000,15.721219372676,4.950841335486
91,position_only,12,3.2598688013432109e-18,-58.089891805927,58,4.1359030627651384e-25,-81.000000000000,22.910108194073,4.950841335486
91,position_only,16,3.6345884561625967e-24,-77.864482260020,58,3.0814879110195774e-33,-108.000000000000,30.135517739980,4.950841335486
91,rotor,4,2.6598572731018066e-06,-18.520219735971,58,1.4901161193847656e-08,-26.000000000000,7.479780264029,4.935645767453
91,rotor,8,3.0056096500530316e-12,-38.275479485515,58,1.1102230246251565e-16,-53.000000000000,14.724520514485,4.935645767453
91,rotor,12,3.4241794929316497e-18,-58.018947379255,70,8.2718061255302767e-25,-80.000000000000,21.981052620745,4.935645767453
91,rotor,16,3.9411052363778751e-24,-77.747674004103,70,6.1629758220391547e-33,-107.000000000000,29.252325995897,4.935645767453
91,round_only,4,2.2277235984802246e-06,-18.775998325802,59,1.4901161193847656e-08,-26.000000000000,7.224001674198,4.948766559206
91,round_only,8,2.5010410409365136e-12,-38.540608406971,59,1.1102230246251565e-16,-53.000000000000,14.459391593029,4.948766559206
91,round_only,12,2.7065315521534798e-18,-58.358260501198,59,8.2718061255302767e-25,-80.000000000000,21.641739498802,4.948766559206
91,round_only,16,2.9744148128999755e-24,-78.153668417135,59,6.1629758220391547e-33,-107.000000000000,28.846331582865,4.948766559206
92,static,4,3.3639371395111084e-06,-18.181417822519,67,1.4901161193847656e-08,-26.000000000000,7.818582177481,4.863841359468
92,static,8,5.2014365037322818e-12,-37.484227024893,67,1.1102230246251565e-16,-53.000000000000,15.515772975107,4.863841359468
92,static,12,6.7935659734011158e-18,-57.030536657554,67,1.6543612251060553e-24,-79.000000000000,21.969463342446,4.863841359468
92,static,16,9.2475735691177891e-24,-76.517199404534,67,1.2325951644078309e-32,-106.000000000000,29.482800595466,4.863841359468
92,position_only,4,2.1643936634063721e-06,-18.817605646595,118,7.4505805969238281e-09,-27.000000000000,8.182394353405,4.952648415032
92,position_only,8,2.394279219330997e-12,-38.603545730371,57,5.5511151231257827e-17,-54.000000000000,15.396454269629,4.952648415032
92,position_only,12,2.6188551118125927e-18,-58.405769463195,64,4.1359030627651384e-25,-81.000000000000,22.594230536805,4.952648415032
92,position_only,16,2.7780983503070341e-24,-78.252176602748,64,3.0814879110195774e-33,-108.000000000000,29.747823397252,4.952648415032
92,rotor,4,2.1867454051971436e-06,-18.802783306890,47,7.4505805969238281e-09,-27.000000000000,8.197216693110,4.940164956490
92,rotor,8,2.7653712653119555e-12,-38.395663955958,69,1.1102230246251565e-16,-53.000000000000,14.604336044042,4.940164956490
92,rotor,12,2.9179330156291031e-18,-58.249758942993,45,8.2718061255302767e-25,-80.000000000000,21.750241057007,4.940164956490
92,rotor,16,3.1880108651320421e-24,-78.053617731078,45,6.1629758220391547e-33,-107.000000000000,28.946382268922,4.940164956490
92,round_only,4,2.2165477275848389e-06,-18.783254141805,60,7.4505805969238281e-09,-27.000000000000,8.216745858195,4.941082404555
92,round_only,8,2.5164315076153798e-12,-38.531757807640,98,1.1102230246251565e-16,-53.000000000000,14.468242192360,4.941082404555
92,round_only,12,2.8886155633711158e-18,-58.264327494974,104,8.2718061255302767e-25,-80.000000000000,21.735672505026,4.941082404555
92,round_only,16,3.1154587976629449e-24,-78.086829640091,104,6.1629758220391547e-33,-107.000000000000,28.913170359909,4.941082404555
93,static,4,2.1383166313171387e-06,-18.835093073324,49,1.4901161193847656e-08,-26.000000000000,7.164906926676,4.960795668623
93,static,8,2.4995977510045009e-12,-38.541441191490,37,1.1102230246251565e-16,-53.000000000000,14.458558808510,4.960795668623
93,static,12,2.4640918939506058e-18,-58.493649648176,37,8.2718061255302767e-25,-80.000000000000,21.506350351824,4.960795668623
93,static,16,2.6353144336322076e-24,-78.328299169408,37,6.1629758220391547e-33,-107.000000000000,28.671700830592,4.960795668623
93,position_only,4,2.1308660507202148e-06,-18.840128663222,61,1.4901161193847656e-08,-26.000000000000,7.159871336778,5.056925299622
93,position_only,8,1.6308759898109315e-12,-39.157490053525,82,1.1102230246251565e-16,-53.000000000000,13.842509946475,5.056925299622
93,position_only,12,1.4475005696030419e-18,-59.261141792046,82,8.2718061255302767e-25,-80.000000000000,20.738858207954,5.056925299622
93,position_only,16,1.1185984207457159e-24,-79.564582078678,82,6.1629758220391547e-33,-107.000000000000,27.435417921322,5.056925299622
93,rotor,4,2.1755695343017578e-06,-18.810175441120,82,1.4901161193847656e-08,-26.000000000000,7.189824558880,5.023614234483
93,rotor,8,2.0271145872996499e-12,-38.843709495894,82,1.1102230246251565e-16,-53.000000000000,14.156290504106,5.023614234483
93,rotor,12,1.7444641480750784e-18,-58.991921760154,82,8.2718061255302767e-25,-80.000000000000,21.008078239846,5.023614234483
93,rotor,16,1.5698714898400729e-24,-79.075627812803,82,6.1629758220391547e-33,-107.000000000000,27.924372187197,5.023614234483
93,round_only,4,2.2873282432556152e-06,-18.737905154630,47,1.4901161193847656e-08,-26.000000000000,7.262094845370,5.046784347889
93,round_only,8,1.9355628211314979e-12,-38.910384005772,47,1.1102230246251565e-16,-53.000000000000,14.089615994228,5.046784347889
93,round_only,12,1.6110001072032959e-18,-59.106749117925,47,1.6543612251060553e-24,-79.000000000000,19.893250882075,5.046784347889
93,round_only,16,1.3472642581098444e-24,-79.296241422434,47,1.2325951644078309e-32,-106.000000000000,26.703758577566,5.046784347889
94,static,4,2.3543834686279297e-06,-18.696219251823,66,1.4901161193847656e-08,-26.000000000000,7.303780748177,4.997169538949
94,static,8,2.4464735792761871e-12,-38.572433436197,0,5.5511151231257827e-17,-54.000000000000,15.427566563803,4.997169538949
94,static,12,2.3422473625409322e-18,-58.566812262421,0,4.1359030627651384e-25,-81.000000000000,22.433187737579,4.997169538949
94,static,16,2.0935056063160739e-24,-78.660353495739,0,3.0814879110195774e-33,-108.000000000000,29.339646504261,4.997169538949
94,position_only,4,2.3357570171356201e-06,-18.707678367198,37,2.9802322387695312e-08,-25.000000000000,6.292321632802,4.997269019923
94,position_only,8,2.2333523919115805e-12,-38.703926232337,119,4.4408920985006262e-16,-51.000000000000,12.296073767663,4.997269019923
94,position_only,12,2.2082329880678606e-18,-58.651813310767,119,3.3087224502121107e-24,-78.000000000000,19.348186689233,4.997269019923
94,position_only,16,2.0528639292799987e-24,-78.688636273357,119,4.9303806576313238e-32,-104.000000000000,25.311363726643,4.997269019923
94,rotor,4,2.7827918529510498e-06,-18.455035567211,15,1.4901161193847656e-08,-26.000000000000,7.544964432789,4.970288566697
94,rotor,8,2.7838287230963488e-12,-38.386066687498,15,1.1102230246251565e-16,-53.000000000000,14.613933312502,4.970288566697
94,rotor,12,2.9290302639319614e-18,-58.244282608166,15,1.6543612251060553e-24,-79.000000000000,20.755717391834,4.970288566697
94,rotor,16,3.0740269098373507e-24,-78.106144482951,15,1.2325951644078309e-32,-106.000000000000,27.893855517049,4.970288566697
94,round_only,4,2.3022294044494629e-06,-18.728536972096,21,1.4901161193847656e-08,-26.000000000000,7.271463027904,4.963537934513
94,round_only,8,2.7332303087490573e-12,-38.412530108611,20,1.1102230246251565e-16,-53.000000000000,14.587469891389,4.963537934513
94,round_only,12,2.7210899309344131e-18,-58.350521070103,20,8.2718061255302767e-25,-80.000000000000,21.649478929897,4.963537934513
94,round_only,16,2.7572469733635072e-24,-78.263045778433,20,1.2325951644078309e-32,-106.000000000000,27.736954221567,4.963537934513
95,static,4,2.0563602447509766e-06,-18.891475543222,15,1.4901161193847656e-08,-26.000000000000,7.108524456778,5.004390086193
95,static,8,1.9229062786507711e-12,-38.919848690386,111,1.1102230246251565e-16,-53.000000000000,14.080151309614,5.004390086193
95,static,12,1.7634919905007888e-18,-58.976270684684,111,4.1359030627651384e-25,-81.000000000000,22.023729315316,5.004390086193
95,static,16,1.7351634666632511e-24,-78.931202694357,111,3.0814879110195774e-33,-108.000000000000,29.068797305643,5.004390086193
95,position_only,4,2.4624168872833252e-06,-18.631493538492,18,1.4901161193847656e-08,-26.000000000000,7.368506461508,5.022526628651
95,position_only,8,2.3690494010963903e-12,-38.618828855658,18,2.2204460492503131e-16,-52.000000000000,13.381171144342,5.022526628651
95,position_only,12,1.906865189821862e-18,-58.863502855329,18,1.6543612251060553e-24,-79.000000000000,20.136497144671,5.022526628651
95,position_only,16,1.8352590165056493e-24,-78.850290587276,18,1.2325951644078309e-32,-106.000000000000,27.149709412724,5.022526628651
95,rotor,4,1.8849968910217285e-06,-19.017006425306,12,1.4901161193847656e-08,-26.000000000000,6.982993574694,4.994122732653
95,rotor,8,1.8545859292729006e-12,-38.972040024291,80,1.1102230246251565e-16,-53.000000000000,14.027959975709,4.994122732653
95,rotor,12,1.797939978809348e-18,-58.948360848254,12,8.2718061255302767e-25,-80.000000000000,21.051639151746,4.994122732653
95,rotor,16,1.7168194883440152e-24,-78.946535919355,12,6.1629758220391547e-33,-107.000000000000,28.053464080645,4.994122732653
95,round_only,4,2.1532177925109863e-06,-18.825074317499,15,1.4901161193847656e-08,-26.000000000000,7.174925682501,5.000343815831
95,round_only,8,2.0467239014720917e-12,-38.829820639532,111,1.1102230246251565e-16,-53.000000000000,14.170179360468,5.000343815831
95,round_only,12,1.8981031240870292e-18,-58.870147331753,111,8.2718061255302767e-25,-80.000000000000,21.129852668247,5.000343815831
95,round_only,16,1.879121015579459e-24,-78.816216297843,111,1.2325951644078309e-32,-106.000000000000,27.183783702157,5.000343815831
96,static,4,2.4624168872833252e-06,-18.631493538492,25,1.4901161193847656e-08,-26.000000000000,7.368506461508,4.980083320234
96,static,8,2.557856704221706e-12,-38.508201694561,25,1.1102230246251565e-16,-53.000000000000,14.491798305439,4.980083320234
96,static,12,2.4769421447666171e-18,-58.486145536777,9,1.6543612251060553e-24,-79.000000000000,20.513854463223,4.980083320234
96,static,16,2.5543999263444726e-24,-78.373289860876,9,1.2325951644078309e-32,-106.000000000000,27.626710139124,4.980083320234
96,position_only,4,2.7231872081756592e-06,-18.486272404048,33,7.4505805969238281e-09,-27.000000000000,8.513727595952,4.988875978676
96,position_only,8,2.2403606747545268e-12,-38.699406128780,9,5.5511151231257827e-17,-54.000000000000,15.300593871220,4.988875978676
96,position_only,12,2.5025669076738027e-18,-58.471297067052,9,4.1359030627651384e-25,-81.000000000000,22.528702932948,4.988875978676
96,position_only,16,2.4833468952771955e-24,-78.413988473639,9,1.5407439555097887e-33,-109.000000000000,30.586011526361,4.988875978676
96,rotor,4,2.6375055313110352e-06,-18.532394449917,25,1.4901161193847656e-08,-26.000000000000,7.467605550083,4.955650543606
96,rotor,8,3.0840885401062224e-12,-38.238292954933,25,2.2204460492503131e-16,-52.000000000000,13.761707045067,4.955650543606
96,rotor,12,3.1771093293584922e-18,-58.126990971648,25,1.6543612251060553e-24,-79.000000000000,20.873009028352,4.955650543606
96,rotor,16,3.3591710305103327e-24,-77.978169025759,25,1.2325951644078309e-32,-106.000000000000,28.021830974241,4.955650543606
96,round_only,4,2.4326145648956299e-06,-18.649060818454,35,1.4901161193847656e-08,-26.000000000000,7.350939181546,4.955847681420
96,round_only,8,2.5735524822323441e-12,-38.499375935049,35,1.1102230246251565e-16,-53.000000000000,14.500624064951,4.955847681420
96,round_only,12,2.8739974724897139e-18,-58.271646914941,35,8.2718061255302767e-25,-80.000000000000,21.728353085059,4.955847681420
96,round_only,16,3.0104963463916614e-24,-78.136272910762,35,6.1629758220391547e-33,-107.000000000000,28.863727089238,4.955847681420
97,static,4,2.5369226932525635e-06,-18.588489011988,3,7.4505805969238281e-09,-27.000000000000,8.411510988012,5.008406034924
97,static,8,2.2877949534816366e-12,-38.669179384107,3,5.5511151231257827e-17,-54.000000000000,15.330820615893,5.008406034924
97,static,12,2.1630810241389239e-18,-58.681618001557,3,2.0679515313825692e-25,-82.000000000000,23.318381998443,5.008406034924
97,static,16,2.0418133719711104e-24,-78.696423271824,3,1.5407439555097887e-33,-109.000000000000,30.303576728176,5.008406034924
97,position_only,4,2.0191073417663574e-06,-18.917850958646,24,1.4901161193847656e-08,-26.000000000000,7.082149041354,4.945891223034
97,position_only,8,2.2845753067102237e-12,-38.671211139601,17,1.1102230246251565e-16,-53.000000000000,14.328788860399,4.945891223034
97,position_only,12,2.6014561948081523e-18,-58.415386293591,17,8.2718061255302767e-25,-80.000000000000,21.584613706409,4.945891223034
97,position_only,16,2.7218710678626357e-24,-78.281675547766,17,6.1629758220391547e-33,-107.000000000000,28.718324452234,4.945891223034
97,rotor,4,2.4214386940002441e-06,-18.655704092084,12,1.4901161193847656e-08,-26.000000000000,7.344295907916,4.959443013129
97,rotor,8,3.1267627376152518e-12,-38.218467388606,12,1.1102230246251565e-16,-53.000000000000,14.781532611394,4.959443013129
97,rotor,12,3.0737088059584315e-18,-58.174725213113,12,8.2718061255302767e-25,-80.000000000000,21.825274786887,4.959443013129
97,rotor,16,3.0246103248479471e-24,-78.129524992305,12,1.2325951644078309e-32,-106.000000000000,27.870475007695,4.959443013129
97,round_only,4,2.1904706954956055e-06,-18.800327655164,44,1.4901161193847656e-08,-26.000000000000,7.199672344836,4.980485042713
97,round_only,8,2.5525831448547365e-12,-38.511179184121,12,1.1102230246251565e-16,-53.000000000000,14.488820815879,4.980485042713
97,round_only,12,2.4156388072933348e-18,-58.522300952764,12,8.2718061255302767e-25,-80.000000000000,21.477699047236,4.980485042713
97,round_only,16,2.281295461088581e-24,-78.536420968462,44,6.1629758220391547e-33,-107.000000000000,28.463579031538,4.980485042713
98,static,4,2.4549663066864014e-06,-18.635865344992,45,1.4901161193847656e-08,-26.000000000000,7.364134655008,5.048631749644
98,static,8,2.0459883787182775e-12,-38.830339188097,45,1.1102230246251565e-16,-53.000000000000,14.169660811903,5.048631749644
98,static,12,1.7042992043604356e-18,-59.025527072671,45,8.2718061255302767e-25,-80.000000000000,20.974472927329,5.048631749644
98,static,16,1.4211395536583812e-24,-79.219226045386,45,6.1629758220391547e-33,-107.000000000000,27.780773954614,5.048631749644
98,position_only,4,3.0510127544403076e-06,-18.322280358359,90,1.4901161193847656e-08,-26.000000000000,7.677719641641,4.920724222009
98,position_only,8,3.4897917888798702e-12,-38.059996175025,90,1.1102230246251565e-16,-53.000000000000,14.940003824975,4.920724222009
98,position_only,12,4.3273784690673952e-18,-57.681212404738,90,8.2718061255302767e-25,-80.000000000000,22.318787595262,4.920724222009
98,position_only,16,5.0446110379735154e-24,-77.391531241904,90,6.1629758220391547e-33,-107.000000000000,29.608468758096,4.920724222009
98,rotor,4,1.7844140529632568e-06,-19.096118154264,103,1.4901161193847656e-08,-26.000000000000,6.903881845736,5.008219031676
98,rotor,8,1.7500029203532108e-12,-39.055779809062,4,1.1102230246251565e-16,-53.000000000000,13.944220190938,5.008219031676
98,rotor,12,1.6209066807131724e-18,-59.097904673963,45,8.2718061255302767e-25,-80.000000000000,20.902095326037,5.008219031676
98,rotor,16,1.4485511770454467e-24,-79.191663621639,45,1.2325951644078309e-32,-106.000000000000,26.808336378361,5.008219031676
98,round_only,4,2.2612512111663818e-06,-18.754447293744,76,1.4901161193847656e-08,-26.000000000000,7.245552706256,5.006031774213
98,round_only,8,1.9987483890204771e-12,-38.864040267746,103,1.1102230246251565e-16,-53.000000000000,14.135959732254,5.006031774213
98,round_only,12,1.9143254800676895e-18,-58.857869565422,58,8.2718061255302767e-25,-80.000000000000,21.142130434578,5.006031774213
98,round_only,16,1.8523367833236701e-24,-78.836927850697,58,6.1629758220391547e-33,-107.000000000000,28.163072149303,5.006031774213
99,static,4,3.1292438507080078e-06,-18.285754482334,3,1.4901161193847656e-08,-26.000000000000,7.714245517666,4.930257355405
99,static,8,4.175979007037256e-12,-37.801022679260,9,1.1102230246251565e-16,-53.000000000000,15.198977320740,4.930257355405
99,static,12,4.2116586414070057e-18,-57.720317198557,9,8.2718061255302767e-25,-80.000000000000,22.279682801443,4.930257355405
99,static,16,5.0753942594176573e-24,-77.382754381302,9,6.1629758220391547e-33,-107.000000000000,29.617245618698,4.930257355405
99,position_only,4,2.4549663066864014e-06,-18.635865344992,97,1.4901161193847656e-08,-26.000000000000,7.364134655008,4.960339293567
99,position_only,8,2.7774310629169463e-12,-38.389386034927,97,2.2204460492503131e-16,-52.000000000000,13.610613965073,4.960339293567
99,position_only,12,2.9444170123975782e-18,-58.236723695846,97,1.6543612251060553e-24,-79.000000000000,20.763276304154,4.960339293567
99,position_only,16,2.9656141523743956e-24,-78.157943372244,97,1.2325951644078309e-32,-106.000000000000,27.842056627756,4.960339293567
99,rotor,4,2.2500753402709961e-06,-18.761595260675,97,7.4505805969238281e-09,-27.000000000000,8.238404739325,4.966889578450
99,rotor,8,2.5670021663870557e-12,-38.503052625191,97,1.1102230246251565e-16,-53.000000000000,14.496947374809,4.966889578450
99,rotor,12,2.5286120334285302e-18,-58.456360007620,97,8.2718061255302767e-25,-80.000000000000,21.543639992380,4.966889578450
99,rotor,16,2.6218535418719236e-24,-78.335687179196,97,6.1629758220391547e-33,-107.000000000000,28.664312820804,4.966889578450
99,round_only,4,2.0600855350494385e-06,-18.888864329765,45,1.4901161193847656e-08,-26.000000000000,7.111135670235,4.979929652516
99,round_only,8,2.0452389781766556e-12,-38.830867712358,45,1.1102230246251565e-16,-53.000000000000,14.169132287642,4.979929652516
99,round_only,12,2.1152172519693086e-18,-58.713899859170,45,8.2718061255302767e-25,-80.000000000000,21.286100140830,4.979929652516
99,round_only,16,2.0936572738769734e-24,-78.660248981038,45,6.1629758220391547e-33,-107.000000000000,28.339751018962,4.979929652516
100,static,4,3.3304095268249512e-06,-18.195868978817,77,1.4901161193847656e-08,-26.000000000000,7.804131021183,5.032238297634
100,static,8,2.7050306439235783e-12,-38.427492200941,77,1.1102230246251565e-16,-53.000000000000,14.572507799059,5.032238297634
100,static,12,2.3781789509768935e-18,-58.544848430242,85,8.2718061255302767e-25,-80.000000000000,21.455151569758,5.032238297634
100,static,16,2.2033215768846171e-24,-78.586594204174,85,6.1629758220391547e-33,-107.000000000000,28.413405795826,5.032238297634
100,position_only,4,2.7045607566833496e-06,-18.496174262004,71,1.4901161193847656e-08,-26.000000000000,7.503825737996,4.976131789224
100,position_only,8,3.0093982861245649e-12,-38.273662082362,40,1.1102230246251565e-16,-53.000000000000,14.726337917638,4.976131789224
100,position_only,12,2.9591221640384514e-18,-58.229536450165,40,8.2718061255302767e-25,-80.000000000000,21.770463549835,4.976131789224
100,position_only,16,2.8951423426976174e-24,-78.192639995730,40,6.1629758220391547e-33,-107.000000000000,28.807360004270,4.976131789224
100,rotor,4,2.4028122425079346e-06,-18.666844649689,61,7.4505805969238281e-09,-27.000000000000,8.333155350311,5.039992445224
100,rotor,8,1.797034743233894e-12,-39.017518836975,61,5.5511151231257827e-17,-54.000000000000,14.982481163025,5.039992445224
100,rotor,12,1.6264350906383823e-18,-59.092992460929,16,4.1359030627651384e-25,-81.000000000000,21.907007539071,5.039992445224
100,rotor,16,1.4654613299878146e-24,-79.174919378031,16,3.0814879110195774e-33,-108.000000000000,28.825080621969,5.039992445224
100,round_only,4,1.9483268260955811e-06,-18.969332863753,40,7.4505805969238281e-09,-27.000000000000,8.030667136247,5.013171506425
100,round_only,8,1.8727380757255219e-12,-38.957988002696,40,5.5511151231257827e-17,-54.000000000000,15.042011997304,5.013171506425
100,round_only,12,1.7087711495470504e-18,-59.021746513721,40,4.1359030627651384e-25,-81.000000000000,21.978253486279,5.013171506425
100,round_only,16,1.5184234360638525e-24,-79.123700112417,40,3.0814879110195774e-33,-108.000000000000,28.876299887583,5.013171506425
101,static,4,1.8849968910217285e-06,-19.017006425306,71,1.4901161193847656e-08,-26.000000000000,6.982993574694,5.042111697987
101,static,8,1.6516371603714219e-12,-39.139240355297,71,1.1102230246251565e-16,-53.000000000000,13.860759644703,5.042111697987
101,static,12,1.3749517117021012e-18,-59.335324755889,88,8.2718061255302767e-25,-80.000000000000,20.664675244111,5.042111697987
101,static,16,1.159208446663899e-24,-79.513134264940,88,6.1629758220391547e-33,-107.000000000000,27.486865735060,5.042111697987
101,position_only,4,4.2729079723358154e-06,-17.836350323984,81,1.4901161193847656e-08,-26.000000000000,8.163649676016,4.827088621201
101,position_only,8,6.3933303096064265e-12,-37.186569506449,90,2.2204460492503131e-16,-52.000000000000,14.813430493551,4.827088621201
101,position_only,12,1.0635733530034706e-17,-56.383858075917,90,1.6543612251060553e-24,-79.000000000000,22.616141924083,4.827088621201
101,position_only,16,1.5219388903988634e-23,-75.798435750170,90,1.2325951644078309e-32,-106.000000000000,30.201564249830,4.827088621201
101,rotor,4,2.3692846298217773e-06,-18.687117044716,81,1.4901161193847656e-08,-26.000000000000,7.312882955284,4.946426391604
101,rotor,8,2.6151858456557875e-12,-38.476223664804,81,1.1102230246251565e-16,-53.000000000000,14.523776335196,4.946426391604
101,rotor,12,3.0641186807316448e-18,-58.179233530557,81,1.6543612251060553e-24,-79.000000000000,20.820766469443,4.946426391604
101,rotor,16,3.1480867562746576e-24,-78.071798977518,81,1.2325951644078309e-32,-106.000000000000,27.928201022482,4.946426391604
101,round_only,4,3.1068921089172363e-06,-18.296096426555,84,1.4901161193847656e-08,-26.000000000000,7.703903573445,4.939962669111
101,round_only,8,3.5978997559027448e-12,-38.015982147633,84,2.2204460492503131e-16,-52.000000000000,13.984017852367,4.939962669111
101,round_only,12,4.1818560477197561e-18,-57.730562307168,84,1.6543612251060553e-24,-79.000000000000,21.269437692832,4.939962669111
101,round_only,16,4.3940023736312278e-24,-77.590738628194,84,1.2325951644078309e-32,-106.000000000000,28.409261371806,4.939962669111
102,static,4,3.0733644962310791e-06,-18.311749690867,101,1.4901161193847656e-08,-26.000000000000,7.688250309133,4.959367279776
102,static,8,3.9011432972912985e-12,-37.899240146055,101,1.1102230246251565e-16,-53.000000000000,15.100759853945,4.959367279776
102,static,12,3.775774938742787e-18,-57.877932934914,101,8.2718061255302767e-25,-80.000000000000,22.122067065086,4.959367279776
102,static,16,3.8615814074732781e-24,-77.777082491592,101,6.1629758220391547e-33,-107.000000000000,29.222917508408,4.959367279776
102,position_only,4,1.6093254089355469e-06,-19.245112497837,117,1.4901161193847656e-08,-26.000000000000,6.754887502163,5.084883481795
102,position_only,8,1.4122314428988147e-12,-39.365160595252,117,1.1102230246251565e-16,-53.000000000000,13.634839404748,5.084883481795
102,position_only,12,1.0144140815777477e-18,-59.774059030488,117,8.2718061255302767e-25,-80.000000000000,20.225940969512,5.084883481795
102,position_only,16,7.0012357922574591e-25,-80.240592776697,117,6.1629758220391547e-33,-107.000000000000,26.759407223303,5.084883481795
102,rotor,4,1.8738210201263428e-06,-19.025585410194,117,7.4505805969238281e-09,-27.000000000000,7.974414589806,5.032443135524
102,rotor,8,1.6199402930183737e-12,-39.167196498720,117,5.5511151231257827e-17,-54.000000000000,14.832803501280,5.032443135524
102,rotor,12,1.4391405136459099e-18,-59.269498248317,117,4.1359030627651384e-25,-81.000000000000,21.730501751683,5.032443135524
102,rotor,16,1.2330354772524716e-24,-79.424059967321,117,1.5407439555097887e-33,-109.000000000000,29.575940032679,5.032443135524
102,round_only,4,2.1569430828094482e-06,-18.822580462011,101,1.4901161193847656e-08,-26.000000000000,7.177419537989,5.005874108759
102,round_only,8,2.3227947343329447e-12,-38.647275470014,101,1.1102230246251565e-16,-53.000000000000,14.352724529986,5.005874108759
102,round_only,12,2.0601745860584988e-18,-58.751939106599,101,8.2718061255302767e-25,-80.000000000000,21.248060893401,5.005874108759
102,round_only,16,1.8153657502278912e-24,-78.866014033274,101,6.1629758220391547e-33,-107.000000000000,28.133985966726,5.005874108759
103,static,4,3.2708048820495605e-06,-18.221922870465,28,2.9802322387695312e-08,-25.000000000000,6.778077129535,4.909466425214
103,static,8,4.29056790096638e-12,-37.761968522699,28,2.2204460492503131e-16,-52.000000000000,14.238031477301,4.909466425214
103,static,12,5.0959051519503597e-18,-57.445367282436,28,3.3087224502121107e-24,-78.000000000000,20.554632717564,4.909466425214
103,static,16,6.0878465321260049e-24,-77.120342286742,28,4.9303806576313238e-32,-104.000000000000,26.879657713258,4.909466425214
103,position_only,4,2.1643936634063721e-06,-18.817605646595,50,1.4901161193847656e-08,-26.000000000000,7.182394353405,4.990445599599
103,position_only,8,2.2364193830171075e-12,-38.701946384696,50,2.2204460492503131e-16,-52.000000000000,13.298053615304,4.990445599599
103,position_only,12,2.0507859827084453e-18,-58.758528766031,50,1.6543612251060553e-24,-79.000000000000,20.241471233969,4.990445599599
103,position_only,16,2.077605055702468e-24,-78.671352847469,50,1.2325951644078309e-32,-106.000000000000,27.328647152531,4.990445599599
103,rotor,4,2.6673078536987305e-06,-18.516184222736,21,1.4901161193847656e-08,-26.000000000000,7.483815777264,4.939554982052
103,rotor,8,3.1899899388676545e-12,-38.189585264868,21,1.1102230246251565e-16,-53.000000000000,14.810414735132,4.939554982052
103,rotor,12,3.5847138982286309e-18,-57.952847728258,21,8.2718061255302767e-25,-80.000000000000,22.047152271742,4.939554982052
103,rotor,16,3.8293807566716636e-24,-77.789163162303,21,6.1629758220391547e-33,-107.000000000000,29.210836837697,4.939554982052
103,round_only,4,2.4251639842987061e-06,-18.653486266834,29,2.9802322387695312e-08,-25.000000000000,6.346513733166,4.942048447582
103,round_only,8,2.7906982280612169e-12,-38.382511011528,69,1.1102230246251565e-16,-53.000000000000,14.617488988472,4.942048447582
103,round_only,12,3.1617926327510009e-18,-58.133962956820,28,1.6543612251060553e-24,-79.000000000000,20.866037043180,4.942048447582
103,round_only,16,3.3931519196634594e-24,-77.963648252836,28,2.4651903288156619e-32,-105.000000000000,27.036351747164,4.942048447582
104,static,4,2.7678906917572021e-06,-18.462781599461,68,2.9802322387695312e-08,-25.000000000000,6.537218400539,5.048822249619
104,static,8,2.3228641232719838e-12,-38.647232372971,68,2.2204460492503131e-16,-52.000000000000,13.352767627029,5.048822249619
104,static,12,1.8445225516076952e-18,-58.911458280071,68,1.6543612251060553e-24,-79.000000000000,20.088541719929,5.048822249619
104,static,16,1.6251857861572994e-24,-79.025669625342,68,2.4651903288156619e-32,-105.000000000000,25.974330374658,5.048822249619
104,position_only,4,2.600252628326416e-06,-18.552916773790,4,3.7252902984619141e-09,-28.000000000000,9.447083226210,4.982222578720
104,position_only,8,2.7854663020576709e-12,-38.385218275947,4,1.3877787807814457e-17,-56.000000000000,17.614781724053,4.982222578720
104,position_only,12,2.6718369606248033e-18,-58.376873732823,4,5.169878828456423e-26,-84.000000000000,25.623126267177,4.982222578720
104,position_only,16,2.6529698369147287e-24,-78.318666004437,4,1.9259299443872359e-34,-112.000000000000,33.681333995563,4.982222578720
104,rotor,4,2.1792948246002197e-06,-18.807707185529,33,1.4901161193847656e-08,-26.000000000000,7.192292814471,4.984517891851
104,rotor,8,2.2838259061686017e-12,-38.671684458998,33,5.5511151231257827e-17,-54.000000000000,15.328315541002,4.984517891851
104,rotor,12,2.2457321354633981e-18,-58.627519850530,33,4.1359030627651384e-25,-81.000000000000,22.372480149470,4.984517891851
104,rotor,16,2.1588659486166418e-24,-78.616000613033,33,3.0814879110195774e-33,-108.000000000000,29.383999386967,4.984517891851
104,round_only,4,2.4810433387756348e-06,-18.620621632929,68,1.4901161193847656e-08,-26.000000000000,7.379378367071,4.979278993030
104,round_only,8,2.4143742560767123e-12,-38.591487810718,109,1.1102230246251565e-16,-53.000000000000,14.408512189282,4.979278993030
104,round_only,12,2.5528583515436846e-18,-58.442592217699,10,8.2718061255302767e-25,-80.000000000000,21.557407782301,4.979278993030
104,round_only,16,2.518039427485539e-24,-78.393973404330,10,6.1629758220391547e-33,-107.000000000000,28.606026595670,4.979278993030
105,static,4,2.4661421775817871e-06,-18.629312593193,46,3.7252902984619141e-09,-28.000000000000,9.370687406807,4.945381912289
105,static,8,2.7564062143881074e-12,-38.400348623502,46,1.3877787807814457e-17,-56.000000000000,17.599651376498,4.945381912289
105,static,12,3.092603679100674e-18,-58.165883745813,46,5.169878828456423e-26,-84.000000000000,25.834116254187,4.945381912289
105,static,16,3.3567099820864554e-24,-77.979226382942,46,1.9259299443872359e-34,-112.000000000000,34.020773617058,4.945381912289
105,position_only,4,2.339482307434082e-06,-18.705379251108,42,1.4901161193847656e-08,-26.000000000000,7.294620748892,4.960400820102
105,position_only,8,2.2470497684778934e-12,-38.695105060441,42,5.5511151231257827e-17,-54.000000000000,15.304894939559,4.960400820102
105,position_only,12,2.5152926678076248e-18,-58.463979432860,42,4.1359030627651384e-25,-81.000000000000,22.536020567140,4.960400820102
105,position_only,16,2.7737585618446389e-24,-78.254432061657,42,3.0814879110195774e-33,-108.000000000000,29.745567938343,4.960400820102
105,rotor,4,2.5369226932525635e-06,-18.588489011988,46,1.4901161193847656e-08,-26.000000000000,7.411510988012,4.950201535344
105,rotor,8,2.7767510513143634e-12,-38.389739300035,46,1.1102230246251565e-16,-53.000000000000,14.610260699965,4.950201535344
105,rotor,12,3.2367100706371989e-18,-58.100177566518,46,8.2718061255302767e-25,-80.000000000000,21.899822433482,4.950201535344
105,rotor,16,3.260841270885597e-24,-78.021030061074,46,6.1629758220391547e-33,-107.000000000000,28.978969938926,4.950201535344
105,round_only,4,2.4661421775817871e-06,-18.629312593193,46,1.4901161193847656e-08,-26.000000000000,7.370687406807,4.960767138140
105,round_only,8,2.5976859552301335e-12,-38.485910110564,46,5.5511151231257827e-17,-54.000000000000,15.514089889436,4.960767138140
105,round_only,12,2.7908425047746182e-18,-58.314004996679,46,4.1359030627651384e-25,-81.000000000000,22.685995003321,4.960767138140
105,round_only,16,2.9541944796138648e-24,-78.163509473016,46,6.1629758220391547e-33,-107.000000000000,28.836490526984,4.960767138140
106,static,4,2.3990869522094727e-06,-18.669083121885,71,1.4901161193847656e-08,-26.000000000000,7.330916878115,4.969621008389
106,static,8,2.7398361357455769e-12,-38.409047527658,71,1.1102230246251565e-16,-53.000000000000,14.590952472342,4.969621008389
106,static,12,2.6642260718087029e-18,-58.380989201074,71,8.2718061255302767e-25,-80.000000000000,21.619010798926,4.969621008389
106,static,16,2.7375619284239076e-24,-78.273382675936,71,6.1629758220391547e-33,-107.000000000000,28.726617324064,4.969621008389
106,position_only,4,2.8312206268310547e-06,-18.430144391669,71,1.4901161193847656e-08,-26.000000000000,7.569855608331,4.952337399376
106,position_only,8,2.7296914728580646e-12,-38.414399240885,81,2.2204460492503131e-16,-52.000000000000,13.585600759115,4.952337399376
106,position_only,12,3.2989855521253842e-18,-58.072683248325,81,8.2718061255302767e-25,-80.000000000000,21.927316751675,4.952337399376
106,position_only,16,3.5252507910661141e-24,-77.908548380875,81,6.1629758220391547e-33,-107.000000000000,29.091451619125,4.952337399376
106,rotor,4,2.1718442440032959e-06,-18.812647926800,83,1.4901161193847656e-08,-26.000000000000,7.187352073200,4.995695415704
106,rotor,8,2.2305074454109786e-12,-38.705765174828,83,1.1102230246251565e-16,-53.000000000000,14.294234825172,4.995695415704
106,rotor,12,2.1562391547985563e-18,-58.686188507476,83,8.2718061255302767e-25,-80.000000000000,21.313811492524,4.995695415704
106,rotor,16,1.9513806829717955e-24,-78.761779025305,83,6.1629758220391547e-33,-107.000000000000,28.238220974695,4.995695415704
106,round_only,4,2.2016465663909912e-06,-18.792985679822,102,1.4901161193847656e-08,-26.000000000000,7.207014320178,5.025050681526
106,round_only,8,1.8536977508532004e-12,-38.972731109838,102,1.1102230246251565e-16,-53.000000000000,14.027268890162,5.025050681526
106,round_only,12,1.6713030214244836e-18,-59.053732378001,102,8.2718061255302767e-25,-80.000000000000,20.946267621999,5.025050681526
106,round_only,16,1.5435796543153756e-24,-79.099994344120,102,6.1629758220391547e-33,-107.000000000000,27.900005655880,5.025050681526
107,static,4,3.0435621738433838e-06,-18.325807731854,51,1.4901161193847656e-08,-26.000000000000,7.674192268146,4.931079833574
107,static,8,4.0131925560515924e-12,-37.858386759257,55,2.2204460492503131e-16,-52.000000000000,14.141613240743,4.931079833574
107,static,12,4.3377449549978512e-18,-57.677760478147,65,1.6543612251060553e-24,-79.000000000000,21.322239521853,4.931079833574
107,static,16,4.7872373537621899e-24,-77.467080939882,65,1.2325951644078309e-32,-106.000000000000,28.532919060118,4.931079833574
107,position_only,4,3.0919909477233887e-06,-18.303032473766,66,1.4901161193847656e-08,-26.000000000000,7.696967526234,4.875603002552
107,position_only,8,4.4479836480704193e-12,-37.709985654294,66,1.1102230246251565e-16,-53.000000000000,15.290014345706,4.875603002552
107,position_only,12,5.8349141531683108e-18,-57.249994277697,66,8.2718061255302767e-25,-80.000000000000,22.750005722303,4.875603002552
107,position_only,16,7.6133846931384661e-24,-76.797736299993,66,1.2325951644078309e-32,-106.000000000000,29.202263700007,4.875603002552
107,rotor,4,3.077089786529541e-06,-18.310002028581,42,1.4901161193847656e-08,-26.000000000000,7.689997971419,4.933544923012
107,rotor,8,3.4824643169173441e-12,-38.063028568326,42,1.1102230246251565e-16,-53.000000000000,14.936971431674,4.933544923012
107,rotor,12,4.0990950247713889e-18,-57.759400273214,42,8.2718061255302767e-25,-80.000000000000,22.240599726786,4.933544923012
107,rotor,16,4.5983953569129023e-24,-77.525143767105,42,6.1629758220391547e-33,-107.000000000000,29.474856232895,4.933544923012
107,round_only,4,2.7492642402648926e-06,-18.472522993940,42,1.4901161193847656e-08,-26.000000000000,7.527477006060,4.928940278930
107,round_only,8,3.2433083996252776e-12,-38.165670925383,42,1.1102230246251565e-16,-53.000000000000,14.834329074617,4.928940278930
107,round_only,12,3.7095169444966769e-18,-57.903474377502,42,8.2718061255302767e-25,-80.000000000000,22.096525622498,4.928940278930
107,round_only,16,4.3283446544583298e-24,-77.612458895627,42,6.1629758220391547e-33,-107.000000000000,29.387541104373,4.928940278930
108,static,4,1.8291175365447998e-06,-19.060420785685,112,1.4901161193847656e-08,-26.000000000000,6.939579214315,5.034289553711
108,static,8,1.4769574452344614e-12,-39.300508879528,105,1.1102230246251565e-16,-53.000000000000,13.699491120472,5.034289553711
108,static,12,1.3216328384890636e-18,-59.392384269147,125,1.6543612251060553e-24,-79.000000000000,19.607615730853,5.034289553711
108,static,16,1.1804071560210253e-24,-79.486989705290,125,1.2325951644078309e-32,-106.000000000000,26.513010294710,5.034289553711
108,position_only,4,2.9169023036956787e-06,-18.387131502709,96,1.4901161193847656e-08,-26.000000000000,7.612868497291,4.955340397103
108,position_only,8,3.9450664957030313e-12,-37.883087520992,96,2.2204460492503131e-16,-52.000000000000,14.116912479008,4.955340397103
108,position_only,12,3.9560290196503026e-18,-57.810652698874,96,3.3087224502121107e-24,-78.000000000000,20.189347301126,4.955340397103
108,position_only,16,3.7592873772067039e-24,-77.815815071460,96,2.4651903288156619e-32,-105.000000000000,27.184184928540,4.955340397103
108,rotor,4,2.6263296604156494e-06,-18.538520552714,96,1.4901161193847656e-08,-26.000000000000,7.461479447286,4.982185679887
108,rotor,8,2.6622454241120863e-12,-38.450493563706,96,1.1102230246251565e-16,-53.000000000000,14.549506436294,4.982185679887
108,rotor,12,2.6542736931724063e-18,-58.386388567323,96,8.2718061255302767e-25,-80.000000000000,21.613611432677,4.982185679887
108,rotor,16,2.6461771750232913e-24,-78.322364616674,96,1.2325951644078309e-32,-106.000000000000,27.677635383326,4.982185679887
108,round_only,4,2.2724270820617676e-06,-18.747334567550,97,1.4901161193847656e-08,-26.000000000000,7.252665432450,4.969046604506
108,round_only,8,2.4506091600429158e-12,-38.569996726998,97,1.1102230246251565e-16,-53.000000000000,14.430003273002,4.969046604506
108,round_only,12,2.5196784828129575e-18,-58.461466053947,97,8.2718061255302767e-25,-80.000000000000,21.538533946053,4.969046604506
108,round_only,16,2.5588130721302985e-24,-78.370799518650,97,6.1629758220391547e-33,-107.000000000000,28.629200481350,4.969046604506
109,static,4,1.5944242477416992e-06,-19.258533013599,73,1.4901161193847656e-08,-26.000000000000,6.741466986401,5.059599125828
109,static,8,1.36082811685867e-12,-39.418652283868,73,1.1102230246251565e-16,-53.000000000000,13.581347716132,5.059599125828
109,static,12,1.0826590670527868e-18,-59.680126702984,73,8.2718061255302767e-25,-80.000000000000,20.319873297016,5.059599125828
109,static,16,8.468887630667631e-25,-79.966029884930,73,6.1629758220391547e-33,-107.000000000000,27.033970115070,5.059599125828
109,position_only,4,2.0004808902740479e-06,-18.931221722015,111,1.4901161193847656e-08,-26.000000000000,7.068778277985,4.974974890002
109,position_only,8,2.0578400095061511e-12,-38.822006316992,111,1.1102230246251565e-16,-53.000000000000,14.177993683008,4.974974890002
109,position_only,12,2.0452555048317041e-18,-58.762424623961,67,8.2718061255302767e-25,-80.000000000000,21.237575376039,4.974974890002
109,position_only,16,2.1567517465016461e-24,-78.617414153048,67,6.1629758220391547e-33,-107.000000000000,28.382585846952,4.974974890002
109,rotor,4,2.2463500499725342e-06,-18.763985808100,59,1.4901161193847656e-08,-26.000000000000,7.236014191900,4.979232339434
109,rotor,8,2.2036400482150498e-12,-38.723248551339,67,2.2204460492503131e-16,-52.000000000000,13.276751448661,4.979232339434
109,rotor,12,2.2130113002738497e-18,-58.648694889998,67,3.3087224502121107e-24,-78.000000000000,19.351305110002,4.979232339434
109,rotor,16,2.3203450989510075e-24,-78.511934887668,67,2.4651903288156619e-32,-105.000000000000,26.488065112332,4.979232339434
109,round_only,4,2.0936131477355957e-06,-18.865573679779,95,1.4901161193847656e-08,-26.000000000000,7.134426320221,4.975374966354
109,round_only,8,2.201530624468262e-12,-38.724630225574,16,1.1102230246251565e-16,-53.000000000000,14.275369774426,4.975374966354
109,round_only,12,2.2257699408370208e-18,-58.640401226868,95,8.2718061255302767e-25,-80.000000000000,21.359598773132,4.975374966354
109,round_only,16,2.2360586765981272e-24,-78.565316230741,95,6.1629758220391547e-33,-107.000000000000,28.434683769259,4.975374966354
110,static,4,1.8887221813201904e-06,-19.014158062997,123,1.4901161193847656e-08,-26.000000000000,6.985841937003,5.010332666252
110,static,8,1.9910184612115245e-12,-38.869630540506,97,5.5511151231257827e-17,-54.000000000000,15.130369459494,5.010332666252
110,static,12,1.9097984756715516e-18,-58.861285296669,97,4.1359030627651384e-25,-81.000000000000,22.138714703331,5.010332666252
110,static,16,1.4861354194947637e-24,-79.154708694306,97,3.0814879110195774e-33,-108.000000000000,28.845291305694,5.010332666252
110,position_only,4,2.9876828193664551e-06,-18.352541573545,97,7.4505805969238281e-09,-27.000000000000,8.647458426455,4.962532475997
110,position_only,8,3.0874885981191369e-12,-38.236703329714,97,5.5511151231257827e-17,-54.000000000000,15.763296670286,4.962532475997
110,position_only,12,3.2028080732317131e-18,-58.115368360092,97,4.1359030627651384e-25,-81.000000000000,22.884631639908,4.962532475997
110,position_only,16,3.5624127999529574e-24,-77.893419576708,97,3.0814879110195774e-33,-108.000000000000,30.106580423292,4.962532475997
110,rotor,4,2.2724270820617676e-06,-18.747334567550,97,1.4901161193847656e-08,-26.000000000000,7.252665432450,4.968074696962
110,rotor,8,2.5128094049975402e-12,-38.533835890785,97,5.5511151231257827e-17,-54.000000000000,15.466164109215,4.968074696962
110,rotor,12,2.5785453597919649e-18,-58.428148283428,97,4.1359030627651384e-25,-81.000000000000,22.571851716572,4.968074696962
110,rotor,16,2.5835972943167613e-24,-78.356893062825,97,3.0814879110195774e-33,-108.000000000000,29.643106937175,4.968074696962
110,round_only,4,2.3171305656433105e-06,-18.719229229869,26,1.4901161193847656e-08,-26.000000000000,7.280770770131,5.025588734117
110,round_only,8,1.7664758544810866e-12,-39.042263109125,26,1.1102230246251565e-16,-53.000000000000,13.957736890875,5.025588734117
110,round_only,12,1.6845585390418576e-18,-59.042335144447,123,8.2718061255302767e-25,-80.000000000000,20.957664855553,5.025588734117
110,round_only,16,1.5865422462236795e-24,-79.060388339649,123,6.1629758220391547e-33,-107.000000000000,27.939611660351,5.025588734117
111,static,4,2.6375055313110352e-06,-18.532394449917,3,1.4901161193847656e-08,-26.000000000000,7.467605550083,4.935283032653
111,static,8,3.330044573424118e-12,-38.127595650413,13,1.1102230246251565e-16,-53.000000000000,14.872404349587,4.935283032653
111,static,12,3.6218755559342468e-18,-57.937968730409,13,8.2718061255302767e-25,-80.000000000000,22.062031269591,4.935283032653
111,static,16,3.9821946780667317e-24,-77.732710525295,13,3.0814879110195774e-33,-108.000000000000,30.267289474705,4.935283032653
111,position_only,4,2.1457672119140625e-06,-18.830074998558,59,1.4901161193847656e-08,-26.000000000000,7.169925001442,4.989400076428
111,position_only,8,2.2185725478962581e-12,-38.713505408218,70,5.5511151231257827e-17,-54.000000000000,15.286494591782,4.989400076428
111,position_only,12,2.1219530870949045e-18,-58.709312946990,70,8.2718061255302767e-25,-80.000000000000,21.290687053010,4.989400076428
111,position_only,16,2.0507250924024914e-24,-78.690140171344,70,6.1629758220391547e-33,-107.000000000000,28.309859828656,4.989400076428
111,rotor,4,1.9781291484832764e-06,-18.947431949196,13,7.4505805969238281e-09,-27.000000000000,8.052568050804,4.995495055468
111,rotor,8,2.1747742495747957e-12,-38.742271487536,13,5.5511151231257827e-17,-54.000000000000,15.257728512464,4.995495055468
111,rotor,12,1.952359658223184e-18,-58.829486861353,90,4.1359030627651384e-25,-81.000000000000,22.170513138647,4.995495055468
111,rotor,16,1.8251057343578184e-24,-78.858294230830,90,3.0814879110195774e-33,-108.000000000000,29.141705769170,4.995495055468
111,round_only,4,1.8924474716186523e-06,-19.011315313228,13,1.4901161193847656e-08,-26.000000000000,6.988684686772,4.999957219576
111,round_only,8,1.8695323067419167e-12,-38.960459736522,13,5.5511151231257827e-17,-54.000000000000,15.039540263478,4.999957219576
111,round_only,12,1.789596104572949e-18,-58.955071686784,13,4.1359030627651384e-25,-81.000000000000,22.044928313216,4.999957219576
111,round_only,16,1.64004267263774e-24,-79.012540924159,13,3.0814879110195774e-33,-108.000000000000,28.987459075841,4.999957219576
112,static,4,2.1159648895263672e-06,-18.850252880495,98,1.4901161193847656e-08,-26.000000000000,7.149747119505,4.946163506041
112,static,8,2.4289459332749175e-12,-38.582806761752,98,1.1102230246251565e-16,-53.000000000000,14.417193238248,4.946163506041
112,static,12,2.6361217833166012e-18,-58.396288686591,98,8.2718061255302767e-25,-80.000000000000,21.603711313409,4.946163506041
112,static,16,2.8912004272876083e-24,-78.194605652767,98,6.1629758220391547e-33,-107.000000000000,28.805394347233,4.946163506041
112,position_only,4,2.6933848857879639e-06,-18.502148163049,88,1.4901161193847656e-08,-26.000000000000,7.497851836951,4.928631290027
112,position_only,8,3.4175162699767725e-12,-38.090188932475,88,1.1102230246251565e-16,-53.000000000000,14.909811067525,4.928631290027
112,position_only,12,3.8217555308503487e-18,-57.860470212679,88,4.1359030627651384e-25,-81.000000000000,23.139529787321,4.928631290027
112,position_only,16,4.2845271892404031e-24,-77.627138270012,88,3.0814879110195774e-33,-108.000000000000,30.372861729988,4.928631290027
112,rotor,4,2.2426247596740723e-06,-18.766380323240,102,1.4901161193847656e-08,-26.000000000000,7.233619676760,4.985344512196
112,rotor,8,2.1098123248464162e-12,-38.786022466756,102,1.1102230246251565e-16,-53.000000000000,14.213977533244,4.985344512196
112,rotor,12,2.2073216935267686e-18,-58.652408805661,88,8.2718061255302767e-25,-80.000000000000,21.347591194339,4.985344512196
112,rotor,16,2.1595976785433995e-24,-78.615511706219,88,6.1629758220391547e-33,-107.000000000000,28.384488293781,4.985344512196
112,round_only,4,2.2351741790771484e-06,-18.771181309504,98,7.4505805969238281e-09,-27.000000000000,8.228818690496,4.948181928871
112,round_only,8,2.6824514831602642e-12,-38.439585061101,89,1.1102230246251565e-16,-53.000000000000,14.560414938899,4.948181928871
112,round_only,12,2.915375528271454e-18,-58.251023979648,89,8.2718061255302767e-25,-80.000000000000,21.748976020352,4.948181928871
112,round_only,16,2.9962269163073216e-24,-78.143127388268,89,6.1629758220391547e-33,-107.000000000000,28.856872611732,4.948181928871
113,static,4,3.2559037208557129e-06,-18.228510530499,1,2.9802322387695312e-08,-25.000000000000,6.771489469501,4.908725167536
113,static,8,4.3237219360392487e-12,-37.750863394113,1,2.2204460492503131e-16,-52.000000000000,14.249136605887,4.908725167536
113,static,12,5.0261734644206215e-18,-57.465245245281,1,1.6543612251060553e-24,-79.000000000000,21.534754754719,4.908725167536
113,static,16,6.1456067918282263e-24,-77.106718813917,1,2.4651903288156619e-32,-105.000000000000,27.893281186083,4.908725167536
113,position_only,4,2.0116567611694336e-06,-18.923184402949,105,1.4901161193847656e-08,-26.000000000000,7.076815597051,4.985799243893
113,position_only,8,2.1593282717446982e-12,-38.752554552992,75,1.1102230246251565e-16,-53.000000000000,14.247445447008,4.985799243893
113,position_only,12,2.0766950889511961e-18,-58.740416300143,75,8.2718061255302767e-25,-80.000000000000,21.259583699857,4.985799243893
113,position_only,16,1.9839658664868503e-24,-78.737887072476,75,1.2325951644078309e-32,-106.000000000000,27.262112927524,4.985799243893
113,rotor,4,2.0265579223632812e-06,-18.912537158750,89,1.4901161193847656e-08,-26.000000000000,7.087462841250,4.998917620307
113,rotor,8,1.9308166177012254e-12,-38.913925990049,89,1.1102230246251565e-16,-53.000000000000,14.086074009951,4.998917620307
113,rotor,12,1.8720491578395051e-18,-58.890087389055,89,8.2718061255302767e-25,-80.000000000000,21.109912610945,4.998917620307
113,rotor,16,1.7656784642292242e-24,-78.906051629835,89,6.1629758220391547e-33,-107.000000000000,28.093948370165,4.998917620307
113,round_only,4,2.7380883693695068e-06,-18.478399560276,66,1.4901161193847656e-08,-26.000000000000,7.521600439724,5.011765980276
113,round_only,8,2.4367174944472936e-12,-38.578198139530,66,1.1102230246251565e-16,-53.000000000000,14.421801860470,5.011765980276
113,round_only,12,2.1953979883943932e-18,-58.660223208378,66,8.2718061255302767e-25,-80.000000000000,21.339776791622,5.011765980276
113,round_only,16,2.1709653045879273e-24,-78.607937607677,66,6.1629758220391547e-33,-107.000000000000,28.392062392323,5.011765980276
114,static,4,2.7157366275787354e-06,-18.490224995673,0,1.4901161193847656e-08,-26.000000000000,7.509775004327,4.961284617017
114,static,8,3.1804142652802625e-12,-38.193922442466,0,1.1102230246251565e-16,-53.000000000000,14.806077557534,4.961284617017
114,static,12,3.0690815576118099e-18,-58.176898723557,0,8.2718061255302767e-25,-80.000000000000,21.823101276443,4.961284617017
114,static,16,3.3556210815181633e-24,-77.979694462198,0,6.1629758220391547e-33,-107.000000000000,29.020305537802,4.961284617017
114,position_only,4,2.3990869522094727e-06,-18.669083121885,23,7.4505805969238281e-09,-27.000000000000,8.330916878115,5.046614552748
114,position_only,8,1.9854534683005909e-12,-38.873668588835,52,1.1102230246251565e-16,-53.000000000000,14.126331411165,5.046614552748
114,position_only,12,1.6705155454813331e-18,-59.054412299808,23,8.2718061255302767e-25,-80.000000000000,20.945587700192,5.046614552748
114,position_only,16,1.4102116353313056e-24,-79.230362588197,22,3.0814879110195774e-33,-108.000000000000,28.769637411803,5.046614552748
114,rotor,4,2.1345913410186768e-06,-18.837608671243,66,1.4901161193847656e-08,-26.000000000000,7.162391328757,4.992142625064
114,rotor,8,2.0802387590279636e-12,-38.806388015716,66,1.1102230246251565e-16,-53.000000000000,14.193611984284,4.992142625064
114,rotor,12,1.9890071714793099e-18,-58.802657230072,66,8.2718061255302767e-25,-80.000000000000,21.197342769928,4.992142625064
114,rotor,16,1.9891981713300033e-24,-78.734087267312,66,6.1629758220391547e-33,-107.000000000000,28.265912732688,4.992142625064
114,round_only,4,2.428889274597168e-06,-18.651271845769,53,1.4901161193847656e-08,-26.000000000000,7.348728154231,4.985972694699
114,round_only,8,2.3904350721082324e-12,-38.605863918246,53,2.2204460492503131e-16,-52.000000000000,13.394136081754,4.985972694699
114,round_only,12,2.3820228075846391e-18,-58.542518481071,53,1.6543612251060553e-24,-79.000000000000,20.457481518929,4.985972694699
114,round_only,16,2.3634887918297719e-24,-78.485356254153,53,1.2325951644078309e-32,-106.000000000000,27.514643745847,4.985972694699
115,static,4,2.4102628231048584e-06,-18.662378098007,108,1.4901161193847656e-08,-26.000000000000,7.337621901993,4.943086312105
115,static,8,2.9530267120492226e-12,-38.300942732002,108,1.1102230246251565e-16,-53.000000000000,14.699057267998,4.943086312105
115,static,12,3.1576424608226692e-18,-58.135857883576,108,4.1359030627651384e-25,-81.000000000000,22.864142116424,4.943086312105
115,static,16,3.4051469711208167e-24,-77.958557208889,108,6.1629758220391547e-33,-107.000000000000,29.041442791111,4.943086312105
115,position_only,4,2.3581087589263916e-06,-18.693938310572,54,1.4901161193847656e-08,-26.000000000000,7.306061689428,4.910886828508
115,position_only,8,3.2348845824259342e-12,-38.169422899485,101,1.1102230246251565e-16,-53.000000000000,14.830577100515,4.910886828508
115,position_only,12,3.8775701630678236e-18,-57.839552821490,101,1.6543612251060553e-24,-79.000000000000,21.160447178510,4.910886828508
115,position_only,16,4.3185736501451604e-24,-77.615719383346,101,6.1629758220391547e-33,-107.000000000000,29.384280616654,4.910886828508
115,rotor,4,2.6635825634002686e-06,-18.518200568334,80,1.4901161193847656e-08,-26.000000000000,7.481799431666,4.971496007210
115,rotor,8,2.7080004905144506e-12,-38.425909138412,80,1.1102230246251565e-16,-53.000000000000,14.574090861588,4.971496007210
115,rotor,12,2.8727824992662383e-18,-58.272256938600,80,1.6543612251060553e-24,-79.000000000000,20.727743061400,4.971496007210
115,rotor,16,2.9017224784122847e-24,-78.189364731071,80,1.2325951644078309e-32,-106.000000000000,27.810635268929,4.971496007210
115,round_only,4,2.0973384380340576e-06,-18.863008887920,65,1.4901161193847656e-08,-26.000000000000,7.136991112080,4.945968341807
115,round_only,8,2.3938767634845703e-12,-38.603788254239,108,1.1102230246251565e-16,-53.000000000000,14.396211745761,4.945968341807
115,round_only,12,2.6223634432843715e-18,-58.403838059984,108,4.1359030627651384e-25,-81.000000000000,22.596161940016,4.945968341807
115,round_only,16,2.8620273006103436e-24,-78.209236843434,108,3.0814879110195774e-33,-108.000000000000,29.790763156566,4.945968341807
116,static,4,2.1122395992279053e-06,-18.852795075058,28,1.4901161193847656e-08,-26.000000000000,7.147204924942,4.990111845017
116,static,8,2.2285229217544611e-12,-38.707049338599,28,1.1102230246251565e-16,-53.000000000000,14.292950661401,4.990111845017
116,static,12,2.0346329548028747e-18,-58.769937150359,28,1.6543612251060553e-24,-79.000000000000,20.230062849641,4.990111845017
116,static,16,2.0367711263689613e-24,-78.699990404702,28,1.2325951644078309e-32,-106.000000000000,27.300009595298,4.990111845017
116,position_only,4,2.7045607566833496e-06,-18.496174262004,25,1.4901161193847656e-08,-26.000000000000,7.503825737996,4.976569426389
116,position_only,8,2.93437496523552e-12,-38.310083902974,15,1.1102230246251565e-16,-53.000000000000,14.689916097026,4.976569426389
116,position_only,12,2.7478481897747378e-18,-58.336403406112,15,8.2718061255302767e-25,-80.000000000000,21.663596593888,4.976569426389
116,position_only,16,2.9307721899579691e-24,-78.174993446148,15,6.1629758220391547e-33,-107.000000000000,28.825006553852,4.976569426389
116,rotor,4,2.3990869522094727e-06,-18.669083121885,25,1.4901161193847656e-08,-26.000000000000,7.330916878115,4.985097321048
116,rotor,8,2.380068364615795e-12,-38.612134124831,25,1.1102230246251565e-16,-53.000000000000,14.387865875169,4.985097321048
116,rotor,12,2.3419852496843295e-18,-58.566973718502,25,8.2718061255302767e-25,-80.000000000000,21.433026281498,4.985097321048
116,rotor,16,2.3633610932374023e-24,-78.485434204640,25,6.1629758220391547e-33,-107.000000000000,28.514565795360,4.985097321048
116,round_only,4,2.253800630569458e-06,-18.759208667838,28,7.4505805969238281e-09,-27.000000000000,8.240791332162,4.981747651750
116,round_only,8,2.2172402802667079e-12,-38.714372016452,28,1.1102230246251565e-16,-53.000000000000,14.285627983548,4.981747651750
116,round_only,12,2.3671124634530645e-18,-58.551577456648,28,8.2718061255302767e-25,-80.000000000000,21.448422543352,4.981747651750
116,round_only,16,2.2286427924433708e-24,-78.570108877777,28,3.0814879110195774e-33,-108.000000000000,29.429891122223,4.981747651750
117,static,4,2.5890767574310303e-06,-18.559130832389,68,1.4901161193847656e-08,-26.000000000000,7.440869167611,4.971556727336
117,static,8,2.842073798525746e-12,-38.356193121934,68,5.5511151231257827e-17,-54.000000000000,15.643806878066,4.971556727336
117,static,12,2.8451692975640517e-18,-58.286191207466,68,4.1359030627651384e-25,-81.000000000000,22.713808792534,4.971556727336
117,static,16,2.8739861492069783e-24,-78.203221168361,68,3.0814879110195774e-33,-108.000000000000,29.796778831639,4.971556727336
117,position_only,4,1.8775463104248047e-06,-19.022720076500,9,1.4901161193847656e-08,-26.000000000000,6.977279923500,5.051225457672
117,position_only,8,1.7045947986460419e-12,-39.093708303481,50,1.1102230246251565e-16,-53.000000000000,13.906291696519,5.051225457672
117,position_only,12,1.2749225696836535e-18,-59.444296077928,50,8.2718061255302767e-25,-80.000000000000,20.555703922072,5.051225457672
117,position_only,16,1.099929220073828e-24,-79.588863587305,50,1.2325951644078309e-32,-106.000000000000,26.411136412695,5.051225457672
117,rotor,4,2.0489096641540527e-06,-18.896712191588,9,1.4901161193847656e-08,-26.000000000000,7.103287808412,5.020473475608
117,rotor,8,1.8044593597110747e-12,-39.011570487629,50,1.1102230246251565e-16,-53.000000000000,13.988429512371,5.020473475608
117,rotor,12,1.5437782924471967e-18,-59.168240131114,59,8.2718061255302767e-25,-80.000000000000,20.831759868886,5.020473475608
117,rotor,16,1.5249961764001264e-24,-79.117468651864,59,6.1629758220391547e-33,-107.000000000000,27.882531348136,5.020473475608
117,round_only,4,1.9036233425140381e-06,-19.002820519062,9,7.4505805969238281e-09,-27.000000000000,7.997179480938,5.002990412681
117,round_only,8,1.6280865544615608e-12,-39.159959738569,68,5.5511151231257827e-17,-54.000000000000,14.840040261431,5.002990412681
117,round_only,12,1.6788629869341237e-18,-59.047221212144,68,4.1359030627651384e-25,-81.000000000000,21.952778787856,5.002990412681
117,round_only,16,1.5648258199344826e-24,-79.080272196945,68,3.0814879110195774e-33,-108.000000000000,28.919727803055,5.002990412681
118,static,4,2.6077032089233398e-06,-18.548788888168,13,1.4901161193847656e-08,-26.000000000000,7.451211111832,4.929852101862
118,static,8,3.9345332547569001e-12,-37.886944636584,8,1.1102230246251565e-16,-53.000000000000,15.113055363416,4.929852101862
118,static,12,4.0793876017736779e-18,-57.766353117098,8,8.2718061255302767e-25,-80.000000000000,22.233646882902,4.929852101862
118,static,16,4.2064218015768715e-24,-77.653680752826,8,6.1629758220391547e-33,-107.000000000000,29.346319247174,4.929852101862
118,position_only,4,2.5406479835510254e-06,-18.586372070976,8,1.4901161193847656e-08,-26.000000000000,7.413627929024,4.984494349612
118,position_only,8,2.9050928329610315e-12,-38.324552872605,8,1.1102230246251565e-16,-53.000000000000,14.675447127395,4.984494349612
118,position_only,12,2.7932895118217032e-18,-58.312740597791,8,1.6543612251060553e-24,-79.000000000000,20.687259402209,4.984494349612
118,position_only,16,2.5362672751180233e-24,-78.383567490743,8,1.2325951644078309e-32,-106.000000000000,27.616432509257,4.984494349612
118,rotor,4,2.1792948246002197e-06,-18.807707185529,31,1.4901161193847656e-08,-26.000000000000,7.192292814471,4.980876969561
118,rotor,8,2.2917778785824794e-12,-38.666669915233,31,1.1102230246251565e-16,-53.000000000000,14.333330084767,4.980876969561
118,rotor,12,2.2135011979916342e-18,-58.648375553721,31,8.2718061255302767e-25,-80.000000000000,21.351624446279,4.980876969561
118,rotor,16,2.2461319943272601e-24,-78.558831566848,31,6.1629758220391547e-33,-107.000000000000,28.441168433152,4.980876969561
118,round_only,4,2.1457672119140625e-06,-18.830074998558,124,7.4505805969238281e-09,-27.000000000000,8.169925001442,5.015068820961
118,round_only,8,1.8555712522072554e-12,-38.971273738404,53,1.1102230246251565e-16,-53.000000000000,14.028726261596,5.015068820961
118,round_only,12,1.680467975816418e-18,-59.045842658079,82,8.2718061255302767e-25,-80.000000000000,20.954157341921,5.015068820961
118,round_only,16,1.6473395707220092e-24,-79.006136304806,53,6.1629758220391547e-33,-107.000000000000,27.993863695194,5.015068820961
119,static,4,2.4810433387756348e-06,-18.620621632929,58,1.4901161193847656e-08,-26.000000000000,7.379378367071,4.933805437596
119,static,8,2.8225893844435745e-12,-38.366117870333,102,1.1102230246251565e-16,-53.000000000000,14.633882129667,4.933805437596
119,static,12,3.3314675906118462e-18,-58.058547849213,58,8.2718061255302767e-25,-80.000000000000,21.941452150787,4.933805437596
119,static,16,3.6953819043417274e-24,-77.840550807911,93,1.2325951644078309e-32,-106.000000000000,28.159449192089,4.933805437596
119,position_only,4,2.1420419216156006e-06,-18.832581854168,59,7.4505805969238281e-09,-27.000000000000,8.167418145832,4.945310888496
119,position_only,8,2.7362279109155452e-12,-38.410948735817,59,5.5511151231257827e-17,-54.000000000000,15.589051264183,4.945310888496
119,position_only,12,2.8136468919857278e-18,-58.302264423871,59,2.0679515313825692e-25,-82.000000000000,23.697735576129,4.945310888496
119,position_only,16,3.0035162566573031e-24,-78.139621804764,59,1.5407439555097887e-33,-109.000000000000,30.860378195236,4.945310888496
119,rotor,4,2.1792948246002197e-06,-18.807707185529,120,1.4901161193847656e-08,-26.000000000000,7.192292814471,4.943952470388
119,rotor,8,2.6382923623557986e-12,-38.463532692956,120,5.5511151231257827e-17,-54.000000000000,15.536467307044,4.943952470388
119,rotor,12,2.906760959179597e-18,-58.255293273301,120,4.1359030627651384e-25,-81.000000000000,22.744706726699,4.943952470388
119,rotor,16,3.0239920499134692e-24,-78.129819930583,120,3.0814879110195774e-33,-108.000000000000,29.870180069417,4.943952470388
119,round_only,4,2.212822437286377e-06,-18.785680879199,102,7.4505805969238281e-09,-27.000000000000,8.214319120801,4.948790277583
119,round_only,8,2.4792667918660527e-12,-38.553223611640,35,5.5511151231257827e-17,-54.000000000000,15.446776388360,4.948790277583
119,round_only,12,2.7376412980037163e-18,-58.341772279453,102,2.0679515313825692e-25,-82.000000000000,23.658227720547,4.948790277583
119,round_only,16,2.9340753464352048e-24,-78.173368357706,102,1.5407439555097887e-33,-109.000000000000,30.826631642294,4.948790277583
120,static,4,2.0749866962432861e-06,-18.878466482660,94,2.9802322387695312e-08,-25.000000000000,6.121533517340,5.010832956775
120,static,8,2.0444340664838023e-12,-38.831435602314,94,4.4408920985006262e-16,-51.000000000000,12.168564397686,5.010832956775
120,static,12,1.8471531410519786e-18,-58.909402227858,94,3.3087224502121107e-24,-78.000000000000,19.090597772142,5.010832956775
120,static,16,1.6579002943273759e-24,-78.996917031141,94,4.9303806576313238e-32,-104.000000000000,25.003082968859,5.010832956775
120,position_only,4,2.7939677238464355e-06,-18.449253214617,10,2.9802322387695312e-08,-25.000000000000,6.550746785383,4.967057569977
120,position_only,8,3.0598162892303549e-12,-38.249692102257,10,2.2204460492503131e-16,-52.000000000000,13.750307897743,4.967057569977
120,position_only,12,3.1576599867118977e-18,-58.135849876196,10,3.3087224502121107e-24,-78.000000000000,19.864150123804,4.967057569977
120,position_only,16,3.2005194016756031e-24,-78.047968222992,10,2.4651903288156619e-32,-105.000000000000,26.952031777008,4.967057569977
120,rotor,4,2.3916363716125488e-06,-18.673570512878,10,2.9802322387695312e-08,-25.000000000000,6.326429487122,4.984745201403
120,rotor,8,2.402730792105956e-12,-38.598462124242,10,2.2204460492503131e-16,-52.000000000000,13.401537875758,4.984745201403
120,rotor,12,2.4033131957808352e-18,-58.529681037633,10,1.6543612251060553e-24,-79.000000000000,20.470318962367,4.984745201403
120,rotor,16,2.3508362502301882e-24,-78.493100227123,100,2.4651903288156619e-32,-105.000000000000,26.506899772877,4.984745201403
120,round_only,4,2.6486814022064209e-06,-18.526294250381,10,1.4901161193847656e-08,-26.000000000000,7.473705749619,4.978708909985
120,round_only,8,2.6326857360814415e-12,-38.466601821615,10,4.4408920985006262e-16,-51.000000000000,12.533398178385,4.978708909985
120,round_only,12,2.7331637693479668e-18,-58.344133800198,10,6.6174449004242214e-24,-77.000000000000,18.655866199802,4.978708909985
120,round_only,16,2.7189291411168852e-24,-78.283235723982,10,2.4651903288156619e-32,-105.000000000000,26.716764276018,4.978708909985
121,static,4,2.9020011425018311e-06,-18.394520481938,127,1.4901161193847656e-08,-26.000000000000,7.605479518062,5.010181102270
121,static,8,2.8880231539574197e-12,-38.333054829953,127,5.5511151231257827e-17,-54.000000000000,15.666945170047,5.010181102270
121,static,12,2.5414020034574017e-18,-58.449081106481,127,4.1359030627651384e-25,-81.000000000000,22.550918893519,5.010181102270
121,static,16,2.3532933818903375e-24,-78.491593086690,127,3.0814879110195774e-33,-108.000000000000,29.508406913310,5.010181102270
121,position_only,4,1.8961727619171143e-06,-19.008478153924,113,1.4901161193847656e-08,-26.000000000000,6.991521846076,5.036280690462
121,position_only,8,1.7697926457671542e-12,-39.039556798932,113,1.1102230246251565e-16,-53.000000000000,13.960443201068,5.036280690462
121,position_only,12,1.4763848377139928e-18,-59.232636881496,113,1.6543612251060553e-24,-79.000000000000,19.767363118504,5.036280690462
121,position_only,16,1.2297913900095952e-24,-79.427860665897,113,1.2325951644078309e-32,-106.000000000000,26.572139334103,5.036280690462
121,rotor,4,2.209097146987915e-06,-18.788111705454,1,1.4901161193847656e-08,-26.000000000000,7.211888294546,4.983692372379
121,rotor,8,2.6122853880039543e-12,-38.477824621026,113,1.1102230246251565e-16,-53.000000000000,14.522175378974,4.983692372379
121,rotor,12,2.486550312870515e-18,-58.480560085038,113,8.2718061255302767e-25,-80.000000000000,21.519439914962,4.983692372379
121,rotor,16,2.229174303463482e-24,-78.569764849164,113,3.0814879110195774e-33,-108.000000000000,29.430235150836,4.983692372379
121,round_only,4,1.9557774066925049e-06,-18.963826387447,126,1.4901161193847656e-08,-26.000000000000,7.036173612553,4.996183098469
121,round_only,8,2.2087054407649021e-12,-38.719936109038,7,5.5511151231257827e-17,-54.000000000000,15.280063890962,4.996183098469
121,round_only,12,1.9655945480240324e-18,-58.819739946762,7,4.1359030627651384e-25,-81.000000000000,22.180260053238,4.996183098469
121,round_only,16,1.7982677646121282e-24,-78.879666421118,7,6.1629758220391547e-33,-107.000000000000,28.120333578882,4.996183098469
122,static,4,2.1085143089294434e-06,-18.855341757168,31,1.4901161193847656e-08,-26.000000000000,7.144658242832,4.944470710324
122,static,8,2.4383828289842313e-12,-38.577212490082,37,1.1102230246251565e-16,-53.000000000000,14.422787509918,4.944470710324
122,static,12,2.684127365262481e-18,-58.370252577093,99,1.6543612251060553e-24,-79.000000000000,20.629747422907,4.944470710324
122,static,16,2.912658200222309e-24,-78.183937865821,99,1.2325951644078309e-32,-106.000000000000,27.816062134179,4.944470710324
122,position_only,4,1.8738210201263428e-06,-19.025585410194,104,7.4505805969238281e-09,-27.000000000000,7.974414589806,5.036790558897
122,position_only,8,1.6957546478124641e-12,-39.101209691619,104,5.5511151231257827e-17,-54.000000000000,14.898790308381,5.036790558897
122,position_only,12,1.4241495194046113e-18,-59.284605087244,104,2.0679515313825692e-25,-82.000000000000,22.715394912756,5.036790558897
122,position_only,16,1.2068780292674337e-24,-79.454994396947,104,1.5407439555097887e-33,-109.000000000000,29.545005603053,5.036790558897
122,rotor,4,1.7508864402770996e-06,-19.123483053435,3,1.4901161193847656e-08,-26.000000000000,6.876516946565,5.021704881853
122,rotor,8,1.7918305728059636e-12,-39.021702909360,33,1.1102230246251565e-16,-53.000000000000,13.978297090640,5.021704881853
122,rotor,12,1.4984525688908356e-18,-59.211232289592,33,8.2718061255302767e-25,-80.000000000000,20.788767710408,5.021704881853
122,rotor,16,1.2982509303025793e-24,-79.349705018062,33,6.1629758220391547e-33,-107.000000000000,27.650294981938,5.021704881853
122,round_only,4,1.9408762454986572e-06,-18.974860437721,33,1.4901161193847656e-08,-26.000000000000,7.025139562279,5.010216591815
122,round_only,8,1.8062912277017062e-12,-39.010106621860,12,1.1102230246251565e-16,-53.000000000000,13.989893378140,5.010216591815
122,round_only,12,1.8125258096468604e-18,-58.936704169295,12,8.2718061255302767e-25,-80.000000000000,21.063295830705,5.010216591815
122,round_only,16,1.5060035086681378e-24,-79.135549146110,12,6.1629758220391547e-33,-107.000000000000,27.864450853890,5.010216591815
123,static,4,2.6822090148925781e-06,-18.508146903670,7,2.9802322387695312e-08,-25.000000000000,6.491853096330,4.905922265566
123,static,8,3.7504582772740491e-12,-37.956070245985,7,2.2204460492503131e-16,-52.000000000000,14.043929754015,4.905922265566
123,static,12,4.3865185741424865e-18,-57.661629330498,7,1.6543612251060553e-24,-79.000000000000,21.338370669502,4.905922265566
123,static,16,5.1850223014014941e-24,-77.351924083041,7,4.9303806576313238e-32,-104.000000000000,26.648075916959,4.905922265566
123,position_only,4,2.8684735298156738e-06,-18.411285364418,7,1.4901161193847656e-08,-26.000000000000,7.588714635582,4.965939289250
123,position_only,8,3.8649083933250949e-12,-37.912702919081,7,1.1102230246251565e-16,-53.000000000000,15.087297080919,4.965939289250
123,position_only,12,3.6533330278344853e-18,-57.925492436149,7,8.2718061255302767e-25,-80.000000000000,22.074507563851,4.965939289250
123,position_only,16,3.4185745695227451e-24,-77.952879382056,7,6.1629758220391547e-33,-107.000000000000,29.047120617944,4.965939289250
123,rotor,4,2.0600855350494385e-06,-18.888864329765,7,7.4505805969238281e-09,-27.000000000000,8.111135670235,4.978188212962
123,rotor,8,2.2454815784556104e-12,-38.696112252104,7,5.5511151231257827e-17,-54.000000000000,15.303887747896,4.978188212962
123,rotor,12,2.2541599685319712e-18,-58.622115806651,7,4.1359030627651384e-25,-81.000000000000,22.377884193349,4.978188212962
123,rotor,16,2.1488552334329442e-24,-78.622705984407,7,3.0814879110195774e-33,-108.000000000000,29.377294015593,4.978188212962
123,round_only,4,1.9855797290802002e-06,-18.942008277241,34,7.4505805969238281e-09,-27.000000000000,8.057991722759,4.964058906168
123,round_only,8,2.2023771695245387e-12,-38.724075578917,7,5.5511151231257827e-17,-54.000000000000,15.275924421083,4.964058906168
123,round_only,12,2.2867083882625906e-18,-58.601433309705,7,4.1359030627651384e-25,-81.000000000000,22.398566690295,4.964058906168
123,round_only,16,2.3336688053732018e-24,-78.503674449220,7,3.0814879110195774e-33,-108.000000000000,29.496325550780,4.964058906168
124,static,4,1.9185245037078857e-06,-18.991571377929,111,7.4505805969238281e-09,-27.000000000000,8.008428622071,4.963418291591
124,static,8,2.2680607392189245e-12,-38.681677862126,80,5.5511151231257827e-17,-54.000000000000,15.318322137874,4.963418291591
124,static,12,2.2742300585294985e-18,-58.609327504969,80,2.0679515313825692e-25,-82.000000000000,23.390672495031,4.963418291591
124,static,16,2.2947583300085459e-24,-78.527932051525,80,1.5407439555097887e-33,-109.000000000000,30.472067948475,4.963418291591
124,position_only,4,1.7844140529632568e-06,-19.096118154264,97,1.4901161193847656e-08,-26.000000000000,6.903881845736,5.017137164770
124,position_only,8,1.752459288795194e-12,-39.053756209126,97,2.2204460492503131e-16,-52.000000000000,12.946243790874,5.017137164770
124,position_only,12,1.5394668202994172e-18,-59.172274934260,97,8.2718061255302767e-25,-80.000000000000,20.827725065740,5.017137164770
124,position_only,16,1.3577019766141159e-24,-79.285107442815,97,1.2325951644078309e-32,-106.000000000000,26.714892557185,5.017137164770
124,rotor,4,2.0675361156463623e-06,-18.883656038763,30,7.4505805969238281e-09,-27.000000000000,8.116343961237,4.997045865746
124,rotor,8,2.186945069482249e-12,-38.734220154650,120,1.1102230246251565e-16,-53.000000000000,14.265779845350,4.997045865746
124,rotor,12,2.0753097165215346e-18,-58.741379049515,120,4.1359030627651384e-25,-81.000000000000,22.258620950485,4.997045865746
124,rotor,16,1.8459877682542e-24,-78.841881283759,120,3.0814879110195774e-33,-108.000000000000,29.158118716241,4.997045865746
124,round_only,4,1.7285346984863281e-06,-19.142019004872,37,7.4505805969238281e-09,-27.000000000000,7.857980995128,5.014361104702
124,round_only,8,1.7757739723123223e-12,-39.034689177330,37,5.5511151231257827e-17,-54.000000000000,14.965310822670,5.014361104702
124,round_only,12,1.5690990147804809e-18,-59.144769314477,37,4.1359030627651384e-25,-81.000000000000,21.855230685523,5.014361104702
124,round_only,16,1.3467361752450342e-24,-79.296807021853,37,3.0814879110195774e-33,-108.000000000000,28.703192978147,5.014361104702
125,static,4,2.3618340492248535e-06,-18.691660969861,65,7.4505805969238281e-09,-27.000000000000,8.308339030139,4.978392888529
125,static,8,2.5622004518055519e-12,-38.505753790403,65,5.5511151231257827e-17,-54.000000000000,15.494246209597,4.978392888529
125,static,12,2.4412786145479113e-18,-58.507068753743,65,4.1359030627651384e-25,-81.000000000000,22.492931246257,4.978392888529
125,static,16,2.5021121370679922e-24,-78.403127829133,65,3.0814879110195774e-33,-108.000000000000,29.596872170867,4.978392888529
125,position_only,4,2.0153820514678955e-06,-18.920515216173,30,7.4505805969238281e-09,-27.000000000000,8.079484783827,4.972768243384
125,position_only,8,2.1592033716544279e-12,-38.752638003922,60,1.1102230246251565e-16,-53.000000000000,14.247361996078,4.972768243384
125,position_only,12,2.1854447825774841e-18,-58.666778780505,60,8.2718061255302767e-25,-80.000000000000,21.333221219495,4.972768243384
125,position_only,16,2.2041606955095159e-24,-78.586044869103,60,3.0814879110195774e-33,-108.000000000000,29.413955130897,4.972768243384
125,rotor,4,2.168118953704834e-06,-18.815124657092,93,7.4505805969238281e-09,-27.000000000000,8.184875342908,4.993504382702
125,rotor,8,1.9863277689324832e-12,-38.873033433407,93,1.1102230246251565e-16,-53.000000000000,14.126966566593,4.993504382702
125,rotor,12,1.9861345800070664e-18,-58.804742325121,93,8.2718061255302767e-25,-80.000000000000,21.195257674879,4.993504382702
125,rotor,16,1.965633223998674e-24,-78.751280129211,93,3.0814879110195774e-33,-108.000000000000,29.248719870789,4.993504382702
125,round_only,4,1.9408762454986572e-06,-18.974860437721,11,1.4901161193847656e-08,-26.000000000000,7.025139562279,4.953458366840
125,round_only,8,2.3960833317460128e-12,-38.602459055143,11,1.1102230246251565e-16,-53.000000000000,14.397540944857,4.953458366840
125,round_only,12,2.5624922656441483e-18,-58.437158057826,11,8.2718061255302767e-25,-80.000000000000,21.562841942174,4.953458366840
125,round_only,16,2.4912479466072184e-24,-78.409405661363,11,6.1629758220391547e-33,-107.000000000000,28.590594338637,4.953458366840
126,static,4,2.3916363716125488e-06,-18.673570512878,23,2.9802322387695312e-08,-25.000000000000,6.326429487122,5.009710440878
126,static,8,2.2398610743934455e-12,-38.699727885606,23,4.4408920985006262e-16,-51.000000000000,12.300272114394,5.009710440878
126,static,12,1.9876238153023915e-18,-58.803660974791,35,3.3087224502121107e-24,-78.000000000000,19.196339025209,5.009710440878
126,static,16,1.9424474678140842e-24,-78.768398694854,35,4.9303806576313238e-32,-104.000000000000,25.231601305146,5.009710440878
126,position_only,4,2.7082860469818115e-06,-18.494188446080,65,1.4901161193847656e-08,-26.000000000000,7.505811553920,4.987564452219
126,position_only,8,2.6601082447896829e-12,-38.451652185763,65,1.1102230246251565e-16,-53.000000000000,14.548347814237,4.987564452219
126,position_only,12,2.4371483466530691e-18,-58.509511638911,65,8.2718061255302767e-25,-80.000000000000,21.490488361089,4.987564452219
126,position_only,16,2.6706290862793488e-24,-78.309094657948,65,1.2325951644078309e-32,-106.000000000000,27.690905342052,4.987564452219
126,rotor,4,2.1867454051971436e-06,-18.802783306890,93,1.4901161193847656e-08,-26.000000000000,7.197216693110,4.980820372459
126,rotor,8,2.2842977509540674e-12,-38.671386424976,93,1.1102230246251565e-16,-53.000000000000,14.328613575024,4.980820372459
126,rotor,12,2.2049457723135748e-18,-58.653962532905,93,8.2718061255302767e-25,-80.000000000000,21.346037467095,4.980820372459
126,rotor,16,2.2554438554009437e-24,-78.552862903695,93,6.1629758220391547e-33,-107.000000000000,28.447137096305,4.980820372459
126,round_only,4,1.8961727619171143e-06,-19.008478153924,85,1.4901161193847656e-08,-26.000000000000,6.991521846076,4.974774680233
126,round_only,8,2.0010382240087665e-12,-38.862388412653,85,2.2204460492503131e-16,-52.000000000000,13.137611587347,4.974774680233
126,round_only,12,2.0045214608556248e-18,-58.791447844585,85,1.6543612251060553e-24,-79.000000000000,20.208552155415,4.974774680233
126,round_only,16,2.0427134867232779e-24,-78.695787413055,85,1.2325951644078309e-32,-106.000000000000,27.304212586945,4.974774680233
127,static,4,3.1478703022003174e-06,-18.277192468830,42,1.4901161193847656e-08,-26.000000000000,7.722807531170,4.915911560563
127,static,8,3.3067854010582209e-12,-38.137707716003,42,2.2204460492503131e-16,-52.000000000000,13.862292283997,4.915911560563
127,static,12,4.2069861566206351e-18,-57.721918637146,73,1.6543612251060553e-24,-79.000000000000,21.278081362854,4.915911560563
127,static,16,5.3951558719053736e-24,-77.294609635957,73,1.2325951644078309e-32,-106.000000000000,28.705390364043,4.915911560563
127,position_only,4,2.3283064365386963e-06,-18.712287620451,42,1.4901161193847656e-08,-26.000000000000,7.287712379549,4.957511533505
127,position_only,8,2.9915236954280999e-12,-38.282256648231,42,1.1102230246251565e-16,-53.000000000000,14.717743351769,4.957511533505
127,position_only,12,2.9489430345167387e-18,-58.234507754211,42,8.2718061255302767e-25,-80.000000000000,21.765492245789,4.957511533505
127,position_only,16,2.9579204339510479e-24,-78.161691031854,42,6.1629758220391547e-33,-107.000000000000,28.838308968146,4.957511533505
127,rotor,4,2.6263296604156494e-06,-18.538520552714,73,1.4901161193847656e-08,-26.000000000000,7.461479447286,4.964836899822
127,rotor,8,2.5305174622403115e-12,-38.523704708720,42,1.1102230246251565e-16,-53.000000000000,14.476295291280,4.964836899822
127,rotor,12,2.6974127130806952e-18,-58.363129432390,73,8.2718061255302767e-25,-80.000000000000,21.636870567610,4.964836899822
127,rotor,16,3.0378907084390074e-24,-78.123204309112,73,3.0814879110195774e-33,-108.000000000000,29.876795690888,4.964836899822
127,round_only,4,2.5331974029541016e-06,-18.590609063862,42,7.4505805969238281e-09,-27.000000000000,8.409390936138,4.954762603221
127,round_only,8,2.544020549777315e-12,-38.516026814354,42,5.5511151231257827e-17,-54.000000000000,15.483973185646,4.954762603221
127,round_only,12,2.8301453194958277e-18,-58.293829574939,73,4.1359030627651384e-25,-81.000000000000,22.706170425061,4.954762603221
127,round_only,16,3.1706195101189773e-24,-78.061509519943,73,3.0814879110195774e-33,-108.000000000000,29.938490480057,4.954762603221
128,static,4,2.9839575290679932e-06,-18.354341567591,85,1.4901161193847656e-08,-26.000000000000,7.645658432409,4.937369146089
128,static,8,3.4024311146296782e-12,-38.096571185321,85,1.1102230246251565e-16,-53.000000000000,14.903428814679,4.937369146089
128,static,12,3.8026916543692039e-18,-57.867684746850,85,8.2718061255302767e-25,-80.000000000000,22.132315253150,4.937369146089
128,static,16,4.3793455286792859e-24,-77.595558994931,85,6.1629758220391547e-33,-107.000000000000,29.404441005069,4.937369146089
128,position_only,4,1.9632279872894287e-06,-18.958340848363,42,7.4505805969238281e-09,-27.000000000000,8.041659151637,4.989581054528
128,position_only,8,1.9912682613920651e-12,-38.869449546264,42,1.1102230246251565e-16,-53.000000000000,14.130550453736,4.989581054528
128,position_only,12,1.9632995354145041e-18,-58.821425410212,42,8.2718061255302767e-25,-80.000000000000,21.178574589788,4.989581054528
128,position_only,16,1.8542614228949946e-24,-78.835429620752,42,6.1629758220391547e-33,-107.000000000000,28.164570379248,4.989581054528
128,rotor,4,2.3879110813140869e-06,-18.675819453381,83,1.4901161193847656e-08,-26.000000000000,7.324180546619,4.992135455925
128,rotor,8,2.1856821907917379e-12,-38.735053497520,83,1.1102230246251565e-16,-53.000000000000,14.264946502480,4.992135455925
128,rotor,12,2.2120734325555794e-18,-58.649306429531,83,8.2718061255302767e-25,-80.000000000000,21.350693570469,4.992135455925
128,rotor,16,2.1836370118867596e-24,-78.599541221714,83,6.1629758220391547e-33,-107.000000000000,28.400458778286,4.992135455925
128,round_only,4,2.1532177925109863e-06,-18.825074317499,42,1.4901161193847656e-08,-26.000000000000,7.174925682501,4.987785222495
128,round_only,8,2.27647067863046e-12,-38.676338261354,55,1.1102230246251565e-16,-53.000000000000,14.323661738646,4.987785222495
128,round_only,12,2.1495848486620852e-18,-58.690647650302,55,8.2718061255302767e-25,-80.000000000000,21.309352349698,4.987785222495
128,round_only,16,2.097736479780847e-24,-78.657440821113,55,6.1629758220391547e-33,-107.000000000000,28.342559178887,4.987785222495
129,static,4,2.3283064365386963e-06,-18.712287620451,28,3.7252902984619141e-09,-28.000000000000,9.287712379549,4.973516004809
129,static,8,2.6389446183827658e-12,-38.463176064461,28,1.3877787807814457e-17,-56.000000000000,17.536823935539,4.973516004809
129,static,12,2.5452962663837248e-18,-58.446872115653,3,5.169878828456423e-26,-84.000000000000,25.553127884347,4.973516004809
129,static,16,2.5698282508764804e-24,-78.364602334177,3,1.9259299443872359e-34,-112.000000000000,33.635397665823,4.973516004809
129,position_only,4,2.3432075977325439e-06,-18.703083793121,47,1.4901161193847656e-08,-26.000000000000,7.296916206879,4.973683410951
129,position_only,8,2.4145407895304061e-12,-38.591388303071,36,1.1102230246251565e-16,-53.000000000000,14.408611696929,4.973683410951
129,position_only,12,2.4047655181413252e-18,-58.528809480217,36,1.6543612251060553e-24,-79.000000000000,20.471190519783,4.973683410951
129,position_only,16,2.5548148307805429e-24,-78.373055546758,36,1.2325951644078309e-32,-106.000000000000,27.626944453242,4.973683410951
129,rotor,4,2.2426247596740723e-06,-18.766380323240,28,1.4901161193847656e-08,-26.000000000000,7.233619676760,4.981740088067
129,rotor,8,2.2185725478962581e-12,-38.713505408218,0,1.1102230246251565e-16,-53.000000000000,14.286494591782,4.981740088067
129,rotor,12,2.267076445495775e-18,-58.613872668602,0,8.2718061255302767e-25,-80.000000000000,21.386127331398,4.981740088067
129,rotor,16,2.250348643066057e-24,-78.556125744007,0,6.1629758220391547e-33,-107.000000000000,28.443874255993,4.981740088067
129,round_only,4,2.2798776626586914e-06,-18.742612157307,47,7.4505805969238281e-09,-27.000000000000,8.257387842693,4.981707238206
129,round_only,8,2.3277629823681423e-12,-38.644192971111,47,5.5511151231257827e-17,-54.000000000000,15.355807028889,4.981707238206
129,round_only,12,2.2881659838994856e-18,-58.600513998748,47,4.1359030627651384e-25,-81.000000000000,22.399486001252,4.981707238206
129,round_only,16,2.3182014695894265e-24,-78.513268324176,47,3.0814879110195774e-33,-108.000000000000,29.486731675824,4.981707238206
130,static,4,2.3879110813140869e-06,-18.675819453381,66,1.4901161193847656e-08,-26.000000000000,7.324180546619,4.967988493711
130,static,8,2.7015473191838169e-12,-38.429351186813,1,1.1102230246251565e-16,-53.000000000000,14.570648813187,4.967988493711
130,static,12,2.7940976672801675e-18,-58.312323257147,1,8.2718061255302767e-25,-80.000000000000,21.687676742853,4.967988493711
130,static,16,2.7099488063497475e-24,-78.288008679416,1,6.1629758220391547e-33,-107.000000000000,28.711991320584,4.967988493711
130,position_only,4,2.689659595489502e-06,-18.504144973113,89,7.4505805969238281e-09,-27.000000000000,8.495855026887,4.931531590864
130,position_only,8,3.0625779690041099e-12,-38.248390565043,89,5.5511151231257827e-17,-54.000000000000,15.751609434957,4.931531590864
130,position_only,12,3.7405590683318372e-18,-57.891451794856,89,8.2718061255302767e-25,-80.000000000000,22.108548205144,4.931531590864
130,position_only,16,4.0447816847140559e-24,-77.710212441361,89,6.1629758220391547e-33,-107.000000000000,29.289787558639,4.931531590864
130,rotor,4,2.1532177925109863e-06,-18.825074317499,63,1.4901161193847656e-08,-26.000000000000,7.174925682501,4.943137281003
130,rotor,8,2.6729868318753347e-12,-38.444684408301,6,1.1102230246251565e-16,-53.000000000000,14.555315591699,4.943137281003
130,rotor,12,2.8286775908964289e-18,-58.294577958429,6,3.3087224502121107e-24,-78.000000000000,19.705422041571,4.943137281003
130,rotor,16,3.0511097241983198e-24,-78.116940214158,6,2.4651903288156619e-32,-105.000000000000,26.883059785842,4.943137281003
130,round_only,4,2.1941959857940674e-06,-18.797876176170,8,1.4901161193847656e-08,-26.000000000000,7.202123823830,4.945732246671
130,round_only,8,2.8869406865084102e-12,-38.333595671587,8,1.1102230246251565e-16,-53.000000000000,14.666404328413,4.945732246671
130,round_only,12,2.9799913105077049e-18,-58.219397584099,8,8.2718061255302767e-25,-80.000000000000,21.780602415901,4.945732246671
130,round_only,16,3.0607858650987415e-24,-78.112372160941,8,6.1629758220391547e-33,-107.000000000000,28.887627839059,4.945732246671
131,static,4,2.0936131477355957e-06,-18.865573679779,117,1.4901161193847656e-08,-26.000000000000,7.134426320221,4.996165923344
131,static,8,1.8697543513468418e-12,-38.960288397612,95,1.1102230246251565e-16,-53.000000000000,14.039711602388,4.996165923344
131,static,12,1.87110932556728e-18,-58.890811852843,95,8.2718061255302767e-25,-80.000000000000,21.109188147157,4.996165923344
131,static,16,1.8514592175518845e-24,-78.837611505958,95,6.1629758220391547e-33,-107.000000000000,28.162388494042,4.996165923344
131,position_only,4,2.3506581783294678e-06,-18.698503805017,26,7.4505805969238281e-09,-27.000000000000,8.301496194983,4.985649481070
131,position_only,8,2.2866986082448193e-12,-38.669870910653,26,5.5511151231257827e-17,-54.000000000000,15.330129089347,4.985649481070
131,position_only,12,2.2342566071266617e-18,-58.634910817331,26,8.2718061255302767e-25,-80.000000000000,21.365089182669,4.985649481070
131,position_only,16,2.3093028094667774e-24,-78.518816917059,26,6.1629758220391547e-33,-107.000000000000,28.481183082941,4.985649481070
131,rotor,4,1.7695128917694092e-06,-19.108216296782,5,7.4505805969238281e-09,-27.000000000000,7.891783703218,5.031725017824
131,rotor,8,1.5237533457224117e-12,-39.255507750058,26,5.5511151231257827e-17,-54.000000000000,14.744492249942,5.031725017824
131,rotor,12,1.3529108121963781e-18,-59.358638972164,26,4.1359030627651384e-25,-81.000000000000,21.641361027836,5.031725017824
131,rotor,16,1.1723755751742076e-24,-79.496839460402,118,3.0814879110195774e-33,-108.000000000000,28.503160539598,5.031725017824
131,round_only,4,1.9669532775878906e-06,-18.955605880642,83,7.4505805969238281e-09,-27.000000000000,8.044394119358,5.015138626257
131,round_only,8,1.9149265506612778e-12,-38.925848081761,83,1.1102230246251565e-16,-53.000000000000,14.074151918239,5.015138626257
131,round_only,12,1.7047419527833046e-18,-59.025152333307,83,8.2718061255302767e-25,-80.000000000000,20.974847666693,5.015138626257
131,round_only,16,1.5177366294160126e-24,-79.124352813553,83,6.1629758220391547e-33,-107.000000000000,27.875647186447,5.015138626257
132,static,4,2.0861625671386719e-06,-18.870716983055,91,1.4901161193847656e-08,-26.000000000000,7.129283016945,4.979936700495
132,static,8,2.071010030135767e-12,-38.812802597938,89,1.1102230246251565e-16,-53.000000000000,14.187197402062,4.979936700495
132,static,12,2.1794861353361701e-18,-58.670717681865,89,1.6543612251060553e-24,-79.000000000000,20.329282318135,4.979936700495
132,static,16,2.1077537348448568e-24,-78.650567961684,89,1.2325951644078309e-32,-106.000000000000,27.349432038316,4.979936700495
132,position_only,4,1.8700957298278809e-06,-19.028456446049,75,1.4901161193847656e-08,-26.000000000000,6.971543553951,5.045144412065
132,position_only,8,1.5760726057578722e-12,-39.206803140939,75,1.1102230246251565e-16,-53.000000000000,13.793196859061,5.045144412065
132,position_only,12,1.3219095304039626e-18,-59.392082263732,75,8.2718061255302767e-25,-80.000000000000,20.607917736268,5.045144412065
132,position_only,16,1.1154702559965641e-24,-79.568622232651,59,6.1629758220391547e-33,-107.000000000000,27.431377767349,5.045144412065
132,rotor,4,1.776963472366333e-06,-19.102154543994,52,1.4901161193847656e-08,-26.000000000000,6.897845456006,4.995774889828
132,rotor,8,1.7828100107308842e-12,-39.028984171625,79,5.5511151231257827e-17,-54.000000000000,14.971015828375,4.995774889828
132,rotor,12,1.7801662972886328e-18,-58.962693688653,79,4.1359030627651384e-25,-81.000000000000,22.037306311347,4.995774889828
132,rotor,16,1.5782849598688892e-24,-79.067916569363,79,6.1629758220391547e-33,-107.000000000000,27.932083430637,4.995774889828
132,round_only,4,2.1010637283325195e-06,-18.860448647601,2,1.4901161193847656e-08,-26.000000000000,7.139551352399,5.005435811539
132,round_only,8,2.0736051764558283e-12,-38.810995913829,2,1.1102230246251565e-16,-53.000000000000,14.189004086171,5.005435811539
132,round_only,12,1.8555081305278588e-18,-58.902891385274,2,8.2718061255302767e-25,-80.000000000000,21.097108614726,5.005435811539
132,round_only,16,1.7702829463402001e-24,-78.902294310967,2,6.1629758220391547e-33,-107.000000000000,28.097705689033,5.005435811539
133,static,4,1.7695128917694092e-06,-19.108216296782,95,3.7252902984619141e-09,-28.000000000000,8.891783703218,5.046911961585
133,static,8,1.626351830985584e-12,-39.161497747219,95,1.3877787807814457e-17,-56.000000000000,16.838502252781,5.046911961585
133,static,12,1.3804051583842984e-18,-59.329613937923,95,5.169878828456423e-26,-84.000000000000,24.670386062077,5.046911961585
133,static,16,1.034263572232535e-24,-79.677670387682,95,1.9259299443872359e-34,-112.000000000000,32.322329612318,5.046911961585
133,position_only,4,2.4847686290740967e-06,-18.618457048815,127,1.4901161193847656e-08,-26.000000000000,7.381542951185,4.949312243878
133,position_only,8,2.9402036361148021e-12,-38.307221060240,127,1.1102230246251565e-16,-53.000000000000,14.692778939760,4.949312243878
133,position_only,12,3.1816101741677581e-18,-58.124948627252,127,8.2718061255302767e-25,-80.000000000000,21.875051372748,4.949312243878
133,position_only,16,3.3009848084526723e-24,-78.003377778185,127,6.1629758220391547e-33,-107.000000000000,28.996622221815,4.949312243878
133,rotor,4,2.078711986541748e-06,-18.875878688171,119,7.4505805969238281e-09,-27.000000000000,8.124121311829,4.992676074910
133,rotor,8,2.0350665597135276e-12,-38.838061158015,96,5.5511151231257827e-17,-54.000000000000,15.161938841985,4.992676074910
133,rotor,12,2.0423692131805651e-18,-58.764462012239,96,4.1359030627651384e-25,-81.000000000000,22.235537987761,4.992676074910
133,rotor,16,1.8967307227073757e-24,-78.802759402232,96,3.0814879110195774e-33,-108.000000000000,29.197240597768,4.992676074910
133,round_only,4,2.2239983081817627e-06,-18.778412878735,112,7.4505805969238281e-09,-27.000000000000,8.221587121265,5.000549873017
133,round_only,8,1.9860502131763269e-12,-38.873235039758,112,5.5511151231257827e-17,-54.000000000000,15.126764960242,5.000549873017
133,round_only,12,2.0213867429673919e-18,-58.779360335398,94,4.1359030627651384e-25,-81.000000000000,22.220639664602,5.000549873017
133,round_only,16,1.8780535373225313e-24,-78.817036087080,94,3.0814879110195774e-33,-108.000000000000,29.182963912920,5.000549873017
134,static,4,1.9632279872894287e-06,-18.958340848363,53,7.4505805969238281e-09,-27.000000000000,8.041659151637,4.982919243020
134,static,8,2.0266011091507607e-12,-38.844074983973,37,1.1102230246251565e-16,-53.000000000000,14.155925016027,4.982919243020
134,static,12,1.9855522965546173e-18,-58.805165348124,37,8.2718061255302767e-25,-80.000000000000,21.194834651876,4.982919243020
134,static,16,1.9761698858056875e-24,-78.743567300580,37,6.1629758220391547e-33,-107.000000000000,28.256432699420,4.982919243020
134,position_only,4,2.4847686290740967e-06,-18.618457048815,34,1.4901161193847656e-08,-26.000000000000,7.381542951185,4.932332727673
134,position_only,8,3.1809693767925751e-12,-38.193670655536,34,5.5511151231257827e-17,-54.000000000000,15.806329344464,4.932332727673
134,position_only,12,3.5064680923526726e-18,-57.984687107928,34,4.1359030627651384e-25,-81.000000000000,23.015312892072,4.932332727673
134,position_only,16,3.8380841517646691e-24,-77.785887933663,34,3.0814879110195774e-33,-108.000000000000,30.214112066337,4.932332727673
134,rotor,4,1.9706785678863525e-06,-18.952876087886,34,1.4901161193847656e-08,-26.000000000000,7.047123912114,4.965651119352
134,rotor,8,2.1554286133707024e-12,-38.755162356620,34,1.1102230246251565e-16,-53.000000000000,14.244837643380,4.965651119352
134,rotor,12,2.2589794846722231e-18,-58.619034539276,34,8.2718061255302767e-25,-80.000000000000,21.380965460724,4.965651119352
134,rotor,16,2.2752220086533327e-24,-78.540266951697,121,1.2325951644078309e-32,-106.000000000000,27.459733048303,4.965651119352
134,round_only,4,2.123415470123291e-06,-18.845181890948,53,1.4901161193847656e-08,-26.000000000000,7.154818109052,4.980271562237
134,round_only,8,2.1208729217292444e-12,-38.778478958460,53,1.1102230246251565e-16,-53.000000000000,14.221521041540,4.980271562237
134,round_only,12,2.0846386077711194e-18,-58.734908407740,37,8.2718061255302767e-25,-80.000000000000,21.265091592260,4.980271562237
134,round_only,16,2.1880029849074927e-24,-78.596659571018,77,6.1629758220391547e-33,-107.000000000000,28.403340428982,4.980271562237
135,static,4,2.6337802410125732e-06,-18.534433595191,123,2.9802322387695312e-08,-25.000000000000,6.465566404809,4.969753557396
135,static,8,2.7082225351193756e-12,-38.425790848361,3,2.2204460492503131e-16,-52.000000000000,13.574209151639,4.969753557396
135,static,12,2.8867412755006472e-18,-58.265263896304,43,1.6543612251060553e-24,-79.000000000000,20.734736103696,4.969753557396
135,static,16,2.9112073515506624e-24,-78.184656677822,43,2.4651903288156619e-32,-105.000000000000,26.815343322178,4.969753557396
135,position_only,4,2.9765069484710693e-06,-18.357948307072,95,1.4901161193847656e-08,-26.000000000000,7.642051692928,4.900538752562
135,position_only,8,3.8583719552676143e-12,-37.915144909685,87,1.1102230246251565e-16,-53.000000000000,15.084855090315,4.900538752562
135,position_only,12,4.8826364316394745e-18,-57.507045351213,87,8.2718061255302767e-25,-80.000000000000,22.492954648787,4.900538752562
135,position_only,16,5.8907149778471859e-24,-77.167831527385,87,1.2325951644078309e-32,-106.000000000000,28.832168472615,4.900538752562
135,rotor,4,1.9967555999755859e-06,-18.933910809542,9,1.4901161193847656e-08,-26.000000000000,7.066089190458,4.967189631858
135,rotor,8,2.3107904478791852e-12,-38.654750702518,9,1.1102230246251565e-16,-53.000000000000,14.345249297482,4.967189631858
135,rotor,12,2.32730801538913e-18,-58.576043546276,9,1.6543612251060553e-24,-79.000000000000,20.423956453724,4.967189631858
135,rotor,16,2.3031355523024719e-24,-78.522674953061,47,1.2325951644078309e-32,-106.000000000000,27.477325046939,4.967189631858
135,round_only,4,2.0451843738555908e-06,-18.899337660995,105,1.4901161193847656e-08,-26.000000000000,7.100662339005,4.981355153545
135,round_only,8,2.0625862129364236e-12,-38.818682715592,9,2.2204460492503131e-16,-52.000000000000,13.181317284408,4.981355153545
135,round_only,12,1.9704394482693321e-18,-58.816188291927,9,1.6543612251060553e-24,-79.000000000000,20.183811708073,4.981355153545
135,round_only,16,2.106288554750715e-24,-78.651571182818,60,2.4651903288156619e-32,-105.000000000000,26.348428817182,4.981355153545
136,static,4,2.9727816581726074e-06,-18.359755063778,96,1.4901161193847656e-08,-26.000000000000,7.640244936222,4.994571665327
136,static,8,2.9991564787223979e-12,-38.278580342955,96,1.1102230246251565e-16,-53.000000000000,14.721419657045,4.994571665327
136,static,12,2.6759948873713776e-18,-58.374630348335,87,8.2718061255302767e-25,-80.000000000000,21.625369651665,4.994571665327
136,static,16,2.7719739077209502e-24,-78.255360599684,96,6.1629758220391547e-33,-107.000000000000,28.744639400316,4.994571665327
136,position_only,4,2.3022294044494629e-06,-18.728536972096,63,7.4505805969238281e-09,-27.000000000000,8.271463027904,4.972745778236
136,position_only,8,2.3241547575381105e-12,-38.646431002565,123,5.5511151231257827e-17,-54.000000000000,15.353568997435,4.972745778236
136,position_only,12,2.4226864895098631e-18,-58.518097984691,98,8.2718061255302767e-25,-80.000000000000,21.481902015309,4.972745778236
136,position_only,16,2.4938060307002277e-24,-78.407925021203,98,6.1629758220391547e-33,-107.000000000000,28.592074978797,4.972745778236
136,rotor,4,2.2910535335540771e-06,-18.735557399773,47,1.4901161193847656e-08,-26.000000000000,7.264442600227,4.951685548127
136,rotor,8,2.6258717422678046e-12,-38.470340687502,47,1.1102230246251565e-16,-53.000000000000,14.529659312498,4.951685548127
136,rotor,12,2.8122929524193434e-18,-58.302958822314,98,8.2718061255302767e-25,-80.000000000000,21.697041177686,4.951685548127
136,rotor,16,2.9878663450259158e-24,-78.147158663199,98,1.2325951644078309e-32,-106.000000000000,27.852841336801,4.951685548127
136,round_only,4,2.9131770133972168e-06,-18.388975202693,96,2.9802322387695312e-08,-25.000000000000,6.611024797307,4.956563971719
136,round_only,8,3.0675184614636919e-12,-38.246065112060,96,2.2204460492503131e-16,-52.000000000000,13.753934887940,4.956563971719
136,round_only,12,3.2888325821905434e-18,-58.077130138228,96,1.6543612251060553e-24,-79.000000000000,20.922869861772,4.956563971719
136,round_only,16,3.6304149632768077e-24,-77.866139816887,96,2.4651903288156619e-32,-105.000000000000,27.133860183113,4.956563971719
137,static,4,2.0936131477355957e-06,-18.865573679779,25,2.9802322387695312e-08,-25.000000000000,6.134426320221,4.984122927372
137,static,8,2.2249840858634684e-12,-38.709342121368,25,2.2204460492503131e-16,-52.000000000000,13.290657878632,4.984122927372
137,static,12,2.182289760624842e-18,-58.668863035063,25,1.6543612251060553e-24,-79.000000000000,20.331136964937,4.984122927372
137,static,16,2.0833451477680842e-24,-78.667372406846,25,2.4651903288156619e-32,-105.000000000000,26.332627593154,4.984122927372
137,position_only,4,1.8849968910217285e-06,-19.017006425306,40,7.4505805969238281e-09,-27.000000000000,7.982993574694,4.974142863361
137,position_only,8,1.998831655747324e-12,-38.863980167139,56,5.5511151231257827e-17,-54.000000000000,15.136019832861,4.974142863361
137,position_only,12,1.9718468960815911e-18,-58.815158169867,56,4.1359030627651384e-25,-81.000000000000,22.184841830133,4.974142863361
137,position_only,16,2.0530313742515956e-24,-78.688518602538,56,3.0814879110195774e-33,-108.000000000000,29.311481397462,4.974142863361
137,rotor,4,1.9669532775878906e-06,-18.955605880642,10,1.4901161193847656e-08,-26.000000000000,7.044394119358,5.006050778575
137,rotor,8,1.885144818025708e-12,-38.948461782145,10,1.1102230246251565e-16,-53.000000000000,14.051538217855,5.006050778575
137,rotor,12,1.7643751609010541e-18,-58.975548352732,10,8.2718061255302767e-25,-80.000000000000,21.024451647268,5.006050778575
137,rotor,16,1.6234018985537286e-24,-79.027254071451,10,6.1629758220391547e-33,-107.000000000000,27.972745928549,5.006050778575
137,round_only,4,2.0712614059448242e-06,-18.881058927276,100,1.4901161193847656e-08,-26.000000000000,7.118941072724,4.991033967122
137,round_only,8,1.9812068652313997e-12,-38.876757613362,10,1.1102230246251565e-16,-53.000000000000,14.123242386638,4.991033967122
137,round_only,12,1.9882739275650699e-18,-58.803189175059,10,8.2718061255302767e-25,-80.000000000000,21.196810824941,4.991033967122
137,round_only,16,1.9188469468233451e-24,-78.786034635000,10,6.1629758220391547e-33,-107.000000000000,28.213965365000,4.991033967122
138,static,4,2.7120113372802734e-06,-18.492205359801,11,2.9802322387695312e-08,-25.000000000000,6.507794640199,4.948864785515
138,static,8,3.7291419952012461e-12,-37.964293406736,11,2.2204460492503131e-16,-52.000000000000,14.035706593264,4.948864785515
138,static,12,3.6734791667495791e-18,-57.917558615223,11,3.3087224502121107e-24,-78.000000000000,20.082441384777,4.948864785515
138,static,16,3.7328913382794005e-24,-77.825980763836,11,4.9303806576313238e-32,-104.000000000000,26.174019236164,4.948864785515
138,position_only,4,2.5928020477294922e-06,-18.557056504151,11,1.4901161193847656e-08,-26.000000000000,7.442943495849,4.993722466771
138,position_only,8,2.7206015218439461e-12,-38.419211473703,11,2.2204460492503131e-16,-52.000000000000,13.580788526297,4.993722466771
138,position_only,12,2.5889346448880543e-18,-58.422347161694,11,3.3087224502121107e-24,-78.000000000000,19.577652838306,4.993722466771
138,position_only,16,2.3849573147276432e-24,-78.472310831771,11,2.4651903288156619e-32,-105.000000000000,26.527689168229,4.993722466771
138,rotor,4,2.5108456611633301e-06,-18.603395218818,0,1.4901161193847656e-08,-26.000000000000,7.396604781182,5.020517775448
138,rotor,8,2.4083651739559286e-12,-38.595082977983,0,2.2204460492503131e-16,-52.000000000000,13.404917022017,5.020517775448
138,rotor,12,2.1160833100706516e-18,-58.713309280587,0,1.6543612251060553e-24,-79.000000000000,20.286690719413,5.020517775448
138,rotor,16,1.8515294369576569e-24,-78.837556790593,0,1.2325951644078309e-32,-106.000000000000,27.162443209407,5.020517775448
138,round_only,4,1.7881393432617188e-06,-19.093109404391,72,1.4901161193847656e-08,-26.000000000000,6.906890595609,5.028459588577
138,round_only,8,1.7935514184941326e-12,-39.020318032805,11,2.2204460492503131e-16,-52.000000000000,12.979681967195,5.028459588577
138,round_only,12,1.4296077223753308e-18,-59.279086375390,11,1.6543612251060553e-24,-79.000000000000,19.720913624610,5.028459588577
138,round_only,16,1.2657213300886845e-24,-79.386314471230,11,2.4651903288156619e-32,-105.000000000000,25.613685528770,5.028459588577
139,static,4,2.428889274597168e-06,-18.651271845769,63,1.4901161193847656e-08,-26.000000000000,7.348728154231,5.080146476452
139,static,8,1.6625451015883641e-12,-39.129743660016,63,1.1102230246251565e-16,-53.000000000000,13.870256339984,5.080146476452
139,static,12,1.340390709842352e-18,-59.372052115505,17,8.2718061255302767e-25,-80.000000000000,20.627947884495,5.080146476452
139,static,16,1.0622712695892373e-24,-79.639122046638,22,6.1629758220391547e-33,-107.000000000000,27.360877953362,5.080146476452
139,position_only,4,1.7583370208740234e-06,-19.117356950638,127,3.7252902984619141e-09,-28.000000000000,8.882643049362,5.009633809517
139,position_only,8,1.6458917562189868e-12,-39.144267680107,13,1.3877787807814457e-17,-56.000000000000,16.855732319893,5.009633809517
139,position_only,12,1.5544677407080664e-18,-59.158285030697,13,5.169878828456423e-26,-84.000000000000,24.841714969303,5.009633809517
139,position_only,16,1.3997207024197057e-24,-79.241135294007,13,1.9259299443872359e-34,-112.000000000000,32.758864705993,5.009633809517
139,rotor,4,2.1345913410186768e-06,-18.837608671243,65,1.4901161193847656e-08,-26.000000000000,7.162391328757,4.984822680697
139,rotor,8,2.069289184447598e-12,-38.814001861834,65,5.5511151231257827e-17,-54.000000000000,15.185998138166,4.984822680697
139,rotor,12,2.1236699004562583e-18,-58.708146174404,26,4.1359030627651384e-25,-81.000000000000,22.291853825596,4.984822680697
139,rotor,16,2.0787908792729904e-24,-78.670529643011,26,6.1629758220391547e-33,-107.000000000000,28.329470356989,4.984822680697
139,round_only,4,2.1755695343017578e-06,-18.810175441120,63,7.4505805969238281e-09,-27.000000000000,8.189824558880,4.972532611586
139,round_only,8,2.0737578321217143e-12,-38.810889708719,109,5.5511151231257827e-17,-54.000000000000,15.189110291281,4.972532611586
139,round_only,12,2.2608852054059687e-18,-58.617817965682,109,4.1359030627651384e-25,-81.000000000000,22.382182034318,4.972532611586
139,round_only,16,2.326197247783764e-24,-78.508300843283,109,3.0814879110195774e-33,-108.000000000000,29.491699156717,4.972532611586
140,static,4,2.3916363716125488e-06,-18.673570512878,48,1.4901161193847656e-08,-26.000000000000,7.326429487122,4.934424980519
140,static,8,2.7587793161032437e-12,-38.399107083297,121,1.1102230246251565e-16,-53.000000000000,14.600892916703,4.934424980519
140,static,12,3.2157911382348274e-18,-58.109531999720,121,8.2718061255302767e-25,-80.000000000000,21.890468000280,4.934424980519
140,static,16,3.5566335315833774e-24,-77.895761947655,121,6.1629758220391547e-33,-107.000000000000,29.104238052345,4.934424980519
140,position_only,4,2.8237700462341309e-06,-18.433945961829,124,1.4901161193847656e-08,-26.000000000000,7.566054038171,4.919289306348
140,position_only,8,3.703648498998291e-12,-37.974189954957,1,1.1102230246251565e-16,-53.000000000000,15.025810045043,4.919289306348
140,position_only,12,4.2046161290693058e-18,-57.722731615927,124,1.6543612251060553e-24,-79.000000000000,21.277268384073,4.919289306348
140,position_only,16,4.8724637464466928e-24,-77.441622826142,124,1.2325951644078309e-32,-106.000000000000,28.558377173858,4.919289306348
140,rotor,4,2.0191073417663574e-06,-18.917850958646,8,7.4505805969238281e-09,-27.000000000000,8.082149041354,4.979627184138
140,rotor,8,2.1087992463364458e-12,-38.786715378794,124,1.1102230246251565e-16,-53.000000000000,14.213284621206,4.979627184138
140,rotor,12,2.0697343640965624e-18,-58.745260088167,124,8.2718061255302767e-25,-80.000000000000,21.254739911833,4.979627184138
140,rotor,16,2.0939724095567276e-24,-78.660031844034,124,6.1629758220391547e-33,-107.000000000000,28.339968155966,4.979627184138
140,round_only,4,2.1718442440032959e-06,-18.812647926800,116,1.4901161193847656e-08,-26.000000000000,7.187352073200,4.995022687136
140,round_only,8,2.0825702273796765e-12,-38.804771992405,116,1.1102230246251565e-16,-53.000000000000,14.195228007595,4.995022687136
140,round_only,12,1.9995968410787903e-18,-58.794996554976,116,8.2718061255302767e-25,-80.000000000000,21.205003445024,4.995022687136
140,round_only,16,1.9680024856828896e-24,-78.749542234424,116,1.2325951644078309e-32,-106.000000000000,27.250457765576,4.995022687136
141,static,4,1.9744038581848145e-06,-18.950151450549,34,7.4505805969238281e-09,-27.000000000000,8.049848549451,4.990327690026
141,static,8,2.1201929101266614e-12,-38.778941601303,34,5.5511151231257827e-17,-54.000000000000,15.221058398697,4.990327690026
141,static,12,1.9962417965142753e-18,-58.797419229029,34,2.0679515313825692e-25,-82.000000000000,23.202580770971,4.990327690026
141,static,16,1.8806692787506577e-24,-78.815028108317,34,1.5407439555097887e-33,-109.000000000000,30.184971891683,4.990327690026
141,position_only,4,2.7492642402648926e-06,-18.472522993940,0,7.4505805969238281e-09,-27.000000000000,8.527477006060,4.935232514489
141,position_only,8,3.4117708658243373e-12,-38.092616379987,0,5.5511151231257827e-17,-54.000000000000,15.907383620013,4.935232514489
141,position_only,12,3.8079097164683415e-18,-57.865706434460,0,8.2718061255302767e-25,-80.000000000000,22.134293565540,4.935232514489
141,position_only,16,4.1172501608531838e-24,-77.684593168968,0,6.1629758220391547e-33,-107.000000000000,29.315406831032,4.935232514489
141,rotor,4,1.8812716007232666e-06,-19.019860422361,16,7.4505805969238281e-09,-27.000000000000,7.980139577639,4.980843156501
141,rotor,8,2.0266982536654155e-12,-38.844005830478,16,1.1102230246251565e-16,-53.000000000000,14.155994169522,4.980843156501
141,rotor,12,2.0760224877156139e-18,-58.740883636753,16,8.2718061255302767e-25,-80.000000000000,21.259116363247,4.980843156501
141,rotor,16,1.901930291556299e-24,-78.798809906949,16,6.1629758220391547e-33,-107.000000000000,28.201190093051,4.980843156501
141,round_only,4,1.7918646335601807e-06,-19.090106916230,18,1.4901161193847656e-08,-26.000000000000,6.909893083770,4.977006572353
141,round_only,8,1.9634849302008206e-12,-38.889720613324,125,1.1102230246251565e-16,-53.000000000000,14.110279386676,4.977006572353
141,round_only,12,1.9709255719755718e-18,-58.815832411028,125,8.2718061255302767e-25,-80.000000000000,21.184167588972,4.977006572353
141,round_only,16,1.8896473170389297e-24,-78.808157281707,125,6.1629758220391547e-33,-107.000000000000,28.191842718293,4.977006572353
142,static,4,2.2202730178833008e-06,-18.780831479538,27,1.4901161193847656e-08,-26.000000000000,7.219168520462,5.002287021960
142,static,8,2.4735352655014253e-12,-38.556562670322,27,2.2204460492503131e-16,-52.000000000000,13.443437329678,5.002287021960
142,static,12,2.2723265608436491e-18,-58.610535525483,27,1.6543612251060553e-24,-79.000000000000,20.389464474517,5.002287021960
142,static,16,1.9091627900099018e-24,-78.793334153954,27,1.2325951644078309e-32,-106.000000000000,27.206665846046,5.002287021960
142,position_only,4,3.0286610126495361e-06,-18.332888457925,88,1.4901161193847656e-08,-26.000000000000,7.667111542075,4.878126488956
142,position_only,8,4.8385739859213572e-12,-37.588555216473,88,1.1102230246251565e-16,-53.000000000000,15.411444783527,4.878126488956
142,position_only,12,6.2459765437940743e-18,-57.151778556516,88,8.2718061255302767e-25,-80.000000000000,22.848221443484,4.878126488956
142,position_only,16,7.3247206882027116e-24,-76.853500530653,88,6.1629758220391547e-33,-107.000000000000,30.146499469347,4.878126488956
142,rotor,4,1.8887221813201904e-06,-19.014158062997,89,7.4505805969238281e-09,-27.000000000000,7.985841937003,4.996052825071
142,rotor,8,1.9315382626672317e-12,-38.913386881833,89,1.1102230246251565e-16,-53.000000000000,14.086613118167,4.996052825071
142,rotor,12,1.8463344907394926e-18,-58.910041765814,89,1.6543612251060553e-24,-79.000000000000,20.089958234186,4.996052825071
142,rotor,16,1.6977572282890441e-24,-78.962644102613,89,6.1629758220391547e-33,-107.000000000000,28.037355897387,4.996052825071
142,round_only,4,2.2798776626586914e-06,-18.742612157307,92,1.4901161193847656e-08,-26.000000000000,7.257387842693,4.967360092131
142,round_only,8,2.7679386560564012e-12,-38.394325168789,92,1.1102230246251565e-16,-53.000000000000,14.605674831211,4.967360092131
142,round_only,12,2.7039884887577621e-18,-58.359616698086,92,8.2718061255302767e-25,-80.000000000000,21.640383301914,4.967360092131
142,round_only,16,2.6523872063212897e-24,-78.318982875955,92,6.1629758220391547e-33,-107.000000000000,28.681017124045,4.967360092131
143,static,4,2.9876828193664551e-06,-18.352541573545,88,1.4901161193847656e-08,-26.000000000000,7.647458426455,4.839635044015
143,static,8,4.7836734573536432e-12,-37.605018226858,88,1.1102230246251565e-16,-53.000000000000,15.394981773142,4.839635044015
143,static,12,7.2303312955019513e-18,-56.940643954651,88,8.2718061255302767e-25,-80.000000000000,23.059356045349,4.839635044015
143,static,16,9.7843365318168152e-24,-76.435800251147,88,1.2325951644078309e-32,-106.000000000000,29.564199748853,4.839635044015
143,position_only,4,2.9616057872772217e-06,-18.365188949828,97,1.4901161193847656e-08,-26.000000000000,7.634811050172,4.873793478411
143,position_only,8,3.8652692158080981e-12,-37.912568237361,97,1.1102230246251565e-16,-53.000000000000,15.087431762639,4.873793478411
143,position_only,12,5.3108986989347828e-18,-57.385749696512,97,8.2718061255302767e-25,-80.000000000000,22.614250303488,4.873793478411
143,position_only,16,7.3017018899220358e-24,-76.858041508922,97,1.2325951644078309e-32,-106.000000000000,29.141958491078,4.873793478411
143,rotor,4,2.2500753402709961e-06,-18.761595260675,1,1.4901161193847656e-08,-26.000000000000,7.238404739325,4.915006532876
143,rotor,8,2.8834851173442644e-12,-38.335323562478,87,1.1102230246251565e-16,-53.000000000000,14.664676437522,4.915006532876
143,rotor,12,3.3666477371600913e-18,-58.043392932586,87,8.2718061255302767e-25,-80.000000000000,21.956607067414,4.915006532876
143,rotor,16,4.0017056025689541e-24,-77.725659242321,87,1.2325951644078309e-32,-106.000000000000,28.274340757679,4.915006532876
143,round_only,4,2.2277235984802246e-06,-18.775998325802,126,1.4901161193847656e-08,-26.000000000000,7.224001674198,4.899006058285
143,round_only,8,2.9059116224416925e-12,-38.324146311728,126,1.1102230246251565e-16,-53.000000000000,14.675853688272,4.899006058285
143,round_only,12,3.7163323440574427e-18,-57.900826183194,126,8.2718061255302767e-25,-80.000000000000,22.099173816806,4.899006058285
143,round_only,16,4.4560182195608968e-24,-77.570519145782,126,6.1629758220391547e-33,-107.000000000000,29.429480854218,4.899006058285
144,static,4,2.9206275939941406e-06,-18.385290155885,24,1.4901161193847656e-08,-26.000000000000,7.614709844115,4.969489750479
144,static,8,3.0013491691960326e-12,-38.277525970540,24,1.1102230246251565e-16,-53.000000000000,14.722474029460,4.969489750479
144,static,12,3.2752546709294269e-18,-58.083098618665,24,8.2718061255302767e-25,-80.000000000000,21.916901381335,4.969489750479
144,static,16,3.2109013275301297e-24,-78.043295946232,24,6.1629758220391547e-33,-107.000000000000,28.956704053768,4.969489750479
144,position_only,4,2.1755695343017578e-06,-18.810175441120,122,1.4901161193847656e-08,-26.000000000000,7.189824558880,5.025789469221
144,position_only,8,1.8972046156306988e-12,-38.939261855241,122,1.1102230246251565e-16,-53.000000000000,14.060738144759,5.025789469221
144,position_only,12,1.7413001822320631e-18,-58.994540777765,122,1.6543612251060553e-24,-79.000000000000,20.005459222235,5.025789469221
144,position_only,16,1.5059413184643036e-24,-79.135608723230,122,1.2325951644078309e-32,-106.000000000000,26.864391276770,5.025789469221
144,rotor,4,2.0563602447509766e-06,-18.891475543222,98,1.4901161193847656e-08,-26.000000000000,7.108524456778,4.986802097928
144,rotor,8,1.8367946053032824e-12,-38.985946828736,51,2.2204460492503131e-16,-52.000000000000,13.014053171264,4.986802097928
144,rotor,12,1.8837194355117095e-18,-58.881121604560,51,1.6543612251060553e-24,-79.000000000000,20.118878395440,4.986802097928
144,rotor,16,1.9667710441505185e-24,-78.750445256993,51,1.2325951644078309e-32,-106.000000000000,27.249554743007,4.986802097928
144,round_only,4,1.9297003746032715e-06,-18.983191712313,4,1.4901161193847656e-08,-26.000000000000,7.016808287687,5.005440820439
144,round_only,8,1.8619827901744657e-12,-38.966297400147,76,1.1102230246251565e-16,-53.000000000000,14.033702599853,5.005440820439
144,round_only,12,1.6708688033016816e-18,-59.054107250610,58,8.2718061255302767e-25,-80.000000000000,20.945892749390,5.005440820439
144,round_only,16,1.6242888842414652e-24,-79.026466034676,76,6.1629758220391547e-33,-107.000000000000,27.973533965324,5.005440820439
145,static,4,3.0808150768280029e-06,-18.308256480829,94,7.4505805969238281e-09,-27.000000000000,8.691743519171,4.875450981083
145,static,8,4.6299214462308669e-12,-37.652149422505,94,5.5511151231257827e-17,-54.000000000000,16.347850577495,4.875450981083
145,static,12,5.9481078746355399e-18,-57.222274895688,94,4.1359030627651384e-25,-81.000000000000,23.777725104312,4.875450981083
145,static,16,7.6495764699416566e-24,-76.790894404214,94,3.0814879110195774e-33,-108.000000000000,31.209105595786,4.875450981083
145,position_only,4,2.3059546947479248e-06,-18.726204400786,63,1.4901161193847656e-08,-26.000000000000,7.273795599214,5.031293034521
145,position_only,8,1.8889056985216257e-12,-38.945586460041,63,5.5511151231257827e-17,-54.000000000000,15.054413539959,5.031293034521
145,position_only,12,1.6897887503562421e-18,-59.037862809313,63,4.1359030627651384e-25,-81.000000000000,21.962137190687,5.031293034521
145,position_only,16,1.5300599694990863e-24,-79.112686077971,63,3.0814879110195774e-33,-108.000000000000,28.887313922029,5.031293034521
145,rotor,4,2.5182962417602539e-06,-18.599120563718,3,7.4505805969238281e-09,-27.000000000000,8.400879436282,4.950468119804
145,rotor,8,2.6890295545811682e-12,-38.436051526980,3,5.5511151231257827e-17,-54.000000000000,15.563948473020,4.950468119804
145,rotor,12,3.067888866566085e-18,-58.177459485418,3,4.1359030627651384e-25,-81.000000000000,22.822540514582,4.950468119804
145,rotor,16,3.2521221263078782e-24,-78.024892841621,3,3.0814879110195774e-33,-108.000000000000,29.975107158379,4.950468119804
145,round_only,4,2.1010637283325195e-06,-18.860448647601,2,7.4505805969238281e-09,-27.000000000000,8.139551352399,4.972436510527
145,round_only,8,2.079017513700876e-12,-38.807235227098,2,1.1102230246251565e-16,-53.000000000000,14.192764772902,4.972436510527
145,round_only,12,2.1947359854104094e-18,-58.660658306001,2,4.1359030627651384e-25,-81.000000000000,22.339341693999,4.972436510527
145,round_only,16,2.2728143554816056e-24,-78.541794428321,2,3.0814879110195774e-33,-108.000000000000,29.458205571679,4.972436510527
146,static,4,2.7380883693695068e-06,-18.478399560276,64,1.4901161193847656e-08,-26.000000000000,7.521600439724,4.932818932322
146,static,8,3.255173908200959e-12,-38.160402516979,64,5.5511151231257827e-17,-54.000000000000,15.839597483021,4.932818932322
146,static,12,3.7480640780295308e-18,-57.888560090017,64,4.1359030627651384e-25,-81.000000000000,23.111439909983,4.932818932322
146,static,16,4.1497031704924573e-24,-77.673266133554,64,3.0814879110195774e-33,-108.000000000000,30.326733866446,4.932818932322
146,position_only,4,2.4437904357910156e-06,-18.642447995382,103,1.4901161193847656e-08,-26.000000000000,7.357552004618,5.014726378932
146,position_only,8,2.3978596885854131e-12,-38.601389897121,103,2.2204460492503131e-16,-52.000000000000,13.398610102879,5.014726378932
146,position_only,12,2.0504491134039831e-18,-58.758765767648,103,1.6543612251060553e-24,-79.000000000000,20.241234232352,5.014726378932
146,position_only,16,1.9184393903877916e-24,-78.786341090969,103,6.1629758220391547e-33,-107.000000000000,28.213658909031,5.014726378932
146,rotor,4,2.4028122425079346e-06,-18.666844649689,100,7.4505805969238281e-09,-27.000000000000,8.333155350311,4.978615093421
146,rotor,8,2.5635465972229099e-12,-38.504996017012,100,1.1102230246251565e-16,-53.000000000000,14.495003982988,4.978615093421
146,rotor,12,2.394750532272416e-18,-58.534830333681,100,8.2718061255302767e-25,-80.000000000000,21.465169666319,4.978615093421
146,rotor,16,2.5570962897037799e-24,-78.371767789747,100,3.0814879110195774e-33,-108.000000000000,29.628232210253,4.978615093421
146,round_only,4,2.1010637283325195e-06,-18.860448647601,36,1.4901161193847656e-08,-26.000000000000,7.139551352399,4.974860862620
146,round_only,8,2.2578189318167574e-12,-38.688207346357,36,1.1102230246251565e-16,-53.000000000000,14.311792653643,4.974860862620
146,round_only,12,2.2195496977269868e-18,-58.644438695700,36,8.2718061255302767e-25,-80.000000000000,21.355561304300,4.974860862620
146,round_only,16,2.2758801372413358e-24,-78.539849699424,36,6.1629758220391547e-33,-107.000000000000,28.460150300576,4.974860862620
147,static,4,3.3266842365264893e-06,-18.197483634879,40,1.4901161193847656e-08,-26.000000000000,7.802516365121,4.910619265956
147,static,8,3.5320912861180886e-12,-38.042614509046,40,1.1102230246251565e-16,-53.000000000000,14.957385490954,4.910619265956
147,static,12,4.5301077710010126e-18,-57.615160335661,43,1.6543612251060553e-24,-79.000000000000,21.384839664339,4.910619265956
147,static,16,5.9713165003337286e-24,-77.148225238752,40,2.4651903288156619e-32,-105.000000000000,27.851774761248,4.910619265956
147,position_only,4,2.8498470783233643e-06,-18.420684062420,40,1.4901161193847656e-08,-26.000000000000,7.579315937580,4.943456035500
147,position_only,8,2.9811708657234703e-12,-38.287258072924,40,2.2204460492503131e-16,-52.000000000000,13.712741927076,4.943456035500
147,position_only,12,3.4832883719386171e-18,-57.994255793318,40,1.6543612251060553e-24,-79.000000000000,21.005744206682,4.943456035500
147,position_only,16,3.8955912670424073e-24,-77.764431962285,40,2.4651903288156619e-32,-105.000000000000,27.235568037715,4.943456035500
147,rotor,4,2.3245811462402344e-06,-18.714597781138,40,1.4901161193847656e-08,-26.000000000000,7.285402218862,4.949857917466
147,rotor,8,2.4979185386797553e-12,-38.542410709644,101,1.1102230246251565e-16,-53.000000000000,14.457589290356,4.949857917466
147,rotor,12,2.7950096856042955e-18,-58.311852425495,43,8.2718061255302767e-25,-80.000000000000,21.688147574505,4.949857917466
147,rotor,16,3.0385537980299541e-24,-78.122889442065,43,6.1629758220391547e-33,-107.000000000000,28.877110557935,4.949857917466
147,round_only,4,2.2612512111663818e-06,-18.754447293744,36,7.4505805969238281e-09,-27.000000000000,8.245552706256,4.965471450274
147,round_only,8,2.2562923751578978e-12,-38.689183111311,63,1.1102230246251565e-16,-53.000000000000,14.310816888689,4.965471450274
147,round_only,12,2.38148302053616e-18,-58.542845445341,68,1.6543612251060553e-24,-79.000000000000,20.457154554659,4.965471450274
147,round_only,16,2.6088760906907108e-24,-78.342845852724,63,1.2325951644078309e-32,-106.000000000000,27.657154147276,4.965471450274
148,static,4,2.078711986541748e-06,-18.875878688171,102,1.4901161193847656e-08,-26.000000000000,7.124121311829,4.953763148461
148,static,8,2.5834751005149315e-12,-38.493824159487,102,1.1102230246251565e-16,-53.000000000000,14.506175840513,4.953763148461
148,static,12,2.6737795425945958e-18,-58.375825190154,102,8.2718061255302767e-25,-80.000000000000,21.624174809846,4.953763148461
148,static,16,2.6899026349085077e-24,-78.298720324097,102,6.1629758220391547e-33,-107.000000000000,28.701279675903,4.953763148461
148,position_only,4,2.0638108253479004e-06,-18.886257833951,85,2.9802322387695312e-08,-25.000000000000,6.113742166049,4.962043106644
148,position_only,8,2.3806373539159154e-12,-38.611789269218,24,4.4408920985006262e-16,-51.000000000000,12.388210730782,4.962043106644
148,position_only,12,2.5192463326416868e-18,-58.461713511861,85,1.3234889800848443e-23,-76.000000000000,17.538286488139,4.962043106644
148,position_only,16,2.4556128122839833e-24,-78.430191174990,85,1.9721522630525295e-31,-102.000000000000,23.569808825010,4.962043106644
148,rotor,4,2.3320317268371582e-06,-18.709981153067,57,1.4901161193847656e-08,-26.000000000000,7.290018846933,4.962480562210
148,rotor,8,2.6040697376217281e-12,-38.482369053903,57,1.1102230246251565e-16,-53.000000000000,14.517630946097,4.962480562210
148,rotor,12,2.7460348547756567e-18,-58.337355770582,57,8.2718061255302767e-25,-80.000000000000,21.662644229418,4.962480562210
148,rotor,16,2.7667926588954369e-24,-78.258059743646,57,1.2325951644078309e-32,-106.000000000000,27.741940256354,4.962480562210
148,round_only,4,2.1643936634063721e-06,-18.817605646595,76,1.4901161193847656e-08,-26.000000000000,7.182394353405,4.952313193509
148,round_only,8,2.5545676685112539e-12,-38.510057986535,13,1.1102230246251565e-16,-53.000000000000,14.489942013465,4.952313193509
148,round_only,12,2.7036708514025417e-18,-58.359786181335,13,8.2718061255302767e-25,-80.000000000000,21.640213818665,4.952313193509
148,round_only,16,2.817473645397094e-24,-78.231872161782,62,1.2325951644078309e-32,-106.000000000000,27.768127838218,4.952313193509
149,static,4,2.0302832126617432e-06,-18.909887580336,6,7.4505805969238281e-09,-27.000000000000,8.090112419664,4.956113633387
149,static,8,2.3477747523870107e-12,-38.631843137016,6,5.5511151231257827e-17,-54.000000000000,15.368156862984,4.956113633387
149,static,12,2.520489585102354e-18,-58.461001714963,5,4.1359030627651384e-25,-81.000000000000,22.538998285037,4.956113633387
149,static,16,2.5395820942566303e-24,-78.381683166184,15,3.0814879110195774e-33,-108.000000000000,29.618316833816,4.956113633387
149,position_only,4,2.469867467880249e-06,-18.627134939887,1,1.4901161193847656e-08,-26.000000000000,7.372865060113,5.015297958978
149,position_only,8,2.0982798831781224e-12,-38.793930011190,1,1.1102230246251565e-16,-53.000000000000,14.206069988810,5.015297958978
149,position_only,12,1.9721880046866926e-18,-58.814908620506,1,8.2718061255302767e-25,-80.000000000000,21.185091379494,5.015297958978
149,position_only,16,1.8688611954167435e-24,-78.824114856486,1,6.1629758220391547e-33,-107.000000000000,28.175885143514,5.015297958978
149,rotor,4,2.3171305656433105e-06,-18.719229229869,1,1.4901161193847656e-08,-26.000000000000,7.280770770131,4.961154490175
149,rotor,8,2.2805368704581497e-12,-38.673763643569,1,1.1102230246251565e-16,-53.000000000000,14.326236356431,4.961154490175
149,rotor,12,2.4310349649384194e-18,-58.513135064552,1,8.2718061255302767e-25,-80.000000000000,21.486864935448,4.961154490175
149,rotor,16,2.77298981747028e-24,-78.254831958544,1,1.2325951644078309e-32,-106.000000000000,27.745168041456,4.961154490175
149,round_only,4,2.3432075977325439e-06,-18.703083793121,81,1.4901161193847656e-08,-26.000000000000,7.296916206879,4.948877733229
149,round_only,8,2.7592511608887094e-12,-38.398860354637,81,2.2204460492503131e-16,-52.000000000000,13.601139645363,4.948877733229
149,round_only,12,2.9461327917831663e-18,-58.235883249177,81,1.6543612251060553e-24,-79.000000000000,20.764116750823,4.948877733229
149,round_only,16,3.1394133771850213e-24,-78.075779271330,81,1.2325951644078309e-32,-106.000000000000,27.924220728670,4.948877733229
150,static,4,1.9446015357971191e-06,-18.972094003430,101,1.4901161193847656e-08,-26.000000000000,7.027905996570,4.968488888726
150,static,8,2.2626067686104534e-12,-38.685151266492,120,1.1102230246251565e-16,-53.000000000000,14.314848733508,4.968488888726
150,static,12,2.3127538242100478e-18,-58.585093998199,101,8.2718061255302767e-25,-80.000000000000,21.414906001801,4.968488888726
150,static,16,2.2053016416382531e-24,-78.585298275876,101,6.1629758220391547e-33,-107.000000000000,28.414701724124,4.968488888726
150,position_only,4,2.1569430828094482e-06,-18.822580462011,64,1.4901161193847656e-08,-26.000000000000,7.177419537989,4.963886765578
150,position_only,8,2.1605633948595937e-12,-38.751729575803,11,1.1102230246251565e-16,-53.000000000000,14.248270424197,4.963886765578
150,position_only,12,2.3596236871748923e-18,-58.556148911070,11,1.6543612251060553e-24,-79.000000000000,20.443851088930,4.963886765578
150,position_only,16,2.496678494545488e-24,-78.406264224628,11,6.1629758220391547e-33,-107.000000000000,28.593735775372,4.963886765578
150,rotor,4,2.5033950805664062e-06,-18.607682577221,11,1.4901161193847656e-08,-26.000000000000,7.392317422779,5.025076683452
150,rotor,8,2.0660556598883772e-12,-38.816258017474,11,1.1102230246251565e-16,-53.000000000000,14.183741982526,5.025076683452
150,rotor,12,1.9610502762326075e-18,-58.823079185017,11,1.6543612251060553e-24,-79.000000000000,20.176920814983,5.025076683452
150,rotor,16,1.7248963154482023e-24,-78.939764634064,11,1.2325951644078309e-32,-106.000000000000,27.060235365936,5.025076683452
150,round_only,4,2.5480985641479492e-06,-18.582147485114,11,1.4901161193847656e-08,-26.000000000000,7.417852514886,5.014283394804
150,round_only,8,2.2842006064394127e-12,-38.671447779889,11,2.2204460492503131e-16,-52.000000000000,13.328552220111,5.014283394804
150,round_only,12,2.1671877690850965e-18,-58.678881551407,11,1.6543612251060553e-24,-79.000000000000,20.321118448593,5.014283394804
150,round_only,16,1.940138240062537e-24,-78.770114825324,11,1.2325951644078309e-32,-106.000000000000,27.229885174676,5.014283394804
151,static,4,2.4922192096710205e-06,-18.614137599359,95,1.4901161193847656e-08,-26.000000000000,7.385862400641,5.032739018847
151,static,8,1.9810819651411293e-12,-38.876848567226,95,2.2204460492503131e-16,-52.000000000000,13.123151432774,5.032739018847
151,static,12,1.7484730789138167e-18,-58.988610124815,95,1.6543612251060553e-24,-79.000000000000,20.011389875185,5.032739018847
151,static,16,1.6390618313763956e-24,-79.013403998126,95,1.2325951644078309e-32,-106.000000000000,26.986596001874,5.032739018847
151,position_only,4,1.9483268260955811e-06,-18.969332863753,97,7.4505805969238281e-09,-27.000000000000,8.030667136247,5.006123350784
151,position_only,8,1.8787194022706899e-12,-38.953387530742,97,5.5511151231257827e-17,-54.000000000000,15.046612469258,5.006123350784
151,position_only,12,1.7548761289392248e-18,-58.983336509051,97,4.1359030627651384e-25,-81.000000000000,22.016663490949,5.006123350784
151,position_only,16,1.6080137346684791e-24,-79.040994548110,97,3.0814879110195774e-33,-108.000000000000,28.959005451890,5.006123350784
151,rotor,4,3.0808150768280029e-06,-18.308256480829,97,1.4901161193847656e-08,-26.000000000000,7.691743519171,4.999390874486
151,rotor,8,2.7609026176378393e-12,-38.397997136463,97,1.1102230246251565e-16,-53.000000000000,14.602002863537,4.999390874486
151,rotor,12,2.6830046226773051e-18,-58.370856167683,97,1.6543612251060553e-24,-79.000000000000,20.629143832317,4.999390874486
151,rotor,16,2.6704677848316815e-24,-78.309181796903,97,2.4651903288156619e-32,-105.000000000000,26.690818203097,4.999390874486
151,round_only,4,2.0861625671386719e-06,-18.870716983055,15,7.4505805969238281e-09,-27.000000000000,8.129283016945,4.984327794222
151,round_only,8,2.0321244686982709e-12,-38.840148367998,74,1.1102230246251565e-16,-53.000000000000,14.159851632002,4.984327794222
151,round_only,12,2.0829186924824685e-18,-58.736099183640,74,4.1359030627651384e-25,-81.000000000000,22.263900816360,4.984327794222
151,round_only,16,2.0417935171741277e-24,-78.696437300802,95,3.0814879110195774e-33,-108.000000000000,29.303562699198,4.984327794222
152,static,4,3.2186508178710938e-06,-18.245112497837,100,1.4901161193847656e-08,-26.000000000000,7.754887502163,4.997072800610
152,static,8,3.1441238501628277e-12,-38.210479090741,100,2.2204460492503131e-16,-52.000000000000,13.789520909259,4.997072800610
152,static,12,3.0016539816783381e-18,-58.208948029378,100,1.6543612251060553e-24,-79.000000000000,20.791051970622,4.997072800610
152,static,16,2.8672759359912741e-24,-78.206593526422,100,2.4651903288156619e-32,-105.000000000000,26.793406473578,4.997072800610
152,position_only,4,2.5294721126556396e-06,-18.592732235755,86,1.4901161193847656e-08,-26.000000000000,7.407267764245,4.963508612116
152,position_only,8,2.8102242755068119e-12,-38.372451866476,86,5.5511151231257827e-17,-54.000000000000,15.627548133524,4.963508612116
152,position_only,12,2.8538047529663756e-18,-58.281819073776,86,4.1359030627651384e-25,-81.000000000000,22.718180926224,4.963508612116
152,position_only,16,3.0102492528538775e-24,-78.136391328196,86,3.0814879110195774e-33,-108.000000000000,29.863608671804,4.963508612116
152,rotor,4,1.9855797290802002e-06,-18.942008277241,72,7.4505805969238281e-09,-27.000000000000,8.057991722759,5.016097366739
152,rotor,8,2.0149021340287732e-12,-38.852427371449,72,5.5511151231257827e-17,-54.000000000000,15.147572628551,5.016097366739
152,rotor,12,1.6841273194487761e-18,-59.042704498194,72,8.2718061255302767e-25,-80.000000000000,20.957295501806,5.016097366739
152,rotor,16,1.5508510733094456e-24,-79.093214124845,72,3.0814879110195774e-33,-108.000000000000,28.906785875155,5.016097366739
152,round_only,4,1.9446015357971191e-06,-18.972094003430,34,1.4901161193847656e-08,-26.000000000000,7.027905996570,4.988846922850
152,round_only,8,2.1506130210013907e-12,-38.758389187531,13,2.2204460492503131e-16,-52.000000000000,13.241610812469,4.988846922850
152,round_only,12,2.0012486690632704e-18,-58.793805264700,13,8.2718061255302767e-25,-80.000000000000,21.206194735300,4.988846922850
152,round_only,16,1.8851683015601108e-24,-78.811580949035,13,1.2325951644078309e-32,-106.000000000000,27.188419050965,4.988846922850
153,static,4,2.339482307434082e-06,-18.705379251108,0,7.4505805969238281e-09,-27.000000000000,8.294620748892,4.994530725670
153,static,8,2.4568680423442402e-12,-38.566316765591,0,5.5511151231257827e-17,-54.000000000000,15.433683234409,4.994530725670
153,static,12,2.2806862032104748e-18,-58.605237746292,0,4.1359030627651384e-25,-81.000000000000,22.394762253708,4.994530725670
153,static,16,2.1536627403379026e-24,-78.619481933142,0,3.0814879110195774e-33,-108.000000000000,29.380518066858,4.994530725670
153,position_only,4,2.5257468223571777e-06,-18.594858536864,57,1.4901161193847656e-08,-26.000000000000,7.405141463136,5.002020844313
153,position_only,8,2.3468449406038872e-12,-38.632414614560,57,1.1102230246251565e-16,-53.000000000000,14.367585385440,5.002020844313
153,position_only,12,2.2017052922638984e-18,-58.656084337092,57,1.6543612251060553e-24,-79.000000000000,20.343915662908,5.002020844313
153,position_only,16,2.1619918087980221e-24,-78.613913220195,57,1.2325951644078309e-32,-106.000000000000,27.386086779805,5.002020844313
153,rotor,4,2.4661421775817871e-06,-18.629312593193,57,1.4901161193847656e-08,-26.000000000000,7.370687406807,4.960913739564
153,rotor,8,2.6349478154941153e-12,-38.465362748730,67,2.2204460492503131e-16,-52.000000000000,13.534637251270,4.960913739564
153,rotor,12,2.7235120708643332e-18,-58.349237446618,67,1.6543612251060553e-24,-79.000000000000,20.650762553382,4.960913739564
153,rotor,16,2.9884623956918004e-24,-78.146870888085,67,2.4651903288156619e-32,-105.000000000000,26.853129111915,4.960913739564
153,round_only,4,2.1569430828094482e-06,-18.822580462011,42,1.4901161193847656e-08,-26.000000000000,7.177419537989,4.953853748355
153,round_only,8,2.3760854395149522e-12,-38.614550425006,42,1.1102230246251565e-16,-53.000000000000,14.385449574994,4.953853748355
153,round_only,12,2.5873328613306337e-18,-58.423240038759,42,8.2718061255302767e-25,-80.000000000000,21.576759961241,4.953853748355
153,round_only,16,2.7419590814800683e-24,-78.271067235496,42,1.2325951644078309e-32,-106.000000000000,27.728932764504,4.953853748355
154,static,4,2.0973384380340576e-06,-18.863008887920,2,1.4901161193847656e-08,-26.000000000000,7.136991112080,4.997354741698
154,static,8,2.2903762220138901e-12,-38.667552540740,11,1.1102230246251565e-16,-53.000000000000,14.332447459260,4.997354741698
154,static,12,1.9992335536935147e-18,-58.795258688079,42,1.6543612251060553e-24,-79.000000000000,20.204741311921,4.997354741698
154,static,16,1.9199972117567112e-24,-78.785170061448,42,6.1629758220391547e-33,-107.000000000000,28.214829938552,4.997354741698
154,position_only,4,2.6151537895202637e-06,-18.544672779695,101,2.9802322387695312e-08,-25.000000000000,6.455327220305,4.984457945120
154,position_only,8,2.6890989435202073e-12,-38.436014299503,101,2.2204460492503131e-16,-52.000000000000,13.563985700497,4.984457945120
154,position_only,12,2.5481708224099231e-18,-58.445243712803,101,1.6543612251060553e-24,-79.000000000000,20.554756287197,4.984457945120
154,position_only,16,2.6242503670803173e-24,-78.334368910193,101,2.4651903288156619e-32,-105.000000000000,26.665631089807,4.984457945120
154,rotor,4,2.1085143089294434e-06,-18.855341757168,121,7.4505805969238281e-09,-27.000000000000,8.144658242832,4.989379727128
154,rotor,8,2.1607438061010953e-12,-38.751609112993,9,5.5511151231257827e-17,-54.000000000000,15.248390887007,4.989379727128
154,rotor,12,2.1007657345837595e-18,-58.723790418117,121,8.2718061255302767e-25,-80.000000000000,21.276209581883,4.989379727128
154,rotor,16,2.0045289592585006e-24,-78.723011017166,9,3.0814879110195774e-33,-108.000000000000,29.276988982834,4.989379727128
154,round_only,4,2.3618340492248535e-06,-18.691660969861,2,1.4901161193847656e-08,-26.000000000000,7.308339030139,4.973098299490
154,round_only,8,2.4295704337262691e-12,-38.582435881573,42,1.1102230246251565e-16,-53.000000000000,14.417564118427,4.973098299490
154,round_only,12,2.4752994674676633e-18,-58.487102631631,42,8.2718061255302767e-25,-80.000000000000,21.512897368369,4.973098299490
154,round_only,16,2.5695663365374024e-24,-78.364749379714,42,6.1629758220391547e-33,-107.000000000000,28.635250620286,4.973098299490
155,static,4,2.3059546947479248e-06,-18.726204400786,0,1.4901161193847656e-08,-26.000000000000,7.273795599214,5.002291326901
155,static,8,2.4270863097086703e-12,-38.583911725514,0,1.1102230246251565e-16,-53.000000000000,14.416088274486,5.002291326901
155,static,12,2.169555470190953e-18,-58.677306235187,0,3.3087224502121107e-24,-78.000000000000,19.322693764813,5.002291326901
155,static,16,2.0009017858681651e-24,-78.725623922906,0,1.2325951644078309e-32,-106.000000000000,27.274376077094,5.002291326901
155,position_only,4,2.3096799850463867e-06,-18.723875594726,57,1.4901161193847656e-08,-26.000000000000,7.276124405274,4.984292397260
155,position_only,8,2.5174029527619268e-12,-38.531200976014,57,1.1102230246251565e-16,-53.000000000000,14.468799023986,4.984292397260
155,position_only,12,2.3491986782160982e-18,-58.562536976761,57,1.6543612251060553e-24,-79.000000000000,20.437463023239,4.984292397260
155,position_only,16,2.3331494454302958e-24,-78.503995557940,57,6.1629758220391547e-33,-107.000000000000,28.496004442060,4.984292397260
155,rotor,4,2.2388994693756104e-06,-18.768778819289,101,7.4505805969238281e-09,-27.000000000000,8.231221180711,4.958457197447
155,rotor,8,2.273181642920008e-12,-38.678424168584,68,1.1102230246251565e-16,-53.000000000000,14.321575831416,4.958457197447
155,rotor,12,2.4234133227743558e-18,-58.517665224824,68,8.2718061255302767e-25,-80.000000000000,21.482334775176,4.958457197447
155,rotor,16,2.7469167304168172e-24,-78.268461099841,68,3.0814879110195774e-33,-108.000000000000,29.731538900159,4.958457197447
155,round_only,4,2.1643936634063721e-06,-18.817605646595,38,7.4505805969238281e-09,-27.000000000000,8.182394353405,4.951718279101
155,round_only,8,2.3674673332862994e-12,-38.619792619367,38,1.1102230246251565e-16,-53.000000000000,14.380207380633,4.951718279101
155,round_only,12,2.6220503554225202e-18,-58.404010315769,38,4.1359030627651384e-25,-81.000000000000,22.595989684231,4.951718279101
155,round_only,16,2.7904493787145463e-24,-78.245776802469,38,3.0814879110195774e-33,-108.000000000000,29.754223197531,4.951718279101
156,static,4,3.0100345611572266e-06,-18.341788517248,58,1.4901161193847656e-08,-26.000000000000,7.658211482752,4.974281617420
156,static,8,3.08740533139229e-12,-38.236742238396,58,1.1102230246251565e-16,-53.000000000000,14.763257761604,4.974281617420
156,static,12,3.0922410121008578e-18,-58.166052939353,58,1.6543612251060553e-24,-79.000000000000,20.833947060647,4.974281617420
156,static,16,3.2576563636180517e-24,-78.022439849201,58,1.2325951644078309e-32,-106.000000000000,27.977560150799,4.974281617420
156,position_only,4,1.7546117305755615e-06,-19.120416750387,9,1.4901161193847656e-08,-26.000000000000,6.879583249613,5.042211941507
156,position_only,8,1.6168039129738077e-12,-39.169992420217,17,1.1102230246251565e-16,-53.000000000000,13.830007579783,5.042211941507
156,position_only,12,1.2863899813106293e-18,-59.431377632327,9,8.2718061255302767e-25,-80.000000000000,20.568622367673,5.042211941507
156,position_only,16,1.0944151025685975e-24,-79.596114233106,9,1.2325951644078309e-32,-106.000000000000,26.403885766894,5.042211941507
156,rotor,4,2.212822437286377e-06,-18.785680879199,17,1.4901161193847656e-08,-26.000000000000,7.214319120801,4.973191318831
156,rotor,8,2.5362628663927467e-12,-38.520432859895,108,1.1102230246251565e-16,-53.000000000000,14.479567140105,4.973191318831
156,rotor,12,2.4850475841914476e-18,-58.481432230905,108,8.2718061255302767e-25,-80.000000000000,21.518567769095,4.973191318831
156,rotor,16,2.4368919267783288e-24,-78.441232006604,108,6.1629758220391547e-33,-107.000000000000,28.558767993396,4.973191318831
156,round_only,4,1.9557774066925049e-06,-18.963826387447,38,1.4901161193847656e-08,-26.000000000000,7.036173612553,4.967791405721
156,round_only,8,2.1321000520657662e-12,-38.770861998285,38,1.1102230246251565e-16,-53.000000000000,14.229138001715,4.967791405721
156,round_only,12,2.1398554468996599e-18,-58.697192366059,38,8.2718061255302767e-25,-80.000000000000,21.302807633941,4.967791405721
156,round_only,16,2.2459709528801353e-24,-78.558935007798,19,1.2325951644078309e-32,-106.000000000000,27.441064992202,4.967791405721
157,static,4,2.3692846298217773e-06,-18.687117044716,120,1.4901161193847656e-08,-26.000000000000,7.312882955284,4.995927094524
157,static,8,2.3689661343695434e-12,-38.618879564015,120,1.1102230246251565e-16,-53.000000000000,14.381120435985,4.995927094524
157,static,12,2.2601000042095028e-18,-58.618319097993,120,4.1359030627651384e-25,-81.000000000000,22.381680902007,4.995927094524
157,static,16,2.1335794240636044e-24,-78.632998460374,120,3.0814879110195774e-33,-108.000000000000,29.367001539626,4.995927094524
157,position_only,4,2.2463500499725342e-06,-18.763985808100,125,1.4901161193847656e-08,-26.000000000000,7.236014191900,4.963428412394
157,position_only,8,2.4204943604999585e-12,-38.587835405775,9,1.1102230246251565e-16,-53.000000000000,14.412164594225,4.963428412394
157,position_only,12,2.4887432720719697e-18,-58.479288292122,9,8.2718061255302767e-25,-80.000000000000,21.520711707878,4.963428412394
157,position_only,16,2.6642459408423692e-24,-78.312547011233,9,6.1629758220391547e-33,-107.000000000000,28.687452988767,4.963428412394
157,rotor,4,2.0153820514678955e-06,-18.920515216173,125,1.4901161193847656e-08,-26.000000000000,7.079484783827,4.995622641001
157,rotor,8,2.1310453401923724e-12,-38.771575850373,125,1.1102230246251565e-16,-53.000000000000,14.228424149627,4.995622641001
157,rotor,12,1.9089416716533116e-18,-58.861932686583,125,8.2718061255302767e-25,-80.000000000000,21.138067313417,4.995622641001
157,rotor,16,1.8586341143297457e-24,-78.832031484121,125,6.1629758220391547e-33,-107.000000000000,28.167968515879,4.995622641001
157,round_only,4,2.1383166313171387e-06,-18.835093073324,120,1.4901161193847656e-08,-26.000000000000,7.164906926676,5.004840507045
157,round_only,8,1.9133999940024182e-12,-38.926998639747,120,1.1102230246251565e-16,-53.000000000000,14.073001360253,5.004840507045
157,round_only,12,1.7929232317917904e-18,-58.952391990812,120,8.2718061255302767e-25,-80.000000000000,21.047608009188,5.004840507045
157,round_only,16,1.7839875664608763e-24,-78.891168716897,120,1.2325951644078309e-32,-106.000000000000,27.108831283103,5.004840507045
158,static,4,2.2687017917633057e-06,-18.749701582094,125,1.4901161193847656e-08,-26.000000000000,7.250298417906,4.952857062226
158,static,8,2.6175867029465394e-12,-38.474899813970,88,1.1102230246251565e-16,-53.000000000000,14.525100186030,4.952857062226
158,static,12,2.7784906819764584e-18,-58.320404305938,125,1.6543612251060553e-24,-79.000000000000,20.679595694062,4.952857062226
158,static,16,2.9355822847349938e-24,-78.172627581123,88,1.2325951644078309e-32,-106.000000000000,27.827372418877,4.952857062226
158,position_only,4,2.9876828193664551e-06,-18.352541573545,57,1.4901161193847656e-08,-26.000000000000,7.647458426455,4.866868229184
158,position_only,8,4.2621045581725525e-12,-37.771571152823,2,1.1102230246251565e-16,-53.000000000000,15.228428847177,4.866868229184
158,position_only,12,5.5569120358778273e-18,-57.320422304900,2,8.2718061255302767e-25,-80.000000000000,22.679577695100,4.866868229184
158,position_only,16,7.9913543756257248e-24,-76.727834245306,2,6.1629758220391547e-33,-107.000000000000,30.272165754694,4.866868229184
158,rotor,4,2.3990869522094727e-06,-18.669083121885,2,1.4901161193847656e-08,-26.000000000000,7.330916878115,4.926703965368
158,rotor,8,3.0473817913545531e-12,-38.255566879192,2,1.1102230246251565e-16,-53.000000000000,14.744433120808,4.926703965368
158,rotor,12,3.3796943916727956e-18,-58.037812911037,2,8.2718061255302767e-25,-80.000000000000,21.962187088963,4.926703965368
158,rotor,16,3.8957118231309851e-24,-77.764387316179,2,1.2325951644078309e-32,-106.000000000000,28.235612683821,4.926703965368
158,round_only,4,2.3879110813140869e-06,-18.675819453381,53,1.4901161193847656e-08,-26.000000000000,7.324180546619,4.938602192142
158,round_only,8,2.6225133176183135e-12,-38.472187039549,79,2.2204460492503131e-16,-52.000000000000,13.527812960451,4.938602192142
158,round_only,12,3.0178416994708477e-18,-58.201188576521,79,1.6543612251060553e-24,-79.000000000000,20.798811423479,4.938602192142
158,round_only,16,3.4313099278432745e-24,-77.947514836283,79,1.2325951644078309e-32,-106.000000000000,28.052485163717,4.938602192142
159,static,4,3.0286610126495361e-06,-18.332888457925,11,1.4901161193847656e-08,-26.000000000000,7.667111542075,4.890652619925
159,static,8,4.6703890754784538e-12,-37.639594397304,11,1.1102230246251565e-16,-53.000000000000,15.360405602696,4.890652619925
159,static,12,5.2811614008171366e-18,-57.393850474800,11,8.2718061255302767e-25,-80.000000000000,22.606149525200,4.890652619925
159,static,16,6.8184142202512959e-24,-76.956838031097,11,6.1629758220391547e-33,-107.000000000000,30.043161968903,4.890652619925
159,position_only,4,2.8461217880249023e-06,-18.422571171964,40,3.7252902984619141e-09,-28.000000000000,9.577428828036,4.869798776039
159,position_only,8,3.8619385467342227e-12,-37.913811931125,68,1.3877787807814457e-17,-56.000000000000,18.086188068875,4.869798776039
159,position_only,12,5.6605777740617878e-18,-57.293756391800,40,5.169878828456423e-26,-84.000000000000,26.706243608200,4.869798776039
159,position_only,16,7.1257123448524083e-24,-76.893240032253,40,1.9259299443872359e-34,-112.000000000000,35.106759967747,4.869798776039
159,rotor,4,2.253800630569458e-06,-18.759208667838,11,1.4901161193847656e-08,-26.000000000000,7.240791332162,4.911196206890
159,rotor,8,2.9206914664570149e-12,-38.316827174635,11,1.1102230246251565e-16,-53.000000000000,14.683172825365,4.911196206890
159,rotor,12,3.4845736038153714e-18,-57.993723579080,11,8.2718061255302767e-25,-80.000000000000,22.006276420920,4.911196206890
159,rotor,16,4.1222013794950344e-24,-77.682859291560,11,6.1629758220391547e-33,-107.000000000000,29.317140708440,4.911196206890
159,round_only,4,2.1308660507202148e-06,-18.840128663222,86,7.4505805969238281e-09,-27.000000000000,8.159871336778,4.938800977976
159,round_only,8,2.4327623249220665e-12,-38.580541759353,86,1.1102230246251565e-16,-53.000000000000,14.419458240647,4.938800977976
159,round_only,12,2.8129393423692653e-18,-58.302627264956,86,8.2718061255302767e-25,-80.000000000000,21.697372735044,4.938800977976
159,round_only,16,3.0514488546540651e-24,-78.116779867700,86,6.1629758220391547e-33,-107.000000000000,28.883220132300,4.938800977976
160,static,4,2.6337802410125732e-06,-18.534433595191,18,1.4901161193847656e-08,-26.000000000000,7.465566404809,4.958540639340
160,static,8,2.9792002198547607e-12,-38.288212054173,18,4.4408920985006262e-16,-51.000000000000,12.711787945827,4.958540639340
160,static,12,3.1419725063948295e-18,-58.143035151485,18,6.6174449004242214e-24,-77.000000000000,18.856964848515,4.958540639340
160,static,16,3.2405526109976632e-24,-78.030034420617,18,9.8607613152626476e-32,-103.000000000000,24.969965579383,4.958540639340
160,position_only,4,2.2798776626586914e-06,-18.742612157307,20,1.4901161193847656e-08,-26.000000000000,7.257387842693,4.935296881288
160,position_only,8,2.6563057309303417e-12,-38.453715933563,20,4.4408920985006262e-16,-51.000000000000,12.546284066437,4.935296881288
160,position_only,12,3.0274445425995524e-18,-58.196605175419,20,6.6174449004242214e-24,-77.000000000000,18.803394824581,4.935296881288
160,position_only,16,3.388547003062688e-24,-77.965607493858,20,9.8607613152626476e-32,-103.000000000000,25.034392506142,4.935296881288
160,rotor,4,2.1569430828094482e-06,-18.822580462011,112,1.4901161193847656e-08,-26.000000000000,7.177419537989,4.970961437192
160,rotor,8,2.3161195183973859e-12,-38.651427436206,112,1.1102230246251565e-16,-53.000000000000,14.348572563794,4.970961437192
160,rotor,12,2.3028830779604525e-18,-58.591264543532,112,8.2718061255302767e-25,-80.000000000000,21.408735456468,4.970961437192
160,rotor,16,2.4129873547976304e-24,-78.455453922132,112,1.2325951644078309e-32,-106.000000000000,27.544546077868,4.970961437192
160,round_only,4,2.0898878574371338e-06,-18.868143039391,23,1.4901161193847656e-08,-26.000000000000,7.131856960609,4.976578760937
160,round_only,8,2.053954228919963e-12,-38.824733106187,18,1.1102230246251565e-16,-53.000000000000,14.175266893813,4.976578760937
160,round_only,12,2.1497873011170076e-18,-58.690511780625,18,1.6543612251060553e-24,-79.000000000000,20.309488219375,4.976578760937
160,round_only,16,2.1820346079359293e-24,-78.600600293737,18,1.2325951644078309e-32,-106.000000000000,27.399399706263,4.976578760937
161,static,4,2.469867467880249e-06,-18.627134939887,9,1.4901161193847656e-08,-26.000000000000,7.372865060113,4.941072081008
161,static,8,3.4200003939943713e-12,-38.089140647334,9,2.2204460492503131e-16,-52.000000000000,13.910859352666,4.941072081008
161,static,12,3.5595757760155678e-18,-57.963000394395,9,6.6174449004242214e-24,-77.000000000000,19.036999605605,4.941072081008
161,static,16,3.5870507901306028e-24,-77.883476104304,9,2.4651903288156619e-32,-105.000000000000,27.116523895696,4.941072081008
161,position_only,4,2.2761523723602295e-06,-18.744971430181,9,1.4901161193847656e-08,-26.000000000000,7.255028569819,5.002495641696
161,position_only,8,2.765634943280304e-12,-38.395526401638,9,1.1102230246251565e-16,-53.000000000000,14.604473598362,5.002495641696
161,position_only,12,2.3098190907942862e-18,-58.586925846389,9,8.2718061255302767e-25,-80.000000000000,21.413074153611,5.002495641696
161,position_only,16,2.0164637063826252e-24,-78.714446837877,9,1.2325951644078309e-32,-106.000000000000,27.285553162123,5.002495641696
161,rotor,4,1.8328428268432617e-06,-19.057485494661,113,7.4505805969238281e-09,-27.000000000000,7.942514505339,5.001121480017
161,rotor,8,1.8532952950067738e-12,-38.973044366997,20,1.1102230246251565e-16,-53.000000000000,14.026955633003,5.001121480017
161,rotor,12,1.6964375247223668e-18,-59.032197407563,75,8.2718061255302767e-25,-80.000000000000,20.967802592437,5.001121480017
161,rotor,16,1.5949966522786498e-24,-79.052720881361,75,6.1629758220391547e-33,-107.000000000000,27.947279118639,5.001121480017
161,round_only,4,1.7620623111724854e-06,-19.114303626661,118,1.4901161193847656e-08,-26.000000000000,6.885696373339,4.986887091116
161,round_only,8,2.0059648386805407e-12,-38.858840820587,9,1.1102230246251565e-16,-53.000000000000,14.141159179413,4.986887091116
161,round_only,12,1.8642445019649141e-18,-58.896114621242,9,8.2718061255302767e-25,-80.000000000000,21.103885378758,4.986887091116
161,round_only,16,1.740176976427665e-24,-78.927040241320,9,6.1629758220391547e-33,-107.000000000000,28.072959758680,4.986887091116
162,static,4,2.5182962417602539e-06,-18.599120563718,41,7.4505805969238281e-09,-27.000000000000,8.400879436282,4.913256446951
162,static,8,3.0977442833091118e-12,-38.231919083103,95,1.1102230246251565e-16,-53.000000000000,14.768080916897,4.913256446951
162,static,12,3.7958004126860246e-18,-57.870301572094,95,1.6543612251060553e-24,-79.000000000000,21.129698427906,4.913256446951
162,static,16,4.4790576975143504e-24,-77.563079026736,95,6.1629758220391547e-33,-107.000000000000,29.436920973264,4.913256446951
162,position_only,4,2.5033950805664062e-06,-18.607682577221,9,1.4901161193847656e-08,-26.000000000000,7.392317422779,4.959130141304
162,position_only,8,2.8236302185291606e-12,-38.365585972428,9,1.1102230246251565e-16,-53.000000000000,14.634414027572,4.959130141304
162,position_only,12,2.9852143356905178e-18,-58.216871188564,9,1.6543612251060553e-24,-79.000000000000,20.783128811436,4.959130141304
162,position_only,16,3.0608907541324077e-24,-78.112322722560,9,2.4651903288156619e-32,-105.000000000000,26.887677277440,4.959130141304
162,rotor,4,2.1271407604217529e-06,-18.842653064637,24,1.4901161193847656e-08,-26.000000000000,7.157346935363,4.952650824370
162,rotor,8,2.2703505742072139e-12,-38.680222051432,41,1.1102230246251565e-16,-53.000000000000,14.319777948568,4.952650824370
162,rotor,12,2.5247670911462306e-18,-58.458555402067,41,8.2718061255302767e-25,-80.000000000000,21.541444597933,4.952650824370
162,rotor,16,2.7151928506988766e-24,-78.285219606020,41,6.1629758220391547e-33,-107.000000000000,28.714780393980,4.952650824370
162,round_only,4,2.3320317268371582e-06,-18.709981153067,9,1.4901161193847656e-08,-26.000000000000,7.290018846933,4.969041589539
162,round_only,8,2.5323215746553274e-12,-38.522676517175,9,1.1102230246251565e-16,-53.000000000000,14.477323482825,4.969041589539
162,round_only,12,2.5665607534869903e-18,-58.434869296745,9,8.2718061255302767e-25,-80.000000000000,21.565130703255,4.969041589539
162,round_only,16,2.6386552268250095e-24,-78.326471420397,9,6.1629758220391547e-33,-107.000000000000,28.673528579603,4.969041589539
163,static,4,2.298504114151001e-06,-18.730873320851,73,1.4901161193847656e-08,-26.000000000000,7.269126679149,4.955517573495
163,static,8,2.3976098884048724e-12,-38.601540199599,20,5.5511151231257827e-17,-54.000000000000,15.398459800401,4.955517573495
163,static,12,2.6729350428879674e-18,-58.376280930041,20,4.1359030627651384e-25,-81.000000000000,22.623719069959,4.955517573495
163,static,16,2.8548472456143125e-24,-78.212860723964,20,3.0814879110195774e-33,-108.000000000000,29.787139276036,4.955517573495
163,position_only,4,2.3245811462402344e-06,-18.714597781138,19,1.4901161193847656e-08,-26.000000000000,7.285402218862,4.949845311014
163,position_only,8,3.0747487889115632e-12,-38.242668593496,19,2.2204460492503131e-16,-52.000000000000,13.757331406504,4.949845311014
163,position_only,12,3.1878675370077803e-18,-58.122114024589,19,1.6543612251060553e-24,-79.000000000000,20.877885975411,4.949845311014
163,position_only,16,3.1171354069241605e-24,-78.086053450965,19,6.1629758220391547e-33,-107.000000000000,28.913946549035,4.949845311014
163,rotor,4,2.3283064365386963e-06,-18.712287620451,19,1.4901161193847656e-08,-26.000000000000,7.287712379549,4.985359331078
163,rotor,8,2.7484681197620375e-12,-38.404509393392,19,1.1102230246251565e-16,-53.000000000000,14.595490606608,4.985359331078
163,rotor,12,2.4817840981809845e-18,-58.483328093726,19,8.2718061255302767e-25,-80.000000000000,21.516671906274,4.985359331078
163,rotor,16,2.354577935370564e-24,-78.490805801373,19,6.1629758220391547e-33,-107.000000000000,28.509194198627,4.985359331078
163,round_only,4,2.4251639842987061e-06,-18.653486266834,20,1.4901161193847656e-08,-26.000000000000,7.346513733166,5.003284959497
163,round_only,8,2.355157735500768e-12,-38.627313451802,20,1.1102230246251565e-16,-53.000000000000,14.372686548198,5.003284959497
163,round_only,12,2.2123604125293471e-18,-58.649119275830,20,8.2718061255302767e-25,-80.000000000000,21.350880724170,5.003284959497
163,round_only,16,2.0509000134489464e-24,-78.690017118788,20,6.1629758220391547e-33,-107.000000000000,28.309982881212,5.003284959497
164,static,4,1.9446015357971191e-06,-18.972094003430,120,1.4901161193847656e-08,-26.000000000000,7.027905996570,4.998433148484
164,static,8,2.0121820876184415e-12,-38.854376274351,120,4.4408920985006262e-16,-51.000000000000,12.145623725649,4.998433148484
164,static,12,1.8907902787853893e-18,-58.875716355544,120,6.6174449004242214e-24,-77.000000000000,18.124283644456,4.998433148484
164,static,16,1.7197334690759006e-24,-78.944089289485,120,4.9303806576313238e-32,-104.000000000000,25.055910710515,4.998433148484
164,position_only,4,2.9243528842926025e-06,-18.383451156221,65,2.9802322387695312e-08,-25.000000000000,6.616548843779,4.916956968785
164,position_only,8,3.3653774211828136e-12,-38.112368829018,65,2.2204460492503131e-16,-52.000000000000,13.887631170982,4.916956968785
164,position_only,12,4.0790474754455537e-18,-57.766473409425,9,1.6543612251060553e-24,-79.000000000000,21.233526590575,4.916956968785
164,position_only,16,5.0446880653490482e-24,-77.391509213215,9,2.4651903288156619e-32,-105.000000000000,27.608490786785,4.916956968785
164,rotor,4,2.6263296604156494e-06,-18.538520552714,123,1.4901161193847656e-08,-26.000000000000,7.461479447286,4.981390702091
164,rotor,8,2.829958489769524e-12,-38.362356247090,123,1.1102230246251565e-16,-53.000000000000,14.637643752910,4.981390702091
164,rotor,12,2.7176330397569774e-18,-58.352355044900,123,8.2718061255302767e-25,-80.000000000000,21.647644955100,4.981390702091
164,rotor,16,2.699222608384303e-24,-78.293730314657,123,1.2325951644078309e-32,-106.000000000000,27.706269685343,4.981390702091
164,round_only,4,2.1196901798248291e-06,-18.847715157693,30,1.4901161193847656e-08,-26.000000000000,7.152284842307,4.967867454532
164,round_only,8,2.4003993237542431e-12,-38.599862710115,30,1.1102230246251565e-16,-53.000000000000,14.400137289885,4.967867454532
164,round_only,12,2.3985807920988428e-18,-58.532524672895,30,1.6543612251060553e-24,-79.000000000000,20.467475327105,4.967867454532
164,round_only,16,2.4360555753295742e-24,-78.441727230531,30,2.4651903288156619e-32,-105.000000000000,26.558272769469,4.967867454532
165,static,4,2.7120113372802734e-06,-18.492205359801,8,1.4901161193847656e-08,-26.000000000000,7.507794640199,4.917027258514
165,static,8,3.5390440578098037e-12,-38.039777416561,8,1.1102230246251565e-16,-53.000000000000,14.960222583439,4.917027258514
165,static,12,3.8862972804217761e-18,-57.836309444572,8,8.2718061255302767e-25,-80.000000000000,22.163690555428,4.917027258514
165,static,16,4.8317622912414458e-24,-77.453724797320,8,6.1629758220391547e-33,-107.000000000000,29.546275202680,4.917027258514
165,position_only,4,2.6524066925048828e-06,-18.524266569034,61,7.4505805969238281e-09,-27.000000000000,8.475733430966,4.862124985679
165,position_only,8,3.8368752619533097e-12,-37.923205275424,101,5.5511151231257827e-17,-54.000000000000,16.076794724576,4.862124985679
165,position_only,12,5.3830370684567441e-18,-57.366285347951,101,4.1359030627651384e-25,-81.000000000000,23.633714652049,4.862124985679
165,position_only,16,7.2335369947623485e-24,-76.871573020572,101,3.0814879110195774e-33,-108.000000000000,31.128426979428,4.862124985679
165,rotor,4,2.5480985641479492e-06,-18.582147485114,101,1.4901161193847656e-08,-26.000000000000,7.417852514886,4.935391868422
165,rotor,8,3.0175584253555598e-12,-38.269755434228,101,1.1102230246251565e-16,-53.000000000000,14.730244565772,4.935391868422
165,rotor,12,3.3720793669536324e-18,-58.041067215298,101,8.2718061255302767e-25,-80.000000000000,21.958932784702,4.935391868422
165,rotor,16,3.8088068806182547e-24,-77.796935137056,101,1.2325951644078309e-32,-106.000000000000,28.203064862944,4.935391868422
165,round_only,4,2.2426247596740723e-06,-18.766380323240,49,1.4901161193847656e-08,-26.000000000000,7.233619676760,4.947067576236
165,round_only,8,2.4247825969325731e-12,-38.585281735838,3,2.2204460492503131e-16,-52.000000000000,13.414718264162,4.947067576236
165,round_only,12,2.6783151289895889e-18,-58.373379990670,116,1.6543612251060553e-24,-79.000000000000,20.626620009330,4.947067576236
165,round_only,16,3.020998963727641e-24,-78.131248588108,116,1.2325951644078309e-32,-106.000000000000,27.868751411892,4.947067576236
166,static,4,2.8200447559356689e-06,-18.435850510014,41,1.4901161193847656e-08,-26.000000000000,7.564149489986,4.962575304047
166,static,8,3.0970365161309132e-12,-38.232248745197,98,1.1102230246251565e-16,-53.000000000000,14.767751254803,4.962575304047
166,static,12,3.0964241161573268e-18,-58.164102617507,98,8.2718061255302767e-25,-80.000000000000,21.835897382493,4.962575304047
166,static,16,3.4027574933351608e-24,-77.959569939873,98,6.1629758220391547e-33,-107.000000000000,29.040430060127,4.962575304047
166,position_only,4,2.7641654014587402e-06,-18.464724623379,41,1.4901161193847656e-08,-26.000000000000,7.535275376621,4.948762663825
166,position_only,8,3.0315611132536446e-12,-38.263076232621,94,1.1102230246251565e-16,-53.000000000000,14.736923767379,4.948762663825
166,position_only,12,3.3589107033005765e-18,-58.046712265963,94,8.2718061255302767e-25,-80.000000000000,21.953287734037,4.948762663825
166,position_only,16,3.6619010655652913e-24,-77.853681463263,94,6.1629758220391547e-33,-107.000000000000,29.146318536737,4.948762663825
166,rotor,4,1.9297003746032715e-06,-18.983191712313,94,7.4505805969238281e-09,-27.000000000000,8.016808287687,4.982039834776
166,rotor,8,2.0036333703288278e-12,-38.860518593787,94,5.5511151231257827e-17,-54.000000000000,15.139481406213,4.982039834776
166,rotor,12,1.9921135448721762e-18,-58.800405828661,94,4.1359030627651384e-25,-81.000000000000,22.199594171339,4.982039834776
166,rotor,16,1.9487024849837236e-24,-78.763760431033,94,3.0814879110195774e-33,-108.000000000000,29.236239568967,4.982039834776
166,round_only,4,1.7806887626647949e-06,-19.099133192019,116,1.4901161193847656e-08,-26.000000000000,6.900866807981,4.991569415470
166,round_only,8,1.8316043126631598e-12,-38.990029271576,116,1.1102230246251565e-16,-53.000000000000,14.009970728424,4.991569415470
166,round_only,12,1.7422785818003485e-18,-58.993730385730,116,8.2718061255302767e-25,-80.000000000000,21.006269614270,4.991569415470
166,round_only,16,1.6710820643349008e-24,-78.985491693567,116,6.1629758220391547e-33,-107.000000000000,28.014508306433,4.991569415470
167,static,4,2.3916363716125488e-06,-18.673570512878,10,1.4901161193847656e-08,-26.000000000000,7.326429487122,5.059495245323
167,static,8,1.9956397645515267e-12,-38.866285817171,10,1.1102230246251565e-16,-53.000000000000,14.133714182829,5.059495245323
167,static,12,1.502833058920975e-18,-59.207020950510,10,8.2718061255302767e-25,-80.000000000000,20.792979049490,5.059495245323
167,static,16,1.2950539543876305e-24,-79.353262072739,10,1.2325951644078309e-32,-106.000000000000,26.646737927261,5.059495245323
167,position_only,4,2.7902424335479736e-06,-18.451178091541,121,2.9802322387695312e-08,-25.000000000000,6.548821908459,4.960772860370
167,position_only,8,3.0091207303684087e-12,-38.273795147760,8,1.1102230246251565e-16,-53.000000000000,14.726204852240,4.960772860370
167,position_only,12,3.1160421519500938e-18,-58.154990958527,8,1.6543612251060553e-24,-79.000000000000,20.845009041473,4.960772860370
167,position_only,16,3.383516250832668e-24,-77.967750959552,8,2.4651903288156619e-32,-105.000000000000,27.032249040448,4.960772860370
167,rotor,4,2.0489096641540527e-06,-18.896712191588,121,1.4901161193847656e-08,-26.000000000000,7.103287808412,4.991596172525
167,rotor,8,1.838917906837878e-12,-38.984280062401,16,5.5511151231257827e-17,-54.000000000000,15.015719937599,4.991596172525
167,rotor,12,1.8675614445224635e-18,-58.893549998158,93,4.1359030627651384e-25,-81.000000000000,22.106450001842,4.991596172525
167,rotor,16,1.8808304016646191e-24,-78.814904513342,93,3.0814879110195774e-33,-108.000000000000,29.185095486658,4.991596172525
167,round_only,4,2.1196901798248291e-06,-18.847715157693,15,1.4901161193847656e-08,-26.000000000000,7.152284842307,4.979872789133
167,round_only,8,2.2560425749773572e-12,-38.689342844791,49,1.1102230246251565e-16,-53.000000000000,14.310657155209,4.979872789133
167,round_only,12,2.3171648165252751e-18,-58.582345043344,49,8.2718061255302767e-25,-80.000000000000,21.417654956656,4.979872789133
167,round_only,16,2.1603364240551657e-24,-78.615018279944,15,6.1629758220391547e-33,-107.000000000000,28.384981720056,4.979872789133
168,static,4,1.8142163753509521e-06,-19.072222037918,3,1.4901161193847656e-08,-26.000000000000,6.927777962082,4.989940304426
168,static,8,1.9212270663260256e-12,-38.921109100070,3,5.5511151231257827e-17,-54.000000000000,15.078890899930,4.989940304426
168,static,12,1.8348148633363494e-18,-58.919071208512,3,4.1359030627651384e-25,-81.000000000000,22.080928791488,4.989940304426
168,static,16,1.7260834513473888e-24,-78.938772060790,3,6.1629758220391547e-33,-107.000000000000,28.061227939210,4.989940304426
168,position_only,4,2.3804605007171631e-06,-18.680327879053,93,1.4901161193847656e-08,-26.000000000000,7.319672120947,4.976866008965
168,position_only,8,2.5224405897361635e-12,-38.528316848267,93,1.1102230246251565e-16,-53.000000000000,14.471683151733,4.976866008965
168,position_only,12,2.57746749175502e-18,-58.428751476220,93,8.2718061255302767e-25,-80.000000000000,21.571248523780,4.976866008965
168,position_only,16,2.4987579459509392e-24,-78.405063122607,93,6.1629758220391547e-33,-107.000000000000,28.594936877393,4.976866008965
168,rotor,4,2.037733793258667e-06,-18.904602977207,98,1.4901161193847656e-08,-26.000000000000,7.095397022793,4.996135920915
168,rotor,8,2.1025264862473136e-12,-38.791013163929,98,1.1102230246251565e-16,-53.000000000000,14.208986836071,4.996135920915
168,rotor,12,1.9147707617311845e-18,-58.857534026376,98,8.2718061255302767e-25,-80.000000000000,21.142465973624,4.996135920915
168,rotor,16,1.860081681216767e-24,-78.830908301932,98,1.2325951644078309e-32,-106.000000000000,27.169091698068,4.996135920915
168,round_only,4,2.1494925022125244e-06,-18.827572491355,82,1.4901161193847656e-08,-26.000000000000,7.172427508645,4.979164907650
168,round_only,8,2.1858764798210473e-12,-38.734925259589,82,1.1102230246251565e-16,-53.000000000000,14.265074740411,4.979164907650
168,round_only,12,2.2085290670283663e-18,-58.651619887783,82,1.6543612251060553e-24,-79.000000000000,20.348380112217,4.979164907650
168,round_only,16,2.2171933105243467e-24,-78.577539717296,82,1.2325951644078309e-32,-106.000000000000,27.422460282704,4.979164907650
169,static,4,2.1532177925109863e-06,-18.825074317499,121,1.4901161193847656e-08,-26.000000000000,7.174925682501,4.944708785996
169,static,8,2.531974629960132e-12,-38.522874189417,112,1.1102230246251565e-16,-53.000000000000,14.477125810583,4.944708785996
169,static,12,2.7446715060298045e-18,-58.338072216294,121,8.2718061255302767e-25,-80.000000000000,21.661927783706,4.944708785996
169,static,16,2.9831065093167199e-24,-78.149458788487,121,6.1629758220391547e-33,-107.000000000000,28.850541211513,4.944708785996
169,position_only,4,2.6486814022064209e-06,-18.526294250381,96,3.7252902984619141e-09,-28.000000000000,9.473705749619,4.965991634640
169,position_only,8,3.0932062466959565e-12,-38.234034106978,96,1.3877787807814457e-17,-56.000000000000,17.765965893022,4.965991634640
169,position_only,12,3.1526348127918498e-18,-58.138147643656,96,5.169878828456423e-26,-84.000000000000,25.861852356344,4.965991634640
169,position_only,16,3.0768684087735582e-24,-78.104811533355,96,1.9259299443872359e-34,-112.000000000000,33.895188466645,4.965991634640
169,rotor,4,2.384185791015625e-06,-18.678071905113,78,7.4505805969238281e-09,-27.000000000000,8.321928094887,4.975374058772
169,rotor,8,2.4353574712421278e-12,-38.579003586408,96,5.5511151231257827e-17,-54.000000000000,15.420996413592,4.975374058772
169,rotor,12,2.5655210391557995e-18,-58.435453851236,96,4.1359030627651384e-25,-81.000000000000,22.564546148764,4.975374058772
169,rotor,16,2.5117595176713684e-24,-78.397575933796,96,1.5407439555097887e-33,-109.000000000000,30.602424066204,4.975374058772
169,round_only,4,2.3581087589263916e-06,-18.693938310572,78,7.4505805969238281e-09,-27.000000000000,8.306061689428,4.974112513280
169,round_only,8,2.7129409829740325e-12,-38.423279474920,78,5.5511151231257827e-17,-54.000000000000,15.576720525080,4.974112513280
169,round_only,12,2.487410373912417e-18,-58.480061164403,78,2.0679515313825692e-25,-82.000000000000,23.519938835597,4.974112513280
169,round_only,16,2.6324929838193142e-24,-78.329844591144,78,1.5407439555097887e-33,-109.000000000000,30.670155408856,4.974112513280
170,static,4,2.2612512111663818e-06,-18.754447293744,5,1.4901161193847656e-08,-26.000000000000,7.245552706256,4.956480869913
170,static,8,2.5528468228230849e-12,-38.511030163607,12,5.5511151231257827e-17,-54.000000000000,15.488969836393,4.956480869913
170,static,12,2.7411951244091855e-18,-58.339900681889,12,4.1359030627651384e-25,-81.000000000000,22.660099318111,4.956480869913
170,static,16,2.8187174935775739e-24,-78.231235386490,12,3.0814879110195774e-33,-108.000000000000,29.768764613510,4.956480869913
170,position_only,4,2.3804605007171631e-06,-18.680327879053,48,1.4901161193847656e-08,-26.000000000000,7.319672120947,4.920281123014
170,position_only,8,2.764288797862946e-12,-38.396228790115,21,1.1102230246251565e-16,-53.000000000000,14.603771209885,4.920281123014
170,position_only,12,3.4146228685196715e-18,-58.022979460573,21,8.2718061255302767e-25,-80.000000000000,21.977020539427,4.920281123014
170,position_only,16,3.9571131402525111e-24,-77.741825962416,21,6.1629758220391547e-33,-107.000000000000,29.258174037584,4.920281123014
170,rotor,4,1.8179416656494141e-06,-19.069262662437,37,1.4901161193847656e-08,-26.000000000000,6.930737337563,4.970826804645
170,rotor,8,1.9138718387878839e-12,-38.926642914747,93,5.5511151231257827e-17,-54.000000000000,15.073357085253,4.970826804645
170,rotor,12,1.9957602740001928e-18,-58.797767270004,93,4.1359030627651384e-25,-81.000000000000,22.202232729996,4.970826804645
170,rotor,16,2.0042035032905464e-24,-78.723245272615,93,6.1629758220391547e-33,-107.000000000000,28.276754727385,4.970826804645
170,round_only,4,1.8700957298278809e-06,-19.028456446049,31,1.4901161193847656e-08,-26.000000000000,6.971543553951,4.979440878961
170,round_only,8,1.9636375858667066e-12,-38.889608452030,89,2.2204460492503131e-16,-52.000000000000,13.110391547970,4.979440878961
170,round_only,12,1.9937389547758429e-18,-58.799229181539,89,1.6543612251060553e-24,-79.000000000000,20.200770818461,4.979440878961
170,round_only,16,1.9209407510291138e-24,-78.784461255698,89,1.2325951644078309e-32,-106.000000000000,27.215538744302,4.979440878961
171,static,4,2.7157366275787354e-06,-18.490224995673,1,1.4901161193847656e-08,-26.000000000000,7.509775004327,4.939776228822
171,static,8,3.5482450311263847e-12,-38.036031497390,1,1.1102230246251565e-16,-53.000000000000,14.963968502610,4.939776228822
171,static,12,3.6591683217669523e-18,-57.923189926788,89,8.2718061255302767e-25,-80.000000000000,22.076810073212,4.939776228822
171,static,16,4.0039363511789765e-24,-77.724855236831,1,1.2325951644078309e-32,-106.000000000000,28.275144763169,4.939776228822
171,position_only,4,2.3469328880310059e-06,-18.700791981613,55,1.4901161193847656e-08,-26.000000000000,7.299208018387,4.930559068319
171,position_only,8,3.0301317011094397e-12,-38.263756638545,119,1.1102230246251565e-16,-53.000000000000,14.736243361455,4.930559068319
171,position_only,12,3.3154992824768162e-18,-58.065479565202,119,8.2718061255302767e-25,-80.000000000000,21.934520434798,4.930559068319
171,position_only,16,3.6942180590985443e-24,-77.841005250312,119,1.2325951644078309e-32,-106.000000000000,28.158994749688,4.930559068319
171,rotor,4,2.5033950805664062e-06,-18.607682577221,86,1.4901161193847656e-08,-26.000000000000,7.392317422779,4.987959790444
171,rotor,8,2.3097357360057913e-12,-38.655409340757,86,2.2204460492503131e-16,-52.000000000000,13.344590659243,4.987959790444
171,rotor,12,2.4340841077726547e-18,-58.511326687920,86,1.6543612251060553e-24,-79.000000000000,20.488673312080,4.987959790444
171,rotor,16,2.3474595143697991e-24,-78.495174000747,86,1.2325951644078309e-32,-106.000000000000,27.504825999253,4.987959790444
171,round_only,4,2.2724270820617676e-06,-18.747334567550,59,1.4901161193847656e-08,-26.000000000000,7.252665432450,4.977785245329
171,round_only,8,2.3545471128372242e-12,-38.627687548406,113,1.1102230246251565e-16,-53.000000000000,14.372312451594,4.977785245329
171,round_only,12,2.4022468565736778e-18,-58.530321296956,113,8.2718061255302767e-25,-80.000000000000,21.469678703044,4.977785245329
171,round_only,16,2.3663787816375262e-24,-78.483593255753,113,1.2325951644078309e-32,-106.000000000000,27.516406744247,4.977785245329
172,static,4,2.2314488887786865e-06,-18.773587807211,67,7.4505805969238281e-09,-27.000000000000,8.226412192789,4.934481861093
172,static,8,3.120392833011465e-12,-38.221409474124,7,2.7755575615628914e-17,-55.000000000000,16.778590525876,4.934481861093
172,static,12,3.5384881504670238e-18,-57.971572619899,7,2.0679515313825692e-25,-82.000000000000,24.028427380101,4.934481861093
172,static,16,3.3472648414606094e-24,-77.983291573196,7,7.7037197775489434e-34,-110.000000000000,32.016708426804,4.934481861093
172,position_only,4,2.5257468223571777e-06,-18.594858536864,102,7.4505805969238281e-09,-27.000000000000,8.405141463136,4.987059469878
172,position_only,8,2.5852375795665239e-12,-38.492840270444,102,5.5511151231257827e-17,-54.000000000000,15.507159729556,4.987059469878
172,position_only,12,2.4296570888330592e-18,-58.513952995438,102,4.1359030627651384e-25,-81.000000000000,22.486047004562,4.987059469878
172,position_only,16,2.4811237901053435e-24,-78.415280560238,102,1.5407439555097887e-33,-109.000000000000,30.584719439762,4.987059469878
172,rotor,4,1.9967555999755859e-06,-18.933910809542,117,7.4505805969238281e-09,-27.000000000000,8.066089190458,5.005992280467
172,rotor,8,1.886490963443066e-12,-38.947431949196,64,5.5511151231257827e-17,-54.000000000000,15.052568050804,5.005992280467
172,rotor,12,1.8063174055593436e-18,-58.941654282933,117,4.1359030627651384e-25,-81.000000000000,22.058345717067,5.005992280467
172,rotor,16,1.6364170864062717e-24,-79.015733771193,117,3.0814879110195774e-33,-108.000000000000,28.984266228807,5.005992280467
172,round_only,4,2.0228326320648193e-06,-18.915191612196,64,7.4505805969238281e-09,-27.000000000000,8.084808387804,4.993039040504
172,round_only,8,2.0958651480995627e-12,-38.795591244496,64,5.5511151231257827e-17,-54.000000000000,15.204408755504,4.993039040504
172,round_only,12,1.8876606926365832e-18,-58.878106244673,64,4.1359030627651384e-25,-81.000000000000,22.121893755327,4.993039040504
172,round_only,16,1.9071263908424275e-24,-78.794873818859,64,3.0814879110195774e-33,-108.000000000000,29.205126181141,4.993039040504
173,static,4,2.6747584342956543e-06,-18.512159966177,98,1.4901161193847656e-08,-26.000000000000,7.487840033823,4.989581794885
173,static,8,2.8791968809116497e-12,-38.337470694171,98,2.2204460492503131e-16,-52.000000000000,13.662529305829,4.989581794885
173,static,12,2.656963374331699e-18,-58.384927367248,98,3.3087224502121107e-24,-78.000000000000,19.615072632752,4.989581794885
173,static,16,2.5826329230305223e-24,-78.357431673623,98,2.4651903288156619e-32,-105.000000000000,26.642568326377,4.989581794885
173,position_only,4,3.3937394618988037e-06,-18.168692756198,18,2.9802322387695312e-08,-25.000000000000,6.831307243802,4.943292977070
173,position_only,8,3.8693354076357878e-12,-37.911051346554,18,4.4408920985006262e-16,-51.000000000000,13.088948653446,4.943292977070
173,position_only,12,4.2241475176929079e-18,-57.716045489913,18,6.6174449004242214e-24,-77.000000000000,19.283954510087,4.943292977070
173,position_only,16,4.7524557958273532e-24,-77.477601069347,18,9.8607613152626476e-32,-103.000000000000,25.522398930653,4.943292977070
173,rotor,4,2.0302832126617432e-06,-18.909887580336,4,1.4901161193847656e-08,-26.000000000000,7.090112419664,4.983542807361
173,rotor,8,2.1371515668278107e-12,-38.767447911064,4,1.1102230246251565e-16,-53.000000000000,14.232552088936,4.983542807361
173,rotor,12,2.1124263445825547e-18,-58.715804669138,4,8.2718061255302767e-25,-80.000000000000,21.284195330862,4.983542807361
173,rotor,16,2.0259541412214963e-24,-78.707672759121,4,6.1629758220391547e-33,-107.000000000000,28.292327240879,4.983542807361
173,round_only,4,1.9967555999755859e-06,-18.933910809542,98,1.4901161193847656e-08,-26.000000000000,7.066089190458,4.978298871066
173,round_only,8,2.0292795221976689e-12,-38.842169536485,98,1.1102230246251565e-16,-53.000000000000,14.157830463515,4.978298871066
173,round_only,12,2.1043963336898313e-18,-58.721299266269,98,8.2718061255302767e-25,-80.000000000000,21.278700733731,4.978298871066
173,round_only,16,2.0582550466915519e-24,-78.684852513821,98,1.2325951644078309e-32,-106.000000000000,27.315147486179,4.978298871066
174,static,4,2.0526349544525146e-06,-18.894091491429,71,7.4505805969238281e-09,-27.000000000000,8.105908508571,4.964656118375
174,static,8,2.3911844726498543e-12,-38.605411704746,71,5.5511151231257827e-17,-54.000000000000,15.394588295254,4.964656118375
174,static,12,2.459753848625648e-18,-58.496191757910,71,2.0679515313825692e-25,-82.000000000000,23.503808242090,4.964656118375
174,static,16,2.4066525798615761e-24,-78.459246385375,105,1.5407439555097887e-33,-109.000000000000,30.540753614625,4.964656118375
174,position_only,4,2.0302832126617432e-06,-18.909887580336,52,2.9802322387695312e-08,-25.000000000000,6.090112419664,4.980847307393
174,position_only,8,2.1850576903403862e-12,-38.735465768090,71,1.1102230246251565e-16,-53.000000000000,14.264534231910,4.980847307393
174,position_only,12,2.2616693209278807e-18,-58.617317699923,71,8.2718061255302767e-25,-80.000000000000,21.382682300077,4.980847307393
174,position_only,16,2.0453861584479673e-24,-78.693901034968,71,2.4651903288156619e-32,-105.000000000000,26.306098965032,4.980847307393
174,rotor,4,1.9818544387817383e-06,-18.944717564499,26,7.4505805969238281e-09,-27.000000000000,8.055282435501,5.020034486873
174,rotor,8,1.8663959266973507e-12,-38.962882074810,3,5.5511151231257827e-17,-54.000000000000,15.037117925190,5.020034486873
174,rotor,12,1.7662377131465821e-18,-58.974026183503,3,4.1359030627651384e-25,-81.000000000000,22.025973816497,5.020034486873
174,rotor,16,1.4321125949833099e-24,-79.208129353243,3,3.0814879110195774e-33,-108.000000000000,28.791870646757,5.020034486873
174,round_only,4,1.9036233425140381e-06,-19.002820519062,121,1.4901161193847656e-08,-26.000000000000,6.997179480938,5.022826116045
174,round_only,8,1.8905849108463713e-12,-38.944304492864,121,1.1102230246251565e-16,-53.000000000000,14.055695507136,5.022826116045
174,round_only,12,1.6282861657529111e-18,-59.091351437341,121,8.2718061255302767e-25,-80.000000000000,20.908648562659,5.022826116045
174,round_only,16,1.3833068277276394e-24,-79.258153084839,121,6.1629758220391547e-33,-107.000000000000,27.741846915161,5.022826116045
175,static,4,2.1979212760925293e-06,-18.795428855751,60,3.7252902984619141e-09,-28.000000000000,9.204571144249,5.008508452100
175,static,8,1.9075990786987518e-12,-38.931379147573,60,1.3877787807814457e-17,-56.000000000000,17.068620852427,5.008508452100
175,static,12,1.8217964363620484e-18,-58.929343943486,27,5.169878828456423e-26,-84.000000000000,25.070656056514,5.008508452100
175,static,16,1.761398072409279e-24,-78.909553285112,27,1.9259299443872359e-34,-112.000000000000,33.090446714888,5.008508452100
175,position_only,4,2.1755695343017578e-06,-18.810175441120,35,1.4901161193847656e-08,-26.000000000000,7.189824558880,5.019523850315
175,position_only,8,1.8403195634064673e-12,-38.983180832958,7,1.1102230246251565e-16,-53.000000000000,14.016819167042,5.019523850315
175,position_only,12,1.7730068939906215e-18,-58.968507562087,7,8.2718061255302767e-25,-80.000000000000,21.031492437913,5.019523850315
175,position_only,16,1.5701362347183902e-24,-79.075384535616,7,6.1629758220391547e-33,-107.000000000000,27.924615464384,5.019523850315
175,rotor,4,2.4251639842987061e-06,-18.653486266834,17,1.4901161193847656e-08,-26.000000000000,7.346513733166,4.975805313959
175,rotor,8,2.626968087504622e-12,-38.469738463978,17,1.1102230246251565e-16,-53.000000000000,14.530261536022,4.975805313959
175,rotor,12,2.5532450067812648e-18,-58.442373724043,17,8.2718061255302767e-25,-80.000000000000,21.557626275957,4.975805313959
175,rotor,16,2.6140056227120205e-24,-78.340012032931,17,6.1629758220391547e-33,-107.000000000000,28.659987967069,4.975805313959
175,round_only,4,2.3171305656433105e-06,-18.719229229869,20,7.4505805969238281e-09,-27.000000000000,8.280770770131,4.963852338352
175,round_only,8,2.5828644778513876e-12,-38.494165190996,20,5.5511151231257827e-17,-54.000000000000,15.505834809004,4.963852338352
175,round_only,12,2.6937707402412008e-18,-58.365078635937,20,4.1359030627651384e-25,-81.000000000000,22.634921364063,4.963852338352
175,round_only,16,2.7244877755298152e-24,-78.280289259578,20,3.0814879110195774e-33,-108.000000000000,29.719710740422,4.963852338352
176,static,4,1.9297003746032715e-06,-18.983191712313,45,1.4901161193847656e-08,-26.000000000000,7.016808287687,5.030634332153
176,static,8,1.7163354071314529e-12,-39.083805626067,45,1.1102230246251565e-16,-53.000000000000,13.916194373933,5.030634332153
176,static,12,1.5431442585076748e-18,-59.168832771595,45,1.6543612251060553e-24,-79.000000000000,19.831167228405,5.030634332153
176,static,16,1.2860682304833225e-24,-79.363307092509,45,1.2325951644078309e-32,-106.000000000000,26.636692907491,5.030634332153
176,position_only,4,2.3283064365386963e-06,-18.712287620451,98,7.4505805969238281e-09,-27.000000000000,8.287712379549,4.990735921727
176,position_only,8,2.4109741980637978e-12,-38.593520927162,98,5.5511151231257827e-17,-54.000000000000,15.406479072838,4.990735921727
176,position_only,12,2.3470525581168294e-18,-58.563855559130,98,4.1359030627651384e-25,-81.000000000000,22.436144440870,4.990735921727
176,position_only,16,2.18497874333814e-24,-78.598655032825,98,3.0814879110195774e-33,-108.000000000000,29.401344967175,4.990735921727
176,rotor,4,1.7955899238586426e-06,-19.087110663770,42,1.4901161193847656e-08,-26.000000000000,6.912889336230,5.002197413872
176,rotor,8,1.7279649933144015e-12,-39.074063148278,23,1.1102230246251565e-16,-53.000000000000,13.925936851722,5.002197413872
176,rotor,12,1.6075337034488159e-18,-59.109856722650,55,8.2718061255302767e-25,-80.000000000000,20.890143277350,5.002197413872
176,rotor,16,1.5387895670615782e-24,-79.104478323937,29,6.1629758220391547e-33,-107.000000000000,27.895521676063,5.002197413872
176,round_only,4,2.0675361156463623e-06,-18.883656038763,105,1.4901161193847656e-08,-26.000000000000,7.116343961237,4.997092997507
176,round_only,8,1.9693829900191417e-12,-38.885393436210,105,1.1102230246251565e-16,-53.000000000000,14.114606563790,4.997092997507
176,round_only,12,1.9379444333870107e-18,-58.840178502971,105,8.2718061255302767e-25,-80.000000000000,21.159821497029,4.997092997507
176,round_only,16,1.8229899745506836e-24,-78.859967649933,105,6.1629758220391547e-33,-107.000000000000,28.140032350067,4.997092997507
177,static,4,2.0153820514678955e-06,-18.920515216173,69,2.9802322387695312e-08,-25.000000000000,6.079484783827,5.013802370816
177,static,8,1.8574308757735025e-12,-38.969828616732,80,4.4408920985006262e-16,-51.000000000000,12.030171383268,5.013802370816
177,static,12,1.7195475551698147e-18,-59.012676692917,80,3.3087224502121107e-24,-78.000000000000,18.987323307083,5.013802370816
177,static,16,1.5540254624957856e-24,-79.090264134995,80,4.9303806576313238e-32,-104.000000000000,24.909735865005,5.013802370816
177,position_only,4,2.6933848857879639e-06,-18.502148163049,34,1.4901161193847656e-08,-26.000000000000,7.497851836951,4.983915051113
177,position_only,8,2.9717200922263487e-12,-38.291838904526,34,1.1102230246251565e-16,-53.000000000000,14.708161095474,4.983915051113
177,position_only,12,2.7445297479523282e-18,-58.338146731207,34,8.2718061255302767e-25,-80.000000000000,21.661853268793,4.983915051113
177,position_only,16,2.7397192112806433e-24,-78.272246235662,34,6.1629758220391547e-33,-107.000000000000,28.727753764338,4.983915051113
177,rotor,4,2.1532177925109863e-06,-18.825074317499,67,7.4505805969238281e-09,-27.000000000000,8.174925682501,4.987337560524
177,rotor,8,2.1896928714681962e-12,-38.732408608494,67,1.1102230246251565e-16,-53.000000000000,14.267591391506,4.987337560524
177,rotor,12,2.2010029642250526e-18,-58.656544619776,67,8.2718061255302767e-25,-80.000000000000,21.343455380224,4.987337560524
177,rotor,16,2.063000956193913e-24,-78.681529787388,67,3.0814879110195774e-33,-108.000000000000,29.318470212612,4.987337560524
177,round_only,4,2.2798776626586914e-06,-18.742612157307,37,7.4505805969238281e-09,-27.000000000000,8.257387842693,4.995866842257
177,round_only,8,2.2059021276277235e-12,-38.721768356386,37,5.5511151231257827e-17,-54.000000000000,15.278231643614,4.995866842257
177,round_only,12,2.1092161083240247e-18,-58.717998788073,37,4.1359030627651384e-25,-81.000000000000,22.282001211927,4.995866842257
177,round_only,16,2.0526880094462746e-24,-78.688759910166,37,3.0814879110195774e-33,-108.000000000000,29.311240089834,4.995866842257
178,static,4,2.1755695343017578e-06,-18.810175441120,73,3.7252902984619141e-09,-28.000000000000,9.189824558880,4.986305484477
178,static,8,2.3806373539159154e-12,-38.611789269218,73,1.3877787807814457e-17,-56.000000000000,17.388210730782,4.986305484477
178,static,12,2.1713875718501814e-18,-58.676088451811,100,5.169878828456423e-26,-84.000000000000,25.323911548189,4.986305484477
178,static,16,2.1736587089484681e-24,-78.606148839949,100,1.9259299443872359e-34,-112.000000000000,33.393851160051,4.986305484477
178,position_only,4,2.4251639842987061e-06,-18.653486266834,42,7.4505805969238281e-09,-27.000000000000,8.346513733166,4.924619447899
178,position_only,8,3.0676294837661544e-12,-38.246012897728,73,5.5511151231257827e-17,-54.000000000000,15.753987102272,4.924619447899
178,position_only,12,3.5434873198965646e-18,-57.969535821502,73,8.2718061255302767e-25,-80.000000000000,22.030464178498,4.924619447899
178,position_only,16,3.9605561009473748e-24,-77.740571264226,42,3.0814879110195774e-33,-108.000000000000,30.259428735774,4.924619447899
178,rotor,4,1.7546117305755615e-06,-19.120416750387,69,7.4505805969238281e-09,-27.000000000000,7.879583249613,4.973888376713
178,rotor,8,2.045058566935154e-12,-38.830994978603,69,5.5511151231257827e-17,-54.000000000000,15.169005021397,4.973888376713
178,rotor,12,2.0662289277569275e-18,-58.747705601571,69,4.1359030627651384e-25,-81.000000000000,22.252294398429,4.973888376713
178,rotor,16,1.9003292205415832e-24,-78.800024898899,69,3.0814879110195774e-33,-108.000000000000,29.199975101101,4.973888376713
178,round_only,4,1.6503036022186279e-06,-19.208837111445,77,1.4901161193847656e-08,-26.000000000000,6.791162888555,5.021175239215
178,round_only,8,1.5948908860252686e-12,-39.189679412824,42,1.1102230246251565e-16,-53.000000000000,13.810320587176,5.021175239215
178,round_only,12,1.4004411271815579e-18,-59.308824372406,42,4.1359030627651384e-25,-81.000000000000,21.691175627594,5.021175239215
178,round_only,16,1.2098394668390789e-24,-79.451458647780,42,6.1629758220391547e-33,-107.000000000000,27.548541352220,5.021175239215
179,static,4,2.7790665626525879e-06,-18.456968179745,5,2.9802322387695312e-08,-25.000000000000,6.543031820255,4.931352500343
179,static,8,3.3163333190699973e-12,-38.133548121681,5,2.2204460492503131e-16,-52.000000000000,13.866451878319,4.931352500343
179,static,12,3.6112185745124199e-18,-57.942219963725,5,3.3087224502121107e-24,-78.000000000000,20.057780036275,4.931352500343
179,static,16,4.349441138342903e-24,-77.605444236965,5,4.9303806576313238e-32,-104.000000000000,26.394555763035,4.931352500343
179,position_only,4,1.8402934074401855e-06,-19.051632768415,74,1.4901161193847656e-08,-26.000000000000,6.948367231585,4.996478205626
179,position_only,8,1.9852314236956659e-12,-38.873829942687,108,2.2204460492503131e-16,-52.000000000000,13.126170057313,4.996478205626
179,position_only,12,1.8281958674722766e-18,-58.924285063237,108,3.3087224502121107e-24,-78.000000000000,19.075714936763,4.996478205626
179,position_only,16,1.6683444028746099e-24,-78.987857136577,108,2.4651903288156619e-32,-105.000000000000,26.012142863423,4.996478205626
179,rotor,4,2.4326145648956299e-06,-18.649060818454,47,1.4901161193847656e-08,-26.000000000000,7.350939181546,4.956657772582
179,rotor,8,2.6136315334213123e-12,-38.477081372563,47,1.1102230246251565e-16,-53.000000000000,14.522918627437,4.956657772582
179,rotor,12,2.7768575172545491e-18,-58.321252554735,95,1.6543612251060553e-24,-79.000000000000,20.678747445265,4.956657772582
179,rotor,16,3.0380947938426103e-24,-78.123107392159,95,1.2325951644078309e-32,-106.000000000000,27.876892607841,4.956657772582
179,round_only,4,2.2649765014648438e-06,-18.752072486556,127,1.4901161193847656e-08,-26.000000000000,7.247927513444,4.975960685203
179,round_only,8,2.4137775112009763e-12,-38.591844436159,127,1.1102230246251565e-16,-53.000000000000,14.408155563841,4.975960685203
179,round_only,12,2.3257424726822968e-18,-58.577014350608,127,8.2718061255302767e-25,-80.000000000000,21.422985649392,4.975960685203
179,round_only,16,2.4449121477199626e-24,-78.436491651107,127,6.1629758220391547e-33,-107.000000000000,28.563508348893,4.975960685203
180,static,4,1.9222497940063477e-06,-18.988772744577,4,1.4901161193847656e-08,-26.000000000000,7.011227255423,5.004207524427
180,static,8,1.8026968806594823e-12,-39.012980307343,4,5.5511151231257827e-17,-54.000000000000,14.987019692657,5.004207524427
180,static,12,1.7961527516983506e-18,-58.949795660373,4,8.2718061255302767e-25,-80.000000000000,21.050204339627,5.004207524427
180,static,16,1.5804546711367421e-24,-79.065934619254,4,6.1629758220391547e-33,-107.000000000000,27.934065380746,5.004207524427
180,position_only,4,2.0936131477355957e-06,-18.865573679779,37,1.4901161193847656e-08,-26.000000000000,7.134426320221,5.048072716467
180,position_only,8,1.8385987177182983e-12,-38.984530499100,66,1.1102230246251565e-16,-53.000000000000,14.015469500900,5.048072716467
180,position_only,12,1.50747436933801e-18,-59.202572234897,66,8.2718061255302767e-25,-80.000000000000,20.797427765103,5.048072716467
180,position_only,16,1.2246857643640922e-24,-79.433862654068,66,6.1629758220391547e-33,-107.000000000000,27.566137345932,5.048072716467
180,rotor,4,2.0600855350494385e-06,-18.888864329765,37,1.4901161193847656e-08,-26.000000000000,7.111135670235,5.005444403261
180,rotor,8,1.7804785423791714e-12,-39.030872089631,37,1.1102230246251565e-16,-53.000000000000,13.969127910369,5.005444403261
180,rotor,12,1.8111368700008073e-18,-58.937810131199,11,8.2718061255302767e-25,-80.000000000000,21.062189868801,5.005444403261
180,rotor,16,1.6630104695971865e-24,-78.992477026057,11,1.2325951644078309e-32,-106.000000000000,27.007522973943,5.005444403261
180,round_only,4,1.8551945686340332e-06,-19.039998067932,47,1.4901161193847656e-08,-26.000000000000,6.960001932068,4.995452241828
180,round_only,8,1.7366247329064777e-12,-39.066851102773,47,1.1102230246251565e-16,-53.000000000000,13.933148897227,4.995452241828
180,round_only,12,1.754885796612634e-18,-58.983328561216,47,4.1359030627651384e-25,-81.000000000000,22.016671438784,4.995452241828
180,round_only,16,1.6461229981391807e-24,-79.007202139486,47,6.1629758220391547e-33,-107.000000000000,27.992797860514,4.995452241828
181,static,4,2.6300549507141113e-06,-18.536475626729,45,1.4901161193847656e-08,-26.000000000000,7.463524373271,4.943554964181
181,static,8,2.6824514831602642e-12,-38.439585061101,45,1.1102230246251565e-16,-53.000000000000,14.560414938899,4.943554964181
181,static,12,3.1879715549698088e-18,-58.122066951193,45,8.2718061255302767e-25,-80.000000000000,21.877933048807,4.943554964181
181,static,16,3.5715733690220806e-24,-77.889714519110,45,6.1629758220391547e-33,-107.000000000000,29.110285480890,4.943554964181
181,position_only,4,2.1718442440032959e-06,-18.812647926800,89,1.4901161193847656e-08,-26.000000000000,7.187352073200,4.963183136031
181,position_only,8,2.3411828031782989e-12,-38.635899551938,89,1.1102230246251565e-16,-53.000000000000,14.364100448062,4.963183136031
181,position_only,12,2.3919021358330897e-18,-58.536547344790,89,8.2718061255302767e-25,-80.000000000000,21.463452655210,4.963183136031
181,position_only,16,2.5872159314078042e-24,-78.354873809602,89,1.2325951644078309e-32,-106.000000000000,27.645126190398,4.963183136031
181,rotor,4,2.4624168872833252e-06,-18.631493538492,45,1.4901161193847656e-08,-26.000000000000,7.368506461508,4.948131962663
181,rotor,8,2.5787705304480824e-12,-38.496453736717,45,1.1102230246251565e-16,-53.000000000000,14.503546263283,4.948131962663
181,rotor,12,2.9371385984889358e-18,-58.240294362420,45,8.2718061255302767e-25,-80.000000000000,21.759705637580,4.948131962663
181,rotor,16,3.2511905455196864e-24,-78.025306165433,45,6.1629758220391547e-33,-107.000000000000,28.974693834567,4.948131962663
181,round_only,4,2.6971101760864258e-06,-18.500154112917,45,1.4901161193847656e-08,-26.000000000000,7.499845887083,4.949283341938
181,round_only,8,2.9664742884349948e-12,-38.294387860185,45,1.1102230246251565e-16,-53.000000000000,14.705612139815,4.949283341938
181,round_only,12,3.1858914025243911e-18,-58.123008617415,45,8.2718061255302767e-25,-80.000000000000,21.876991382585,4.949283341938
181,round_only,16,3.5930670499576295e-24,-77.881058419680,45,6.1629758220391547e-33,-107.000000000000,29.118941580320,4.949283341938
182,static,4,2.2947788238525391e-06,-18.733213459305,3,1.4901161193847656e-08,-26.000000000000,7.266786540695,4.972974242226
182,static,8,2.3915452951328575e-12,-38.605194022865,3,1.1102230246251565e-16,-53.000000000000,14.394805977135,4.972974242226
182,static,12,2.4558060257546621e-18,-58.498509095446,3,8.2718061255302767e-25,-80.000000000000,21.501490904554,4.972974242226
182,static,16,2.4929304131991738e-24,-78.408431664798,3,6.1629758220391547e-33,-107.000000000000,28.591568335202,4.972974242226
182,position_only,4,2.0936131477355957e-06,-18.865573679779,7,1.4901161193847656e-08,-26.000000000000,7.134426320221,4.972317117813
182,position_only,8,2.3512997104901956e-12,-38.629678693541,25,1.1102230246251565e-16,-53.000000000000,14.370321306459,4.972317117813
182,position_only,12,2.3044570992685643e-18,-58.590278797859,25,8.2718061255302767e-25,-80.000000000000,21.409721202141,4.972317117813
182,position_only,16,2.3241004015716481e-24,-78.509601882513,25,6.1629758220391547e-33,-107.000000000000,28.490398117487,4.972317117813
182,rotor,4,2.4400651454925537e-06,-18.644648903575,7,1.4901161193847656e-08,-26.000000000000,7.355351096425,4.919990775812
182,rotor,8,3.3489044870549378e-12,-38.119447908623,7,1.1102230246251565e-16,-53.000000000000,14.880552091377,4.919990775812
182,rotor,12,3.7729697624904665e-18,-57.879005169892,7,8.2718061255302767e-25,-80.000000000000,22.120994830108,4.919990775812
182,rotor,16,4.1938272909428141e-24,-77.658006827314,7,6.1629758220391547e-33,-107.000000000000,29.341993172686,4.919990775812
182,round_only,4,2.5853514671325684e-06,-18.561208147422,7,1.4901161193847656e-08,-26.000000000000,7.438791852578,4.910638226879
182,round_only,8,3.5585145941041674e-12,-38.031861985918,7,1.1102230246251565e-16,-53.000000000000,14.968138014082,4.910638226879
182,round_only,12,4.1237329095090105e-18,-57.750754814308,7,8.2718061255302767e-25,-80.000000000000,22.249245185692,4.910638226879
182,round_only,16,4.7993999665173128e-24,-77.463420229680,7,6.1629758220391547e-33,-107.000000000000,29.536579770320,4.910638226879
183,static,4,2.3469328880310059e-06,-18.700791981613,62,1.4901161193847656e-08,-26.000000000000,7.299208018387,5.008254917729
183,static,8,2.098834994690435e-12,-38.793548388740,65,1.1102230246251565e-16,-53.000000000000,14.206451611260,5.008254917729
183,static,12,1.9144001331179724e-18,-58.857813305666,65,4.1359030627651384e-25,-81.000000000000,22.142186694334,5.008254917729
183,static,16,1.9143284289806229e-24,-78.789435912356,65,6.1629758220391547e-33,-107.000000000000,28.210564087644,5.008254917729
183,position_only,4,2.2798776626586914e-06,-18.742612157307,63,1.4901161193847656e-08,-26.000000000000,7.257387842693,5.043503641433
183,position_only,8,1.8559043191146429e-12,-38.971014804205,63,2.2204460492503131e-16,-52.000000000000,13.028985195795,5.043503641433
183,position_only,12,1.5945324404722254e-18,-59.121572258716,63,1.6543612251060553e-24,-79.000000000000,19.878427741284,5.043503641433
183,position_only,16,1.3696425107725374e-24,-79.272474891583,63,2.4651903288156619e-32,-105.000000000000,25.727525108417,5.043503641433
183,rotor,4,2.1047890186309814e-06,-18.857892942697,53,1.4901161193847656e-08,-26.000000000000,7.142107057303,4.989955663399
183,rotor,8,2.0931312239014233e-12,-38.797474377873,120,1.1102230246251565e-16,-53.000000000000,14.202525622127,4.989955663399
183,rotor,12,2.0815619611815167e-18,-58.737039204619,12,4.1359030627651384e-25,-81.000000000000,22.262960795381,4.989955663399
183,rotor,16,1.9754218392078479e-24,-78.744113512438,12,6.1629758220391547e-33,-107.000000000000,28.255886487562,4.989955663399
183,round_only,4,2.2314488887786865e-06,-18.773587807211,12,1.4901161193847656e-08,-26.000000000000,7.226412192789,4.978128129957
183,round_only,8,2.1741775046990597e-12,-38.742667408635,96,2.2204460492503131e-16,-52.000000000000,13.257332591365,4.978128129957
183,round_only,12,2.2582839808734309e-18,-58.619478790490,65,1.6543612251060553e-24,-79.000000000000,20.380521209510,4.978128129957
183,round_only,16,2.3025756103193357e-24,-78.523025746022,65,2.4651903288156619e-32,-105.000000000000,26.476974253978,4.978128129957
184,static,4,2.2724270820617676e-06,-18.747334567550,26,1.4901161193847656e-08,-26.000000000000,7.252665432450,5.059116883002
184,static,8,1.9340501422604461e-12,-38.911511939980,26,1.1102230246251565e-16,-53.000000000000,14.088488060020,5.059116883002
184,static,12,1.4713099295596151e-18,-59.237604527497,26,8.2718061255302767e-25,-80.000000000000,20.762395472503,5.059116883002
184,static,16,1.2306428501861706e-24,-79.426862145065,26,6.1629758220391547e-33,-107.000000000000,27.573137854935,5.059116883002
184,position_only,4,2.3767352104187012e-06,-18.682587386235,33,1.4901161193847656e-08,-26.000000000000,7.317412613765,5.002687446980
184,position_only,8,2.1130597271934448e-12,-38.783803591959,33,1.1102230246251565e-16,-53.000000000000,14.216196408041,5.002687446980
184,position_only,12,2.0929905470184908e-18,-58.729139912289,33,8.2718061255302767e-25,-80.000000000000,21.270860087711,5.002687446980
184,position_only,16,1.9856798518853106e-24,-78.736641239188,33,6.1629758220391547e-33,-107.000000000000,28.263358760812,5.002687446980
184,rotor,4,2.1457672119140625e-06,-18.830074998558,49,1.4901161193847656e-08,-26.000000000000,7.169925001442,4.977966512631
184,rotor,8,2.2297719226571644e-12,-38.706240990332,0,1.1102230246251565e-16,-53.000000000000,14.293759009668,4.977966512631
184,rotor,12,2.2713338407110089e-18,-58.611165938986,86,8.2718061255302767e-25,-80.000000000000,21.388834061014,4.977966512631
184,rotor,16,2.2319232639695705e-24,-78.567986850754,86,6.1629758220391547e-33,-107.000000000000,28.432013149246,4.977966512631
184,round_only,4,2.0563602447509766e-06,-18.891475543222,48,7.4505805969238281e-09,-27.000000000000,8.108524456778,4.952890968748
184,round_only,8,2.3857305020413833e-12,-38.608706056775,48,1.1102230246251565e-16,-53.000000000000,14.391293943225,4.952890968748
184,round_only,12,2.5382290420252249e-18,-58.450883448532,48,8.2718061255302767e-25,-80.000000000000,21.549116551468,4.952890968748
184,round_only,16,2.6579456687486756e-24,-78.315962662610,48,6.1629758220391547e-33,-107.000000000000,28.684037337390,4.952890968748
185,static,4,1.9781291484832764e-06,-18.947431949196,9,2.9802322387695312e-08,-25.000000000000,6.052568050804,4.965774732541
185,static,8,2.1804780203638074e-12,-38.738492690798,86,2.2204460492503131e-16,-52.000000000000,13.261507309202,4.965774732541
185,static,12,2.19919118018962e-18,-58.657732681896,86,1.6543612251060553e-24,-79.000000000000,20.342267318104,4.965774732541
185,static,16,2.3105866998493241e-24,-78.518015052715,86,2.4651903288156619e-32,-105.000000000000,26.481984947285,4.965774732541
185,position_only,4,3.1962990760803223e-06,-18.255166162500,64,3.7252902984619141e-09,-28.000000000000,9.744833837500,4.909061017401
185,position_only,8,3.3940211752181426e-12,-38.100141572799,9,1.3877787807814457e-17,-56.000000000000,17.899858427201,4.909061017401
185,position_only,12,4.7364719630401294e-18,-57.550892863321,9,5.169878828456423e-26,-84.000000000000,26.449107136679,4.909061017401
185,position_only,16,5.6589915360292782e-24,-77.225729297667,9,1.9259299443872359e-34,-112.000000000000,34.774270702333,4.909061017401
185,rotor,4,2.1085143089294434e-06,-18.855341757168,92,1.4901161193847656e-08,-26.000000000000,7.144658242832,4.960124563044
185,rotor,8,2.4308888235680115e-12,-38.581653225271,26,1.1102230246251565e-16,-53.000000000000,14.418346774729,4.960124563044
185,rotor,12,2.5006002857674579e-18,-58.472431242948,26,8.2718061255302767e-25,-80.000000000000,21.527568757052,4.960124563044
185,rotor,16,2.5779024741233827e-24,-78.360076591859,26,6.1629758220391547e-33,-107.000000000000,28.639923408141,4.960124563044
185,round_only,4,2.2202730178833008e-06,-18.780831479538,46,1.4901161193847656e-08,-26.000000000000,7.219168520462,4.978635571706
185,round_only,8,2.1657536874997163e-12,-38.748267964968,95,1.1102230246251565e-16,-53.000000000000,14.251732035032,4.978635571706
185,round_only,12,2.2357951630660103e-18,-58.633917689186,95,8.2718061255302767e-25,-80.000000000000,21.366082310814,4.978635571706
185,round_only,16,2.2849856152769928e-24,-78.534089194216,95,6.1629758220391547e-33,-107.000000000000,28.465910805784,4.978635571706
186,static,4,2.6524066925048828e-06,-18.524266569034,58,1.4901161193847656e-08,-26.000000000000,7.475733430966,4.917957534349
186,static,8,3.0883351431754136e-12,-38.236307817661,58,2.2204460492503131e-16,-52.000000000000,13.763692182339,4.917957534349
186,static,12,3.7339448287562866e-18,-57.894005096924,58,1.6543612251060553e-24,-79.000000000000,21.105994903076,4.917957534349
186,static,16,4.5372128572109028e-24,-77.544467933932,58,2.4651903288156619e-32,-105.000000000000,27.455532066068,4.917957534349
186,position_only,4,2.8535723686218262e-06,-18.418799418075,105,2.9802322387695312e-08,-25.000000000000,6.581200581925,4.979703987341
186,position_only,8,2.7650659539801836e-12,-38.395823245767,105,2.2204460492503131e-16,-52.000000000000,13.604176754233,4.979703987341
186,position_only,12,2.9454481964287021e-18,-58.236218528393,105,1.6543612251060553e-24,-79.000000000000,20.763781471607,4.979703987341
186,position_only,16,2.8776413369816919e-24,-78.201387488416,105,2.4651903288156619e-32,-105.000000000000,26.798612511584,4.979703987341
186,rotor,4,2.339482307434082e-06,-18.705379251108,45,1.4901161193847656e-08,-26.000000000000,7.294620748892,4.894139377093
186,rotor,8,2.9382468680339002e-12,-38.308181524127,37,1.1102230246251565e-16,-53.000000000000,14.691818475873,4.894139377093
186,rotor,12,3.7655015106312432e-18,-57.881863684054,37,8.2718061255302767e-25,-80.000000000000,22.118136315946,4.894139377093
186,rotor,16,4.8914562955413968e-24,-77.436010225704,37,1.2325951644078309e-32,-106.000000000000,28.563989774296,4.894139377093
186,round_only,4,2.7231872081756592e-06,-18.486272404048,45,1.4901161193847656e-08,-26.000000000000,7.513727595952,4.930682307434
186,round_only,8,3.3874014704338151e-12,-38.102958155336,45,2.2204460492503131e-16,-52.000000000000,13.897041844664,4.930682307434
186,round_only,12,3.495067734054102e-18,-57.989385292819,45,3.3087224502121107e-24,-78.000000000000,20.010614707181,4.930682307434
186,round_only,16,4.3662058614262753e-24,-77.599894124005,34,2.4651903288156619e-32,-105.000000000000,27.400105875995,4.930682307434
187,static,4,2.6822090148925781e-06,-18.508146903670,104,2.9802322387695312e-08,-25.000000000000,6.491853096330,5.013387361533
187,static,8,2.2102458752115695e-12,-38.718930269838,104,2.2204460492503131e-16,-52.000000000000,13.281069730162,5.013387361533
187,static,12,2.0868794400505256e-18,-58.733358450199,104,8.2718061255302767e-25,-80.000000000000,21.266641549801,5.013387361533
187,static,16,2.0625636102443517e-24,-78.681835663990,104,1.2325951644078309e-32,-106.000000000000,27.318164336010,5.013387361533
187,position_only,4,2.8908252716064453e-06,-18.400087157813,103,2.9802322387695312e-08,-25.000000000000,6.599912842187,4.949101963783
187,position_only,8,3.8180986150493368e-12,-37.930282773045,103,2.2204460492503131e-16,-52.000000000000,14.069717226955,4.949101963783
187,position_only,12,3.8413303464561098e-18,-57.853099669982,103,6.6174449004242214e-24,-77.000000000000,19.146900330018,4.949101963783
187,position_only,16,3.9424703399520956e-24,-77.747174375944,103,4.9303806576313238e-32,-104.000000000000,26.252825624056,4.949101963783
187,rotor,4,2.4959444999694824e-06,-18.611982714655,89,1.4901161193847656e-08,-26.000000000000,7.388017285345,5.002793510621
187,rotor,8,2.1508766989697392e-12,-38.758212315367,15,5.5511151231257827e-17,-54.000000000000,15.241787684633,5.002793510621
187,rotor,12,1.9704954380570443e-18,-58.816147298512,112,4.1359030627651384e-25,-81.000000000000,22.183852701488,5.002793510621
187,rotor,16,2.1381401411499311e-24,-78.629917861883,112,6.1629758220391547e-33,-107.000000000000,28.370082138117,5.002793510621
187,round_only,4,2.2202730178833008e-06,-18.780831479538,126,1.4901161193847656e-08,-26.000000000000,7.219168520462,4.991934551926
187,round_only,8,2.295094669868547e-12,-38.664583474363,20,1.1102230246251565e-16,-53.000000000000,14.335416525637,4.991934551926
187,round_only,12,2.1973047948026928e-18,-58.658970703732,20,8.2718061255302767e-25,-80.000000000000,21.341029296268,4.991934551926
187,round_only,16,2.0721252101205979e-24,-78.675163095429,20,6.1629758220391547e-33,-107.000000000000,28.324836904571,4.991934551926
188,static,4,2.3618340492248535e-06,-18.691660969861,127,7.4505805969238281e-09,-27.000000000000,8.308339030139,4.958960645746
188,static,8,2.721878278322265e-12,-38.418534587305,127,5.5511151231257827e-17,-54.000000000000,15.581465412695,4.958960645746
188,static,12,3.004964668682505e-18,-58.207357679637,127,2.0679515313825692e-25,-82.000000000000,23.792642320363,4.958960645746
188,static,16,2.8508900398612889e-24,-78.214861882358,127,1.5407439555097887e-33,-109.000000000000,30.785138117642,4.958960645746
188,position_only,4,2.1085143089294434e-06,-18.855341757168,85,1.4901161193847656e-08,-26.000000000000,7.144658242832,4.975819285011
188,position_only,8,2.3245710911723449e-12,-38.646172590910,85,1.1102230246251565e-16,-53.000000000000,14.353827409090,4.975819285011
188,position_only,12,2.3000081600427362e-18,-58.593066728354,85,1.6543612251060553e-24,-79.000000000000,20.406933271646,4.975819285011
188,position_only,16,2.2589308363061743e-24,-78.550634178166,85,1.2325951644078309e-32,-106.000000000000,27.449365821834,4.975819285011
188,rotor,4,1.993030309677124e-06,-18.936604918711,14,7.4505805969238281e-09,-27.000000000000,8.063395081289,4.980510916914
188,rotor,8,1.9382689897540217e-12,-38.908368339178,67,1.1102230246251565e-16,-53.000000000000,14.091631660822,4.980510916914
188,rotor,12,1.967316582963003e-18,-58.818476571444,14,8.2718061255302767e-25,-80.000000000000,21.181523428556,4.980510916914
188,rotor,16,2.0273003968749091e-24,-78.706714400149,14,6.1629758220391547e-33,-107.000000000000,28.293285599851,4.980510916914
188,round_only,4,2.078711986541748e-06,-18.875878688171,45,1.4901161193847656e-08,-26.000000000000,7.124121311829,4.959750496925
188,round_only,8,2.4810153931298373e-12,-38.552206452381,14,1.1102230246251565e-16,-53.000000000000,14.447793547619,4.959750496925
188,round_only,12,2.6697311655803964e-18,-58.378011234079,14,8.2718061255302767e-25,-80.000000000000,21.621988765921,4.959750496925
188,round_only,16,2.5122683190885404e-24,-78.397283719936,14,6.1629758220391547e-33,-107.000000000000,28.602716280064,4.959750496925
189,static,4,2.2761523723602295e-06,-18.744971430181,76,7.4505805969238281e-09,-27.000000000000,8.255028569819,4.966154156604
189,static,8,2.6048191381633501e-12,-38.481953934104,76,5.5511151231257827e-17,-54.000000000000,15.518046065896,4.966154156604
189,static,12,2.6062541008549013e-18,-58.412727959380,76,4.1359030627651384e-25,-81.000000000000,22.587272040620,4.966154156604
189,static,16,2.6564608189394188e-24,-78.316768843138,76,3.0814879110195774e-33,-108.000000000000,29.683231156862,4.966154156604
189,position_only,4,2.7604401111602783e-06,-18.466670267694,96,1.4901161193847656e-08,-26.000000000000,7.533329732306,4.918715448531
189,position_only,8,3.3440333835343949e-12,-38.121547888712,87,1.1102230246251565e-16,-53.000000000000,14.878452111288,4.918715448531
189,position_only,12,4.0084559336690666e-18,-57.791659093693,87,8.2718061255302767e-25,-80.000000000000,22.208340906307,4.918715448531
189,position_only,16,4.7025233179541293e-24,-77.492839179776,87,6.1629758220391547e-33,-107.000000000000,29.507160820224,4.918715448531
189,rotor,4,2.1532177925109863e-06,-18.825074317499,76,1.4901161193847656e-08,-26.000000000000,7.174925682501,4.979620073646
189,rotor,8,2.1023044416423886e-12,-38.791165532791,76,1.1102230246251565e-16,-53.000000000000,14.208834467209,4.979620073646
189,rotor,12,2.1285197637852333e-18,-58.704855222042,64,8.2718061255302767e-25,-80.000000000000,21.295144777958,4.979620073646
189,rotor,16,2.2101774541523982e-24,-78.582112069695,64,6.1629758220391547e-33,-107.000000000000,28.417887930305,4.979620073646
189,round_only,4,2.1606683731079102e-06,-18.820090909985,76,1.4901161193847656e-08,-26.000000000000,7.179909090015,4.956757229967
189,round_only,8,2.3557683581643118e-12,-38.626939452178,115,1.1102230246251565e-16,-53.000000000000,14.373060547822,4.956757229967
189,round_only,12,2.5361572130847209e-18,-58.452061528935,115,8.2718061255302767e-25,-80.000000000000,21.547938471065,4.956757229967
189,round_only,16,2.6841419933629778e-24,-78.301813283962,115,6.1629758220391547e-33,-107.000000000000,28.698186716038,4.956757229967
190,static,4,2.8684735298156738e-06,-18.411285364418,58,1.4901161193847656e-08,-26.000000000000,7.588714635582,4.958974714674
190,static,8,3.4575259322267016e-12,-38.073397066693,58,2.2204460492503131e-16,-52.000000000000,13.926602933307,4.958974714674
190,static,12,3.4177702907504358e-18,-58.021650271617,58,1.6543612251060553e-24,-79.000000000000,20.978349728383,4.958974714674
190,static,16,3.5918915353123204e-24,-77.881530491758,58,1.2325951644078309e-32,-106.000000000000,28.118469508242,4.958974714674
190,position_only,4,2.5108456611633301e-06,-18.603395218818,19,1.4901161193847656e-08,-26.000000000000,7.396604781182,4.967383282541
190,position_only,8,2.7473717745252202e-12,-38.405084989439,19,1.1102230246251565e-16,-53.000000000000,14.594915010561,4.967383282541
190,position_only,12,2.8204219664916317e-18,-58.298794685978,19,8.2718061255302767e-25,-80.000000000000,21.701205314022,4.967383282541
190,position_only,16,2.8725629792301205e-24,-78.203935753850,19,1.2325951644078309e-32,-106.000000000000,27.796064246150,4.967383282541
190,rotor,4,2.4363398551940918e-06,-18.646853174502,19,1.4901161193847656e-08,-26.000000000000,7.353146825498,4.983520171936
190,rotor,8,2.2806062593971888e-12,-38.673719747960,19,2.2204460492503131e-16,-52.000000000000,13.326280252040,4.983520171936
190,rotor,12,2.347625328992234e-18,-58.563503529140,19,1.6543612251060553e-24,-79.000000000000,20.436496470860,4.983520171936
190,rotor,16,2.398967152759232e-24,-78.463860873261,19,1.2325951644078309e-32,-106.000000000000,27.536139126739,4.983520171936
190,round_only,4,2.2351741790771484e-06,-18.771181309504,54,1.4901161193847656e-08,-26.000000000000,7.228818690496,4.978868876941
190,round_only,8,2.3892138267811447e-12,-38.606601162614,54,2.2204460492503131e-16,-52.000000000000,13.393398837386,4.978868876941
190,round_only,12,2.3036084119600849e-18,-58.590810212606,54,1.6543612251060553e-24,-79.000000000000,20.409189787394,4.978868876941
190,round_only,16,2.3482363536203073e-24,-78.494696652054,54,1.2325951644078309e-32,-106.000000000000,27.505303347946,4.978868876941
191,static,4,2.6226043701171875e-06,-18.540568381363,39,1.4901161193847656e-08,-26.000000000000,7.459431618637,4.936208297119
191,static,8,2.8425040099477883e-12,-38.355974754306,37,1.1102230246251565e-16,-53.000000000000,14.644025245694,4.936208297119
191,static,12,3.2878388797809258e-18,-58.077566106348,39,8.2718061255302767e-25,-80.000000000000,21.922433893652,4.936208297119
191,static,16,3.8462673641574963e-24,-77.782815225608,39,1.2325951644078309e-32,-106.000000000000,28.217184774392,4.936208297119
191,position_only,4,2.1830201148986816e-06,-18.805243145578,64,7.4505805969238281e-09,-27.000000000000,8.194756854422,5.015791281765
191,position_only,8,2.0035223480263653e-12,-38.860598536438,65,5.5511151231257827e-17,-54.000000000000,15.139401463562,5.015791281765
191,position_only,12,1.8101557303967428e-18,-58.938591888119,65,4.1359030627651384e-25,-81.000000000000,22.061408111881,5.015791281765
191,position_only,16,1.6661040392519332e-24,-78.989795785221,65,3.0814879110195774e-33,-108.000000000000,29.010204214779,5.015791281765
191,rotor,4,2.6114284992218018e-06,-18.546729365989,39,7.4505805969238281e-09,-27.000000000000,8.453270634011,4.963352863519
191,rotor,8,2.7003954627957683e-12,-38.429966438618,39,1.1102230246251565e-16,-53.000000000000,14.570033561382,4.963352863519
191,rotor,12,2.8829253362385753e-18,-58.267172234453,39,8.2718061255302767e-25,-80.000000000000,21.732827765547,4.963352863519
191,rotor,16,3.0607997543277214e-24,-78.112365614297,39,6.1629758220391547e-33,-107.000000000000,28.887634385703,4.963352863519
191,round_only,4,2.1345913410186768e-06,-18.837608671243,100,1.4901161193847656e-08,-26.000000000000,7.162391328757,4.961299533901
191,round_only,8,2.3000074067525134e-12,-38.661498631536,37,5.5511151231257827e-17,-54.000000000000,15.338501368464,4.961299533901
191,round_only,12,2.3738293768221483e-18,-58.547489465520,37,8.2718061255302767e-25,-80.000000000000,21.452510534480,4.961299533901
191,round_only,16,2.5787443682059244e-24,-78.359605511925,37,6.1629758220391547e-33,-107.000000000000,28.640394488075,4.961299533901
192,static,4,3.2708048820495605e-06,-18.221922870465,23,1.4901161193847656e-08,-26.000000000000,7.778077129535,4.862305021465
192,static,8,5.1211951346274986e-12,-37.506656607018,23,5.5511151231257827e-17,-54.000000000000,16.493343392982,4.862305021465
192,static,12,6.7836492669287356e-18,-57.032644127391,23,4.1359030627651384e-25,-81.000000000000,23.967355872609,4.862305021465
192,static,16,9.0774073128207015e-24,-76.543993983201,23,3.0814879110195774e-33,-108.000000000000,31.456006016799,4.862305021465
192,position_only,4,2.3022294044494629e-06,-18.728536972096,13,1.4901161193847656e-08,-26.000000000000,7.271463027904,4.931938801428
192,position_only,8,2.8002322682851855e-12,-38.377590640619,19,1.1102230246251565e-16,-53.000000000000,14.622409359381,4.931938801428
192,position_only,12,3.1894941876823658e-18,-58.121378058522,19,1.6543612251060553e-24,-79.000000000000,20.878621941478,4.931938801428
192,position_only,16,3.5303611071214036e-24,-77.906458518500,19,1.2325951644078309e-32,-106.000000000000,28.093541481500,4.931938801428
192,rotor,4,2.4214386940002441e-06,-18.655704092084,52,7.4505805969238281e-09,-27.000000000000,8.344295907916,4.954195970351
192,rotor,8,2.7264718260866516e-12,-38.416101891159,52,1.1102230246251565e-16,-53.000000000000,14.583898108841,4.954195970351
192,rotor,12,2.7530122783389064e-18,-58.333694663655,52,8.2718061255302767e-25,-80.000000000000,21.666305336345,4.954195970351
192,rotor,16,3.1466604414467935e-24,-78.072452772595,52,6.1629758220391547e-33,-107.000000000000,28.927547227405,4.954195970351
192,round_only,4,2.8051435947418213e-06,-18.443493945328,27,1.4901161193847656e-08,-26.000000000000,7.556506054672,4.935811387198
192,round_only,8,3.5461772407430203e-12,-38.036872493571,27,1.1102230246251565e-16,-53.000000000000,14.963127506429,4.935811387198
192,round_only,12,3.8747112200756872e-18,-57.840616916783,27,8.2718061255302767e-25,-80.000000000000,22.159383083217,4.935811387198
192,round_only,16,4.2082195576093789e-24,-77.653064300230,27,6.1629758220391547e-33,-107.000000000000,29.346935699770,4.935811387198
193,static,4,2.6114284992218018e-06,-18.546729365989,97,7.4505805969238281e-09,-27.000000000000,8.453270634011,4.906352092630
193,static,8,3.4476033139441142e-12,-38.077543353180,97,1.1102230246251565e-16,-53.000000000000,14.922456646820,4.906352092630
193,static,12,4.2970880456138925e-18,-57.691346370314,97,8.2718061255302767e-25,-80.000000000000,22.308653629686,4.906352092630
193,static,16,4.9227052114683234e-24,-77.426822928682,97,6.1629758220391547e-33,-107.000000000000,29.573177071318,4.906352092630
193,position_only,4,2.8312206268310547e-06,-18.430144391669,127,1.4901161193847656e-08,-26.000000000000,7.569855608331,4.913181514741
193,position_only,8,3.5560304700865686e-12,-38.032869452598,127,1.1102230246251565e-16,-53.000000000000,14.967130547402,4.913181514741
193,position_only,12,4.409814927022912e-18,-57.653987598555,127,8.2718061255302767e-25,-80.000000000000,22.346012401445,4.913181514741
193,position_only,16,5.0190549379246742e-24,-77.398858539560,127,6.1629758220391547e-33,-107.000000000000,29.601141460440,4.913181514741
193,rotor,4,2.9020011425018311e-06,-18.394520481938,96,1.4901161193847656e-08,-26.000000000000,7.605479518062,4.929852507030
193,rotor,8,3.1815106105170798e-12,-38.193425205581,96,1.1102230246251565e-16,-53.000000000000,14.806574794419,4.929852507030
193,rotor,12,3.8188639659228047e-18,-57.861562178215,96,8.2718061255302767e-25,-80.000000000000,22.138437821785,4.929852507030
193,rotor,16,4.4581114777655263e-24,-77.569841584789,96,6.1629758220391547e-33,-107.000000000000,29.430158415211,4.929852507030
193,round_only,4,2.5443732738494873e-06,-18.584258231710,5,1.4901161193847656e-08,-26.000000000000,7.415741768290,4.941993778034
193,round_only,8,2.9378444121874736e-12,-38.308379145650,5,1.1102230246251565e-16,-53.000000000000,14.691620854350,4.941993778034
193,round_only,12,3.1375378360345679e-18,-58.145072851131,5,8.2718061255302767e-25,-80.000000000000,21.854927148869,4.941993778034
193,round_only,16,3.6325858828731076e-24,-77.865277370332,5,6.1629758220391547e-33,-107.000000000000,29.134722629668,4.941993778034
194,static,4,2.7678906917572021e-06,-18.462781599461,25,1.4901161193847656e-08,-26.000000000000,7.537218400539,4.975132263556
194,static,8,3.0851016186161928e-12,-38.237819128282,25,1.1102230246251565e-16,-53.000000000000,14.762180871718,4.975132263556
194,static,12,3.0814997616541271e-18,-58.171073028455,25,8.2718061255302767e-25,-80.000000000000,21.828926971545,4.975132263556
194,static,16,2.9748435489797204e-24,-78.153460480152,25,1.2325951644078309e-32,-106.000000000000,27.846539519848,4.975132263556
194,position_only,4,2.3245811462402344e-06,-18.714597781138,57,1.4901161193847656e-08,-26.000000000000,7.285402218862,4.975705723257
194,position_only,8,2.2114116093874259e-12,-38.718169560100,10,5.5511151231257827e-17,-54.000000000000,15.281830439900,4.975705723257
194,position_only,12,2.1293014494640959e-18,-58.704325498501,10,4.1359030627651384e-25,-81.000000000000,22.295674501499,4.975705723257
194,position_only,16,2.5157446567271193e-24,-78.395288778437,10,3.0814879110195774e-33,-108.000000000000,29.604711221563,4.975705723257
194,rotor,4,2.0004808902740479e-06,-18.931221722015,10,1.4901161193847656e-08,-26.000000000000,7.068778277985,4.953852062011
194,rotor,8,2.4861085412553052e-12,-38.549247854119,10,1.1102230246251565e-16,-53.000000000000,14.450752145881,4.953852062011
194,rotor,12,2.5008148874376271e-18,-58.472307436083,10,8.2718061255302767e-25,-80.000000000000,21.527692563917,4.953852062011
194,rotor,16,2.6111975143936309e-24,-78.341562688180,10,6.1629758220391547e-33,-107.000000000000,28.658437311820,4.953852062011
194,round_only,4,2.1792948246002197e-06,-18.807707185529,10,1.4901161193847656e-08,-26.000000000000,7.192292814471,4.938206048577
194,round_only,8,2.6419144649736381e-12,-38.461553380223,10,1.1102230246251565e-16,-53.000000000000,14.538446619777,4.938206048577
194,round_only,12,3.0036989789477223e-18,-58.207965470134,10,1.6543612251060553e-24,-79.000000000000,20.792034529866,4.938206048577
194,round_only,16,3.1556936133315835e-24,-78.068317136579,10,1.2325951644078309e-32,-106.000000000000,27.931682863421,4.938206048577
195,static,4,2.0675361156463623e-06,-18.883656038763,60,1.4901161193847656e-08,-26.000000000000,7.116343961237,5.018814574987
195,static,8,2.1200263766729677e-12,-38.779054924210,60,2.2204460492503131e-16,-52.000000000000,13.220945075790,5.018814574987
195,static,12,1.7940178502361395e-18,-58.951511463022,60,1.6543612251060553e-24,-79.000000000000,20.048488536978,5.018814574987
195,static,16,1.5683447797508819e-24,-79.077031525651,60,1.2325951644078309e-32,-106.000000000000,26.922968474349,5.018814574987
195,position_only,4,1.8887221813201904e-06,-19.014158062997,70,3.7252902984619141e-09,-28.000000000000,8.985841937003,5.020877976399
195,position_only,8,1.7826573550649982e-12,-39.029107709748,70,1.3877787807814457e-17,-56.000000000000,16.970892290252,5.020877976399
195,position_only,12,1.5645118846935681e-18,-59.148993090031,70,5.169878828456423e-26,-84.000000000000,24.851006909969,5.020877976399
195,position_only,16,1.3886711429351215e-24,-79.252569288222,70,1.9259299443872359e-34,-112.000000000000,32.747430711778,5.020877976399
195,rotor,4,2.253800630569458e-06,-18.759208667838,47,7.4505805969238281e-09,-27.000000000000,8.240791332162,5.008294084058
195,rotor,8,2.0262541644555654e-12,-38.844321987806,47,5.5511151231257827e-17,-54.000000000000,15.155678012194,5.008294084058
195,rotor,12,1.883189212739063e-18,-58.881527746488,47,4.1359030627651384e-25,-81.000000000000,22.118472253512,5.008294084058
195,rotor,16,1.8262442638296614e-24,-78.857394535716,47,3.0814879110195774e-33,-108.000000000000,29.142605464284,5.008294084058
195,round_only,4,2.0153820514678955e-06,-18.920515216173,121,7.4505805969238281e-09,-27.000000000000,8.079484783827,5.006671025391
195,round_only,8,1.867117571663357e-12,-38.962324362281,85,5.5511151231257827e-17,-54.000000000000,15.037675637719,5.006671025391
195,round_only,12,1.7384297104101392e-18,-58.996920971935,85,4.1359030627651384e-25,-81.000000000000,22.003079028065,5.006671025391
195,round_only,16,1.6567366097067502e-24,-78.997930018174,20,3.0814879110195774e-33,-108.000000000000,29.002069981826,5.006671025391
196,static,4,2.514570951461792e-06,-18.601256308062,114,2.9802322387695312e-08,-25.000000000000,6.398743691938,4.973712052282
196,static,8,2.8300140009207553e-12,-38.362327948132,114,2.2204460492503131e-16,-52.000000000000,13.637672051868,4.973712052282
196,static,12,2.7012134012002232e-18,-58.361098087862,114,1.6543612251060553e-24,-79.000000000000,20.638901912138,4.973712052282
196,static,16,2.7800560794733261e-24,-78.251160291916,114,1.2325951644078309e-32,-106.000000000000,27.748839708084,4.973712052282
196,position_only,4,1.9185245037078857e-06,-18.991571377929,1,1.4901161193847656e-08,-26.000000000000,7.008428622071,4.998865858864
196,position_only,8,2.0271978540264968e-12,-38.843650236280,1,5.5511151231257827e-17,-54.000000000000,15.156349763720,4.998865858864
196,position_only,12,1.798251929297857e-18,-58.948110556037,1,8.2718061255302767e-25,-80.000000000000,21.051889443963,4.998865858864
196,position_only,16,1.7226682409919078e-24,-78.941629389524,1,6.1629758220391547e-33,-107.000000000000,28.058370610476,4.998865858864
196,rotor,4,2.2798776626586914e-06,-18.742612157307,62,7.4505805969238281e-09,-27.000000000000,8.257387842693,4.993816882871
196,rotor,8,2.3770430068736914e-12,-38.613969133036,62,1.1102230246251565e-16,-53.000000000000,14.386030866964,4.993816882871
196,rotor,12,2.2228379474570383e-18,-58.642302933212,62,8.2718061255302767e-25,-80.000000000000,21.357697066788,4.993816882871
196,rotor,16,2.1075228626446224e-24,-78.650725995527,62,3.0814879110195774e-33,-108.000000000000,29.349274004473,4.993816882871
196,round_only,4,2.1755695343017578e-06,-18.810175441120,114,1.4901161193847656e-08,-26.000000000000,7.189824558880,4.984950693781
196,round_only,8,2.379318964074173e-12,-38.612588450726,114,5.5511151231257827e-17,-54.000000000000,15.387411549274,4.984950693781
196,round_only,12,2.2880640855877767e-18,-58.600578247349,114,4.1359030627651384e-25,-81.000000000000,22.399421752651,4.984950693781
196,round_only,16,2.1625790229121359e-24,-78.613521425990,114,3.0814879110195774e-33,-108.000000000000,29.386478574010,4.984950693781
197,static,4,2.5071203708648682e-06,-18.605537305390,82,2.9802322387695312e-08,-25.000000000000,6.394462694610,4.890256427271
197,static,8,3.4517250169230351e-12,-38.075819602441,32,4.4408920985006262e-16,-51.000000000000,12.924180397559,4.890256427271
197,static,12,4.6603972477781814e-18,-57.574252773914,32,1.3234889800848443e-23,-76.000000000000,18.425747226086,4.890256427271
197,static,16,5.3398368576375622e-24,-77.309478611839,32,9.8607613152626476e-32,-103.000000000000,25.690521388161,4.890256427271
197,position_only,4,2.2910535335540771e-06,-18.735557399773,63,1.4901161193847656e-08,-26.000000000000,7.264442600227,4.956101636174
197,position_only,8,2.4929086572811343e-12,-38.545307116670,76,1.1102230246251565e-16,-53.000000000000,14.454692883330,4.956101636174
197,position_only,12,2.728143351716441e-18,-58.346786254455,76,8.2718061255302767e-25,-80.000000000000,21.653213745545,4.956101636174
197,position_only,16,2.8478137082425095e-24,-78.216419502827,76,1.2325951644078309e-32,-106.000000000000,27.783580497173,4.956101636174
197,rotor,4,2.2724270820617676e-06,-18.747334567550,21,1.4901161193847656e-08,-26.000000000000,7.252665432450,4.961412882500
197,rotor,8,2.5007773629681651e-12,-38.540760514412,116,1.1102230246251565e-16,-53.000000000000,14.459239485588,4.961412882500
197,rotor,12,2.4869192354237137e-18,-58.480346052266,116,1.6543612251060553e-24,-79.000000000000,20.519653947734,4.961412882500
197,rotor,16,2.7765559267480198e-24,-78.252977821605,116,6.1629758220391547e-33,-107.000000000000,28.747022178395,4.961412882500
197,round_only,4,2.1494925022125244e-06,-18.827572491355,82,1.4901161193847656e-08,-26.000000000000,7.172427508645,4.956103590009
197,round_only,8,2.3080842792566614e-12,-38.656441233969,102,1.1102230246251565e-16,-53.000000000000,14.343558766031,4.956103590009
197,round_only,12,2.5078434928012785e-18,-58.468258391413,102,8.2718061255302767e-25,-80.000000000000,21.531741608587,4.956103590009
197,round_only,16,2.6781924583418394e-24,-78.305014638995,102,1.2325951644078309e-32,-106.000000000000,27.694985361005,4.956103590009
198,static,4,3.6507844924926758e-06,-18.063362060997,63,1.4901161193847656e-08,-26.000000000000,7.936637939003,4.886618680764
198,static,8,5.1600113071259557e-12,-37.495762911621,63,1.1102230246251565e-16,-53.000000000000,15.504237088379,4.886618680764
198,static,12,6.6445122663196996e-18,-57.062542404150,63,4.1359030627651384e-25,-81.000000000000,23.937457595850,4.886618680764
198,static,16,8.1695482470872816e-24,-76.696017973676,63,3.0814879110195774e-33,-108.000000000000,31.303982026324,4.886618680764
198,position_only,4,2.6375055313110352e-06,-18.532394449917,42,1.4901161193847656e-08,-26.000000000000,7.467605550083,4.942568072063
198,position_only,8,3.085462441099196e-12,-38.237650405681,94,2.2204460492503131e-16,-52.000000000000,13.762349594319,4.942568072063
198,position_only,12,3.4398885316434326e-18,-58.012343892304,94,1.6543612251060553e-24,-79.000000000000,20.987656107696,4.942568072063
198,position_only,16,3.6923432997646285e-24,-77.841737581885,94,2.4651903288156619e-32,-105.000000000000,27.158262418115,4.942568072063
198,rotor,4,2.8908252716064453e-06,-18.400087157813,40,7.4505805969238281e-09,-27.000000000000,8.599912842187,4.966615649300
198,rotor,8,3.0904445669222014e-12,-38.235322750888,42,1.1102230246251565e-16,-53.000000000000,14.764677249112,4.966615649300
198,rotor,12,3.1251686424435445e-18,-58.150771664421,42,8.2718061255302767e-25,-80.000000000000,21.849228335579,4.966615649300
198,rotor,16,3.3476021983274689e-24,-77.983146177305,42,6.1629758220391547e-33,-107.000000000000,29.016853822695,4.966615649300
198,round_only,4,2.5108456611633301e-06,-18.603395218818,42,1.4901161193847656e-08,-26.000000000000,7.396604781182,4.970367146559
198,round_only,8,2.4851232183209504e-12,-38.549819752835,4,1.1102230246251565e-16,-53.000000000000,14.450180247165,4.970367146559
198,round_only,12,2.5981361503233059e-18,-58.417228673549,4,1.6543612251060553e-24,-79.000000000000,20.582771326451,4.970367146559
198,round_only,16,2.7774996784504952e-24,-78.252487532702,42,1.2325951644078309e-32,-106.000000000000,27.747512467298,4.970367146559
199,static,4,2.339482307434082e-06,-18.705379251108,86,1.4901161193847656e-08,-26.000000000000,7.294620748892,4.966248912713
199,static,8,2.589942149633373e-12,-38.490217265203,86,2.2204460492503131e-16,-52.000000000000,13.509782734797,4.966248912713
199,static,12,2.7761209129190706e-18,-58.321635302639,86,1.6543612251060553e-24,-79.000000000000,20.678364697361,4.966248912713
199,static,16,2.6660716182368383e-24,-78.311558741473,86,1.2325951644078309e-32,-106.000000000000,27.688441258527,4.966248912713
199,position_only,4,2.2053718566894531e-06,-18.790546634371,71,1.4901161193847656e-08,-26.000000000000,7.209453365629,4.991919440382
199,position_only,8,2.1779245074071696e-12,-38.740183191332,71,1.1102230246251565e-16,-53.000000000000,14.259816808668,4.991919440382
199,position_only,12,2.0191780673342987e-18,-58.780937563260,71,1.6543612251060553e-24,-79.000000000000,20.219062436740,4.991919440382
199,position_only,16,2.0806772985719755e-24,-78.669221048817,71,1.2325951644078309e-32,-106.000000000000,27.330778951183,4.991919440382
199,rotor,4,2.2575259208679199e-06,-18.756826016527,61,7.4505805969238281e-09,-27.000000000000,8.243173983473,5.001083640461
199,rotor,8,2.1469354072323199e-12,-38.760858351768,99,1.1102230246251565e-16,-53.000000000000,14.239141648232,5.001083640461
199,rotor,12,2.0771520545408434e-18,-58.740098877778,99,8.2718061255302767e-25,-80.000000000000,21.259901122222,5.001083640461
199,rotor,16,1.9293032112626091e-24,-78.778194380665,99,3.0814879110195774e-33,-108.000000000000,29.221805619335,5.001083640461
199,round_only,4,2.1755695343017578e-06,-18.810175441120,97,7.4505805969238281e-09,-27.000000000000,8.189824558880,4.982318232852
199,round_only,8,2.387243180912435e-12,-38.607791601962,97,5.5511151231257827e-17,-54.000000000000,15.392208398038,4.982318232852
199,round_only,12,2.2535231428578819e-18,-58.622523441893,97,4.1359030627651384e-25,-81.000000000000,22.377476558107,4.982318232852
199,round_only,16,2.229571312543695e-24,-78.569507932497,97,3.0814879110195774e-33,-108.000000000000,29.430492067503,4.982318232852
200,static,4,4.3213367462158203e-06,-17.820090909985,66,2.9802322387695312e-08,-25.000000000000,7.179909090015,4.845932494664
200,static,8,6.7141153747840576e-12,-37.115939810252,82,8.8817841970012523e-16,-50.000000000000,12.884060189748,4.845932494664
200,static,12,9.8791897990954908e-18,-56.490312977980,82,6.6174449004242214e-24,-77.000000000000,20.509687022020,4.845932494664
200,static,16,1.3471835239547255e-23,-75.974399782935,82,9.8607613152626476e-32,-103.000000000000,27.025600217065,4.845932494664
200,position_only,4,2.8386712074279785e-06,-18.426352812507,73,7.4505805969238281e-09,-27.000000000000,8.573647187493,4.952257225650
200,position_only,8,3.2526203952443211e-12,-38.161534679582,84,5.5511151231257827e-17,-54.000000000000,15.838465320418,4.952257225650
200,position_only,12,3.5076255765235758e-18,-57.984210953269,84,4.1359030627651384e-25,-81.000000000000,23.015789046731,4.952257225650
200,position_only,16,3.6740821402848611e-24,-77.848890396613,84,3.0814879110195774e-33,-108.000000000000,30.151109603387,4.952257225650
200,rotor,4,2.3357570171356201e-06,-18.707678367198,30,7.4505805969238281e-09,-27.000000000000,8.292321632802,4.909938523354
200,rotor,8,3.0301317011094397e-12,-38.263756638545,84,1.1102230246251565e-16,-53.000000000000,14.736243361455,4.909938523354
200,rotor,12,3.6945827155249148e-18,-57.909294279525,84,8.2718061255302767e-25,-80.000000000000,22.090705720475,4.909938523354
200,rotor,16,4.2908440842280397e-24,-77.625012798256,84,3.0814879110195774e-33,-108.000000000000,30.374987201744,4.909938523354
200,round_only,4,2.4139881134033203e-06,-18.660149997115,30,1.4901161193847656e-08,-26.000000000000,7.339850002885,4.936883994945
200,round_only,8,2.7810670433225937e-12,-38.387498614423,30,1.1102230246251565e-16,-53.000000000000,14.612501385577,4.936883994945
200,round_only,12,3.0412507040109453e-18,-58.190040958843,30,8.2718061255302767e-25,-80.000000000000,21.809959041157,4.936883994945
200,round_only,16,3.5846985326744591e-24,-77.884422481578,30,1.2325951644078309e-32,-106.000000000000,28.115577518422,4.936883994945
201,static,4,2.4586915969848633e-06,-18.633677785754,87,2.9802322387695312e-08,-25.000000000000,6.366322214246,4.910221605908
201,static,8,3.0650759708095165e-12,-38.247214305727,102,1.1102230246251565e-16,-53.000000000000,14.752785694273,4.910221605908
201,static,12,3.7781563400275389e-18,-57.877023306321,102,1.6543612251060553e-24,-79.000000000000,21.122976693679,4.910221605908
201,static,16,4.4885353160598136e-24,-77.560029530991,102,1.2325951644078309e-32,-106.000000000000,28.439970469009,4.910221605908
201,position_only,4,1.8402934074401855e-06,-19.051632768415,52,2.9802322387695312e-08,-25.000000000000,5.948367231585,4.996693337510
201,position_only,8,1.7560536358374179e-12,-39.050800228300,103,1.1102230246251565e-16,-53.000000000000,13.949199771700,4.996693337510
201,position_only,12,1.6772308044891918e-18,-59.048624475492,103,1.6543612251060553e-24,-79.000000000000,19.951375524508,4.996693337510
201,position_only,16,1.6449059421479362e-24,-79.008269186149,103,1.2325951644078309e-32,-106.000000000000,26.991730813851,4.996693337510
201,rotor,4,2.1345913410186768e-06,-18.837608671243,52,7.4505805969238281e-09,-27.000000000000,8.162391328757,4.983279708729
201,rotor,8,2.1543600237095006e-12,-38.755877774087,74,5.5511151231257827e-17,-54.000000000000,15.244122225913,4.983279708729
201,rotor,12,2.1037243528397086e-18,-58.721760024656,74,4.1359030627651384e-25,-81.000000000000,22.278239975344,4.983279708729
201,rotor,16,2.143889041263555e-24,-78.626044037434,83,3.0814879110195774e-33,-108.000000000000,29.373955962566,4.983279708729
201,round_only,4,2.0526349544525146e-06,-18.894091491429,36,7.4505805969238281e-09,-27.000000000000,8.105908508571,4.978655258903
201,round_only,8,2.1135870831301418e-12,-38.783443583738,36,5.5511151231257827e-17,-54.000000000000,15.216556416262,4.978655258903
201,round_only,12,2.1295684737055856e-18,-58.704144589220,36,4.1359030627651384e-25,-81.000000000000,22.295855410780,4.978655258903
201,round_only,16,2.129251455033278e-24,-78.635927941641,73,3.0814879110195774e-33,-108.000000000000,29.364072058359,4.978655258903
202,static,4,2.2873282432556152e-06,-18.737905154630,14,7.4505805969238281e-09,-27.000000000000,8.262094845370,4.959862756095
202,static,8,2.5629082189837504e-12,-38.505355323846,14,5.5511151231257827e-17,-54.000000000000,15.494644676154,4.959862756095
202,static,12,2.6784534232482501e-18,-58.373305499327,14,4.1359030627651384e-25,-81.000000000000,22.626694500673,4.959862756095
202,static,16,2.7885512122058653e-24,-78.246758510741,14,3.0814879110195774e-33,-108.000000000000,29.753241489259,4.959862756095
202,position_only,4,2.3320317268371582e-06,-18.709981153067,121,1.4901161193847656e-08,-26.000000000000,7.290018846933,4.953271459804
202,position_only,8,2.7655516765534571e-12,-38.395569838428,121,2.2204460492503131e-16,-52.000000000000,13.604430161572,4.953271459804
202,position_only,12,2.8961307577301015e-18,-58.260578967682,121,3.3087224502121107e-24,-78.000000000000,19.739421032318,4.953271459804
202,position_only,16,3.0195705271027572e-24,-78.131930907375,121,4.9303806576313238e-32,-104.000000000000,25.868069092625,4.953271459804
202,rotor,4,1.8030405044555664e-06,-19.081136762725,55,1.4901161193847656e-08,-26.000000000000,6.918863237275,4.984220470610
202,rotor,8,1.8424983760922942e-12,-38.981473790864,121,1.1102230246251565e-16,-53.000000000000,14.018526209136,4.984220470610
202,rotor,12,1.8458456269974737e-18,-58.910423806385,121,8.2718061255302767e-25,-80.000000000000,21.089576193615,4.984220470610
202,rotor,16,1.7799638134727054e-24,-78.894426365686,121,6.1629758220391547e-33,-107.000000000000,28.105573634314,4.984220470610
202,round_only,4,2.4512410163879395e-06,-18.638056226265,113,1.4901161193847656e-08,-26.000000000000,7.361943773735,4.979383457710
202,round_only,8,2.4088092631657787e-12,-38.594816977525,124,1.1102230246251565e-16,-53.000000000000,14.405183022475,4.979383457710
202,round_only,12,2.4850525472751229e-18,-58.481429349589,124,1.6543612251060553e-24,-79.000000000000,20.518570650411,4.979383457710
202,round_only,16,2.5058662367527896e-24,-78.400964871705,124,6.1629758220391547e-33,-107.000000000000,28.599035128295,4.979383457710
203,static,4,2.8312206268310547e-06,-18.430144391669,105,1.4901161193847656e-08,-26.000000000000,7.569855608331,4.932575069673
203,static,8,3.8477554475946363e-12,-37.919120030225,72,1.1102230246251565e-16,-53.000000000000,15.080879969775,4.932575069673
203,static,12,4.1820306862265814e-18,-57.730502060032,72,8.2718061255302767e-25,-80.000000000000,22.269497939968,4.932575069673
203,static,16,4.3840258344595793e-24,-77.594017977370,72,6.1629758220391547e-33,-107.000000000000,29.405982022630,4.932575069673
203,position_only,4,3.0472874641418457e-06,-18.324042967058,72,1.4901161193847656e-08,-26.000000000000,7.675957032942,4.927777656325
203,position_only,8,3.5743630277806915e-12,-38.025450970474,26,2.2204460492503131e-16,-52.000000000000,13.974549029526,4.927777656325
203,position_only,12,4.1086398618596383e-18,-57.756044829713,26,1.6543612251060553e-24,-79.000000000000,21.243955170287,4.927777656325
203,position_only,16,4.8412978169151399e-24,-77.450880431648,26,1.2325951644078309e-32,-106.000000000000,28.549119568352,4.927777656325
203,rotor,4,2.3320317268371582e-06,-18.709981153067,111,1.4901161193847656e-08,-26.000000000000,7.290018846933,4.946493576757
203,rotor,8,2.3935992077284141e-12,-38.603955535836,111,1.1102230246251565e-16,-53.000000000000,14.396044464164,4.946493576757
203,rotor,12,2.7772649037062314e-18,-58.321040915751,61,1.6543612251060553e-24,-79.000000000000,20.678959084249,4.946493576757
203,rotor,16,3.1067523147264595e-24,-78.090867049857,61,6.1629758220391547e-33,-107.000000000000,28.909132950143,4.946493576757
203,round_only,4,2.1606683731079102e-06,-18.820090909985,111,7.4505805969238281e-09,-27.000000000000,8.179909090015,4.942733220749
203,round_only,8,2.5181523533035488e-12,-38.530771566987,37,1.1102230246251565e-16,-53.000000000000,14.469228433013,4.942733220749
203,round_only,12,2.7738586773413146e-18,-58.322811420921,37,8.2718061255302767e-25,-80.000000000000,21.677188579079,4.942733220749
203,round_only,16,3.0323165666307582e-24,-78.125853901998,37,6.1629758220391547e-33,-107.000000000000,28.874146098002,4.942733220749
204,static,4,2.3283064365386963e-06,-18.712287620451,64,1.4901161193847656e-08,-26.000000000000,7.287712379549,4.969994873062
204,static,8,2.3115120928451915e-12,-38.654300228490,64,2.2204460492503131e-16,-52.000000000000,13.345699771510,4.969994873062
204,static,12,2.4510225953686328e-18,-58.501321923859,64,1.6543612251060553e-24,-79.000000000000,20.498678076141,4.969994873062
204,static,16,2.5723059514684358e-24,-78.363212029493,64,1.2325951644078309e-32,-106.000000000000,27.636787970507,4.969994873062
204,position_only,4,2.0600855350494385e-06,-18.888864329765,125,1.4901161193847656e-08,-26.000000000000,7.111135670235,5.008340399127
204,position_only,8,1.8072765506360611e-12,-39.009319853418,125,1.1102230246251565e-16,-53.000000000000,13.990680146582,5.008340399127
204,position_only,12,1.7343658237594545e-18,-59.000297474661,13,8.2718061255302767e-25,-80.000000000000,20.999702525339,5.008340399127
204,position_only,16,1.6508364135441131e-24,-79.003077111050,13,3.0814879110195774e-33,-108.000000000000,28.996922888950,5.008340399127
204,rotor,4,1.9036233425140381e-06,-19.002820519062,32,7.4505805969238281e-09,-27.000000000000,7.997179480938,4.963364610254
204,rotor,8,2.1223162116612571e-12,-38.777497513966,83,5.5511151231257827e-17,-54.000000000000,15.222502486034,4.963364610254
204,rotor,12,2.1317643280391842e-18,-58.702657754661,83,4.1359030627651384e-25,-81.000000000000,22.297342245339,4.963364610254
204,rotor,16,2.2767549726222392e-24,-78.539295242214,83,3.0814879110195774e-33,-108.000000000000,29.460704757786,4.963364610254
204,round_only,4,2.2947788238525391e-06,-18.733213459305,106,7.4505805969238281e-09,-27.000000000000,8.266786540695,4.980803050748
204,round_only,8,2.4406310306090973e-12,-38.575882930602,106,1.1102230246251565e-16,-53.000000000000,14.424117069398,4.980803050748
204,round_only,12,2.3656879033418834e-18,-58.552445951286,106,8.2718061255302767e-25,-80.000000000000,21.447554048714,4.980803050748
204,round_only,16,2.3639635896056248e-24,-78.485066462382,106,6.1629758220391547e-33,-107.000000000000,28.514933537618,4.980803050748
205,static,4,2.0898878574371338e-06,-18.868143039391,29,1.4901161193847656e-08,-26.000000000000,7.131856960609,4.953413223636
205,static,8,2.5787705304480824e-12,-38.496453736717,29,5.5511151231257827e-17,-54.000000000000,15.503546263283,4.953413223636
205,static,12,2.6390222404357301e-18,-58.394702198903,29,8.2718061255302767e-25,-80.000000000000,21.605297801097,4.953413223636
205,static,16,2.7233286126075129e-24,-78.280903200470,29,6.1629758220391547e-33,-107.000000000000,28.719096799530,4.953413223636
205,position_only,4,2.555549144744873e-06,-18.577935233827,24,1.4901161193847656e-08,-26.000000000000,7.422064766173,4.892461414119
205,position_only,8,3.6548403192782075e-12,-37.993328762735,25,2.2204460492503131e-16,-52.000000000000,14.006671237265,4.892461414119
205,position_only,12,4.3737060634419229e-18,-57.665849441191,21,3.3087224502121107e-24,-78.000000000000,20.334150558809,4.892461414119
205,position_only,16,5.5520750951698758e-24,-77.253247195927,90,2.4651903288156619e-32,-105.000000000000,27.746752804073,4.892461414119
205,rotor,4,2.5369226932525635e-06,-18.588489011988,21,7.4505805969238281e-09,-27.000000000000,8.411510988012,4.946327022036
205,rotor,8,3.2265856653168612e-12,-38.173128809343,21,5.5511151231257827e-17,-54.000000000000,15.826871190657,4.946327022036
205,rotor,12,3.3978601051050727e-18,-58.030079252103,21,4.1359030627651384e-25,-81.000000000000,22.969920747897,4.946327022036
205,rotor,16,3.4960886939970479e-24,-77.920532491552,21,3.0814879110195774e-33,-108.000000000000,30.079467508448,4.946327022036
205,round_only,4,2.4475157260894775e-06,-18.640250439678,33,7.4505805969238281e-09,-27.000000000000,8.359749560322,4.950722951486
205,round_only,8,2.8979596500278149e-12,-38.328099631093,33,5.5511151231257827e-17,-54.000000000000,15.671900368907,4.950722951486
205,round_only,12,3.0415555200666711e-18,-58.189896368798,33,4.1359030627651384e-25,-81.000000000000,22.810103631202,4.950722951486
205,round_only,16,3.2422231668684706e-24,-78.029290880256,33,3.0814879110195774e-33,-108.000000000000,29.970709119744,4.950722951486
206,static,4,2.1159648895263672e-06,-18.850252880495,8,2.9802322387695312e-08,-25.000000000000,6.149747119505,4.915482729394
206,static,8,2.7127883273081466e-12,-38.423360656844,55,2.2204460492503131e-16,-52.000000000000,13.576639343156,4.915482729394
206,static,12,3.219233295257602e-18,-58.107988576415,122,3.3087224502121107e-24,-78.000000000000,19.892011423585,4.915482729394
206,static,16,3.7264303929763875e-24,-77.828479965885,122,2.4651903288156619e-32,-105.000000000000,27.171520034115,4.915482729394
206,position_only,4,2.4624168872833252e-06,-18.631493538492,123,1.4901161193847656e-08,-26.000000000000,7.368506461508,4.995837151046
206,position_only,8,2.5038721096493077e-12,-38.538976263074,123,1.1102230246251565e-16,-53.000000000000,14.461023736926,4.995837151046
206,position_only,12,2.3150020494161786e-18,-58.583692237303,123,8.2718061255302767e-25,-80.000000000000,21.416307762697,4.995837151046
206,position_only,16,2.2426285994914854e-24,-78.561083561036,123,1.2325951644078309e-32,-106.000000000000,27.438916438964,4.995837151046
206,rotor,4,2.2314488887786865e-06,-18.773587807211,24,7.4505805969238281e-09,-27.000000000000,8.226412192789,5.012467453048
206,rotor,8,2.0177887138927986e-12,-38.850362023361,24,5.5511151231257827e-17,-54.000000000000,15.149637976639,5.012467453048
206,rotor,12,1.8779353233796442e-18,-58.885558330948,24,4.1359030627651384e-25,-81.000000000000,22.114441669052,5.012467453048
206,rotor,16,1.7389131334350955e-24,-78.928088411985,24,3.0814879110195774e-33,-108.000000000000,29.071911588015,5.012467453048
206,round_only,4,1.8365681171417236e-06,-19.054556163622,115,7.4505805969238281e-09,-27.000000000000,7.945443836378,5.005331179291
206,round_only,8,1.6518314494007313e-12,-39.139070654990,57,5.5511151231257827e-17,-54.000000000000,14.860929345010,5.005331179291
206,round_only,12,1.6011872118977911e-18,-59.115563709371,45,4.1359030627651384e-25,-81.000000000000,21.884436290629,5.005331179291
206,round_only,16,1.5081710632796389e-24,-79.133474202703,45,3.0814879110195774e-33,-108.000000000000,28.866525797297,5.005331179291
207,static,4,2.0675361156463623e-06,-18.883656038763,78,1.4901161193847656e-08,-26.000000000000,7.116343961237,5.014379899228
207,static,8,1.8099549636829693e-12,-39.007183338842,78,1.1102230246251565e-16,-53.000000000000,13.992816661158,5.014379899228
207,static,12,1.7005637601117227e-18,-59.028692609205,78,8.2718061255302767e-25,-80.000000000000,20.971307390795,5.014379899228
207,static,16,1.5779549369432579e-24,-79.068218271677,78,1.2325951644078309e-32,-106.000000000000,26.931781728323,5.014379899228
207,position_only,4,2.559274435043335e-06,-18.575833711182,23,1.4901161193847656e-08,-26.000000000000,7.424166288818,4.935697694979
207,position_only,8,2.8810842600535125e-12,-38.336525284543,85,1.1102230246251565e-16,-53.000000000000,14.663474715457,4.935697694979
207,position_only,12,3.2890687422554273e-18,-58.077026546842,85,8.2718061255302767e-25,-80.000000000000,21.922973453158,4.935697694979
207,position_only,16,3.7876553293891536e-24,-77.804969223472,85,1.2325951644078309e-32,-106.000000000000,28.195030776528,4.935697694979
207,rotor,4,1.7881393432617188e-06,-19.093109404391,66,1.4901161193847656e-08,-26.000000000000,6.906890595609,4.995763072671
207,rotor,8,1.8030993365059089e-12,-39.012658258608,66,1.1102230246251565e-16,-53.000000000000,13.987341741392,4.995763072671
207,rotor,12,1.6665368584337414e-18,-59.057852482399,66,1.6543612251060553e-24,-79.000000000000,19.942147517601,4.995763072671
207,rotor,16,1.6298305502486202e-24,-79.021552298744,13,1.2325951644078309e-32,-106.000000000000,26.978447701256,4.995763072671
207,round_only,4,2.5071203708648682e-06,-18.605537305390,20,1.4901161193847656e-08,-26.000000000000,7.394462694610,5.013115101866
207,round_only,8,2.077740757222557e-12,-38.808121480364,20,1.1102230246251565e-16,-53.000000000000,14.191878519636,5.013115101866
207,round_only,12,1.9849414753710352e-18,-58.805609236844,20,8.2718061255302767e-25,-80.000000000000,21.194390763156,5.013115101866
207,round_only,16,1.9252309648991824e-24,-78.781242744774,20,6.1629758220391547e-33,-107.000000000000,28.218757255226,5.013115101866
208,static,4,2.3059546947479248e-06,-18.726204400786,95,1.4901161193847656e-08,-26.000000000000,7.273795599214,4.954000837612
208,static,8,2.7824270665277595e-12,-38.386793266764,95,1.1102230246251565e-16,-53.000000000000,14.613206733236,4.954000837612
208,static,12,2.9608571236744931e-18,-58.228690833107,95,8.2718061255302767e-25,-80.000000000000,21.771309166893,4.954000837612
208,static,16,2.9499514899312185e-24,-78.165583046826,95,1.2325951644078309e-32,-106.000000000000,27.834416953174,4.954000837612
208,position_only,4,2.6486814022064209e-06,-18.526294250381,2,1.4901161193847656e-08,-26.000000000000,7.473705749619,4.955792329473
208,position_only,8,3.4751784783182416e-12,-38.066050064935,8,1.1102230246251565e-16,-53.000000000000,14.933949935065,4.955792329473
208,position_only,12,3.1450361248897845e-18,-58.141629119517,9,8.2718061255302767e-25,-80.000000000000,21.858370880483,4.955792329473
208,position_only,16,3.5176419728347258e-24,-77.911665625158,9,6.1629758220391547e-33,-107.000000000000,29.088334374842,4.955792329473
208,rotor,4,2.3357570171356201e-06,-18.707678367198,106,1.4901161193847656e-08,-26.000000000000,7.292321632802,4.962985138403
208,rotor,8,2.4874408088848554e-12,-38.548474942940,106,1.1102230246251565e-16,-53.000000000000,14.451525057060,4.962985138403
208,rotor,12,2.5474761974905317e-18,-58.445637041433,106,8.2718061255302767e-25,-80.000000000000,21.554362958567,4.962985138403
208,rotor,16,2.7853296764470797e-24,-78.248426179740,106,1.2325951644078309e-32,-106.000000000000,27.751573820260,4.962985138403
208,round_only,4,2.5518238544464111e-06,-18.580039822152,13,7.4505805969238281e-09,-27.000000000000,8.419960177848,4.961777549591
208,round_only,8,2.4333868253734181e-12,-38.580171460917,13,5.5511151231257827e-17,-54.000000000000,15.419828539083,4.961777549591
208,round_only,12,2.7167595887289097e-18,-58.352818803618,93,4.1359030627651384e-25,-81.000000000000,22.647181196382,4.961777549591
208,round_only,16,2.9898703128812776e-24,-78.146191369134,93,3.0814879110195774e-33,-108.000000000000,29.853808630866,4.961777549591
209,static,4,3.729015588760376e-06,-18.032773741164,9,1.4901161193847656e-08,-26.000000000000,7.967226258836,4.958963999386
209,static,8,4.1150693963487583e-12,-37.822220378251,9,2.2204460492503131e-16,-52.000000000000,14.177779621749,4.958963999386
209,static,12,4.3757124934152469e-18,-57.665187759136,9,1.6543612251060553e-24,-79.000000000000,21.334812240864,4.958963999386
209,static,16,4.5576906455378983e-24,-77.537971272679,9,1.2325951644078309e-32,-106.000000000000,28.462028727321,4.958963999386
209,position_only,4,3.9748847484588623e-06,-17.940655539176,9,1.4901161193847656e-08,-26.000000000000,8.059344460824,4.985302336648
209,position_only,8,4.7102738376381126e-12,-37.627326203499,9,2.2204460492503131e-16,-52.000000000000,14.372673796501,4.985302336648
209,position_only,12,4.1761817438140072e-18,-57.732521209859,9,1.6543612251060553e-24,-79.000000000000,21.267478790141,4.985302336648
209,position_only,16,4.0464382648816288e-24,-77.709621692366,9,1.2325951644078309e-32,-106.000000000000,28.290378307634,4.985302336648
209,rotor,4,2.0526349544525146e-06,-18.894091491429,90,1.4901161193847656e-08,-26.000000000000,7.105908508571,4.980848176405
209,rotor,8,2.2553903189503899e-12,-38.689760010052,90,2.2204460492503131e-16,-52.000000000000,13.310239989948,4.980848176405
209,rotor,12,2.2015133346629978e-18,-58.656210125204,90,1.6543612251060553e-24,-79.000000000000,20.343789874796,4.980848176405
209,rotor,16,2.1087047914070183e-24,-78.649917138440,90,1.2325951644078309e-32,-106.000000000000,27.350082861560,4.980848176405
209,round_only,4,2.1941959857940674e-06,-18.797876176170,119,7.4505805969238281e-09,-27.000000000000,8.202123823830,5.005992029596
209,round_only,8,1.9243495685827838e-12,-38.918766242320,97,5.5511151231257827e-17,-54.000000000000,15.081233757680,5.005992029596
209,round_only,12,1.8428465285902979e-18,-58.912769778979,97,4.1359030627651384e-25,-81.000000000000,22.087230221021,5.005992029596
209,round_only,16,1.7981402507164402e-24,-78.879768725231,92,3.0814879110195774e-33,-108.000000000000,29.120231274769,5.005992029596
210,static,4,2.0489096641540527e-06,-18.896712191588,92,1.4901161193847656e-08,-26.000000000000,7.103287808412,5.037616674838
210,static,8,1.9489271307904232e-12,-38.900456988541,92,1.1102230246251565e-16,-53.000000000000,14.099543011459,5.037616674838
210,static,12,1.6867717641683198e-18,-59.040440931133,92,8.2718061255302767e-25,-80.000000000000,20.959559068867,5.037616674838
210,static,16,1.2965409161716643e-24,-79.351606541891,92,6.1629758220391547e-33,-107.000000000000,27.648393458109,5.037616674838
210,position_only,4,1.7024576663970947e-06,-19.163949644942,99,7.4505805969238281e-09,-27.000000000000,7.836050355058,5.055851241176
210,position_only,8,1.4851730956166875e-12,-39.292506052986,99,5.5511151231257827e-17,-54.000000000000,14.707493947014,5.055851241176
210,position_only,12,1.2795155934324308e-18,-59.439107978391,99,4.1359030627651384e-25,-81.000000000000,21.560892021609,5.055851241176
210,position_only,16,9.1162268163066554e-25,-79.859765552156,99,1.5407439555097887e-33,-109.000000000000,29.140234447844,5.055851241176
210,rotor,4,2.6375055313110352e-06,-18.532394449917,117,1.4901161193847656e-08,-26.000000000000,7.467605550083,5.014839875390
210,rotor,8,2.3644974866954271e-12,-38.621603530341,117,1.1102230246251565e-16,-53.000000000000,14.378396469659,5.014839875390
210,rotor,12,2.1580522830024843e-18,-58.684975890637,117,8.2718061255302767e-25,-80.000000000000,21.315024109363,5.014839875390
210,rotor,16,2.0239013094419575e-24,-78.709135335016,117,6.1629758220391547e-33,-107.000000000000,28.290864664984,5.014839875390
210,round_only,4,1.8812716007232666e-06,-19.019860422361,117,1.4901161193847656e-08,-26.000000000000,6.980139577639,5.018273806263
210,round_only,8,1.7416068587294831e-12,-39.062718144432,92,1.1102230246251565e-16,-53.000000000000,13.937281855568,5.018273806263
210,round_only,12,1.6033084131811068e-18,-59.113653738270,92,4.1359030627651384e-25,-81.000000000000,21.886346261730,5.018273806263
210,round_only,16,1.3944939120917624e-24,-79.246532641255,92,6.1629758220391547e-33,-107.000000000000,27.753467358745,5.018273806263
211,static,4,2.6933848857879639e-06,-18.502148163049,7,1.4901161193847656e-08,-26.000000000000,7.497851836951,5.025950707282
211,static,8,2.6837421174263909e-12,-38.438891089981,7,5.5511151231257827e-17,-54.000000000000,15.561108910019,5.025950707282
211,static,12,2.2426466483809988e-18,-58.629503380810,7,8.2718061255302767e-25,-80.000000000000,21.370496619190,5.025950707282
211,static,16,1.9207291781876661e-24,-78.784620163202,7,6.1629758220391547e-33,-107.000000000000,28.215379836798,5.025950707282
211,position_only,4,3.0659139156341553e-06,-18.315251379578,101,1.4901161193847656e-08,-26.000000000000,7.684748620422,4.935520182161
211,position_only,8,3.2883418210616355e-12,-38.145776864593,101,1.1102230246251565e-16,-53.000000000000,14.854223135407,4.935520182161
211,position_only,12,3.9291199037457635e-18,-57.820499513223,101,1.6543612251060553e-24,-79.000000000000,21.179500486777,4.935520182161
211,position_only,16,4.4763660576908247e-24,-77.563946258851,101,1.2325951644078309e-32,-106.000000000000,28.436053741149,4.935520182161
211,rotor,4,2.0563602447509766e-06,-18.891475543222,101,7.4505805969238281e-09,-27.000000000000,8.108524456778,4.988369486414
211,rotor,8,2.222472206270254e-12,-38.710971761495,49,5.5511151231257827e-17,-54.000000000000,15.289028238505,4.988369486414
211,rotor,12,2.0110406780583083e-18,-58.786763444112,49,4.1359030627651384e-25,-81.000000000000,22.213236555888,4.988369486414
211,rotor,16,2.0210936084577511e-24,-78.711138134535,49,3.0814879110195774e-33,-108.000000000000,29.288861865465,4.988369486414
211,round_only,4,2.4884939193725586e-06,-18.616295707526,101,1.4901161193847656e-08,-26.000000000000,7.383704292474,4.960593766974
211,round_only,8,2.8536617513452711e-12,-38.350322798431,101,1.1102230246251565e-16,-53.000000000000,14.649677201569,4.960593766974
211,round_only,12,2.9380456537293885e-18,-58.239848894142,101,8.2718061255302767e-25,-80.000000000000,21.760151105858,4.960593766974
211,round_only,16,3.0284306516783351e-24,-78.127703901939,101,6.1629758220391547e-33,-107.000000000000,28.872296098061,4.960593766974
212,static,4,3.0696392059326172e-06,-18.313499472817,34,1.4901161193847656e-08,-26.000000000000,7.686500527183,4.937029777880
212,static,8,3.6691066851446408e-12,-37.987708284786,34,1.1102230246251565e-16,-53.000000000000,15.012291715214,4.937029777880
212,static,12,4.0229649401071881e-18,-57.786446542953,34,4.1359030627651384e-25,-81.000000000000,23.213553457047,4.937029777880
212,static,16,4.5481836789015706e-24,-77.540983758491,34,6.1629758220391547e-33,-107.000000000000,29.459016241509,4.937029777880
212,position_only,4,2.5667250156402588e-06,-18.571639827296,0,1.4901161193847656e-08,-26.000000000000,7.428360172704,4.924820938783
212,position_only,8,3.157044070611903e-12,-38.204562738622,0,1.1102230246251565e-16,-53.000000000000,14.795437261378,4.924820938783
212,position_only,12,3.6230867034473893e-18,-57.937486376888,0,8.2718061255302767e-25,-80.000000000000,22.062513623112,4.924820938783
212,position_only,16,4.1930396686031403e-24,-77.658277798311,0,6.1629758220391547e-33,-107.000000000000,29.341722201689,4.924820938783
212,rotor,4,2.1569430828094482e-06,-18.822580462011,85,1.4901161193847656e-08,-26.000000000000,7.177419537989,4.959082482795
212,rotor,8,2.3714225028115266e-12,-38.617384416188,77,1.1102230246251565e-16,-53.000000000000,14.382615583812,4.959082482795
212,rotor,12,2.4439589382265245e-18,-58.505485661815,85,8.2718061255302767e-25,-80.000000000000,21.494514338185,4.959082482795
212,rotor,16,2.6609863808709126e-24,-78.314313150740,85,6.1629758220391547e-33,-107.000000000000,28.685686849260,4.959082482795
212,round_only,4,2.2575259208679199e-06,-18.756826016527,88,7.4505805969238281e-09,-27.000000000000,8.243173983473,4.959529603585
212,round_only,8,2.5889429489112104e-12,-38.490773964924,88,5.5511151231257827e-17,-54.000000000000,15.509226035076,4.959529603585
212,round_only,12,2.6156604885881247e-18,-58.407530416073,88,4.1359030627651384e-25,-81.000000000000,22.592469583927,4.959529603585
212,round_only,16,2.7920130730142383e-24,-78.244968580617,88,3.0814879110195774e-33,-108.000000000000,29.755031419383,4.959529603585
213,static,4,2.1904706954956055e-06,-18.800327655164,15,2.9802322387695312e-08,-25.000000000000,6.199672344836,4.937933520547
213,static,8,2.5533603009719741e-12,-38.510740009932,15,2.2204460492503131e-16,-52.000000000000,13.489259990068,4.937933520547
213,static,12,2.8140579490513784e-18,-58.302053670106,72,1.6543612251060553e-24,-79.000000000000,20.697946329894,4.937933520547
213,static,16,3.2130369417490611e-24,-78.042336709070,15,2.4651903288156619e-32,-105.000000000000,26.957663290930,4.937933520547
213,position_only,4,2.555549144744873e-06,-18.577935233827,72,1.4901161193847656e-08,-26.000000000000,7.422064766173,4.887748395012
213,position_only,8,3.430492001577079e-12,-38.084721635914,72,1.1102230246251565e-16,-53.000000000000,14.915278364086,4.887748395012
213,position_only,12,4.6042631170491078e-18,-57.591735427323,72,8.2718061255302767e-25,-80.000000000000,22.408264572677,4.887748395012
213,position_only,16,5.581675965880371e-24,-77.245575903517,72,1.2325951644078309e-32,-106.000000000000,28.754424096483,4.887748395012
213,rotor,4,2.0004808902740479e-06,-18.931221722015,94,7.4505805969238281e-09,-27.000000000000,8.068778277985,4.953734095059
213,rotor,8,2.0939500133820843e-12,-38.796910135877,94,5.5511151231257827e-17,-54.000000000000,15.203089864123,4.953734095059
213,rotor,12,2.26422137991276e-18,-58.615690686160,111,4.1359030627651384e-25,-81.000000000000,22.384309313840,4.953734095059
213,rotor,16,2.5518168808512331e-24,-78.374749472711,111,3.0814879110195774e-33,-108.000000000000,29.625250527289,4.953734095059
213,round_only,4,2.168118953704834e-06,-18.815124657092,101,1.4901161193847656e-08,-26.000000000000,7.184875342908,4.972566875512
213,round_only,8,2.1346951983858276e-12,-38.769107048741,101,1.1102230246251565e-16,-53.000000000000,14.230892951259,4.972566875512
213,round_only,12,2.1884494127550064e-18,-58.664796672321,101,8.2718061255302767e-25,-80.000000000000,21.335203327679,4.972566875512
213,round_only,16,2.3655152930654831e-24,-78.484119789388,101,6.1629758220391547e-33,-107.000000000000,28.515880210612,4.972566875512
214,static,4,2.2910535335540771e-06,-18.735557399773,83,1.4901161193847656e-08,-26.000000000000,7.264442600227,4.928499603496
214,static,8,3.1025459978906156e-12,-38.229684538950,94,5.5511151231257827e-17,-54.000000000000,15.770315461050,4.928499603496
214,static,12,3.6114346754474493e-18,-57.942133633194,94,8.2718061255302767e-25,-80.000000000000,22.057866366806,4.928499603496
214,static,16,3.6005197875522437e-24,-77.878069081633,94,6.1629758220391547e-33,-107.000000000000,29.121930918367,4.928499603496
214,position_only,4,2.0898878574371338e-06,-18.868143039391,36,1.4901161193847656e-08,-26.000000000000,7.131856960609,4.945032786871
214,position_only,8,2.500263884819276e-12,-38.541056769669,12,5.5511151231257827e-17,-54.000000000000,15.458943230331,4.945032786871
214,position_only,12,2.7684092631646036e-18,-58.325648470817,12,4.1359030627651384e-25,-81.000000000000,22.674351529183,4.945032786871
214,position_only,16,2.8663695975964913e-24,-78.207049630627,12,6.1629758220391547e-33,-107.000000000000,28.792950369373,4.945032786871
214,rotor,4,2.2612512111663818e-06,-18.754447293744,80,7.4505805969238281e-09,-27.000000000000,8.245552706256,4.977728659378
214,rotor,8,2.4023422140473372e-12,-38.598695460818,80,5.5511151231257827e-17,-54.000000000000,15.401304539182,4.977728659378
214,rotor,12,2.4561285227959812e-18,-58.498319652823,102,4.1359030627651384e-25,-81.000000000000,22.501680347177,4.977728659378
214,rotor,16,2.3543349544635833e-24,-78.490954688116,102,3.0814879110195774e-33,-108.000000000000,29.509045311884,4.977728659378
214,round_only,4,1.9595026969909668e-06,-18.961081010708,12,1.4901161193847656e-08,-26.000000000000,7.038918989292,4.970079967848
214,round_only,8,2.3416546479637645e-12,-38.635608818748,94,1.1102230246251565e-16,-53.000000000000,14.364391181252,4.970079967848
214,round_only,12,2.2873360632511535e-18,-58.601037360952,94,8.2718061255302767e-25,-80.000000000000,21.398962639048,4.970079967848
214,round_only,16,2.2231467892722323e-24,-78.573671067950,94,1.2325951644078309e-32,-106.000000000000,27.426328932050,4.970079967848
215,static,4,2.4884939193725586e-06,-18.616295707526,120,1.4901161193847656e-08,-26.000000000000,7.383704292474,5.006540671681
215,static,8,2.6046109713462329e-12,-38.482069233178,120,1.1102230246251565e-16,-53.000000000000,14.517930766822,5.006540671681
215,static,12,2.2483553836797452e-18,-58.625835616475,120,8.2718061255302767e-25,-80.000000000000,21.374164383525,5.006540671681
215,static,16,2.1004402425630007e-24,-78.655582535502,120,6.1629758220391547e-33,-107.000000000000,28.344417464498,5.006540671681
215,position_only,4,1.8365681171417236e-06,-19.054556163622,51,1.4901161193847656e-08,-26.000000000000,6.945443836378,5.015385065656
215,position_only,8,1.6766310562132958e-12,-39.117571880832,75,1.1102230246251565e-16,-53.000000000000,13.882428119168,5.015385065656
215,position_only,12,1.5324026461694261e-18,-59.178910285835,75,8.2718061255302767e-25,-80.000000000000,20.821089714165,5.015385065656
215,position_only,16,1.4015566321170477e-24,-79.239244237369,75,3.0814879110195774e-33,-108.000000000000,28.760755762631,5.015385065656
215,rotor,4,2.1457672119140625e-06,-18.830074998558,109,1.4901161193847656e-08,-26.000000000000,7.169925001442,4.991265602013
215,rotor,8,2.1835172558937188e-12,-38.736483206159,88,1.1102230246251565e-16,-53.000000000000,14.263516793841,4.991265602013
215,rotor,12,2.0461522720132881e-18,-58.761792195390,88,8.2718061255302767e-25,-80.000000000000,21.238207804610,4.991265602013
215,rotor,16,2.0294576691390302e-24,-78.705180028988,88,6.1629758220391547e-33,-107.000000000000,28.294819971012,4.991265602013
215,round_only,4,2.3730099201202393e-06,-18.684850437744,54,1.4901161193847656e-08,-26.000000000000,7.315149562256,4.992936662402
215,round_only,8,2.2007118349876009e-12,-38.725166890035,54,1.1102230246251565e-16,-53.000000000000,14.274833109965,4.992936662402
215,round_only,12,2.2423601336963257e-18,-58.629687707540,54,1.6543612251060553e-24,-79.000000000000,20.370312292460,4.992936662402
215,round_only,16,2.1491635572910781e-24,-78.622498997270,54,6.1629758220391547e-33,-107.000000000000,28.377501002730,4.992936662402
216,static,4,3.2335519790649414e-06,-18.238448767556,91,2.9802322387695312e-08,-25.000000000000,6.761551232444,4.949349056278
216,static,8,3.6513986279018695e-12,-37.994687960398,91,1.1102230246251565e-16,-53.000000000000,15.005312039602,4.949349056278
216,static,12,3.7641716110014111e-18,-57.882373305013,91,8.2718061255302767e-25,-80.000000000000,22.117626694987,4.949349056278
216,static,16,4.3642483687641804e-24,-77.600541069726,91,1.2325951644078309e-32,-106.000000000000,28.399458930274,4.949349056278
216,position_only,4,2.037733793258667e-06,-18.904602977207,125,1.4901161193847656e-08,-26.000000000000,7.095397022793,4.945046974770
216,position_only,8,2.4748397775553599e-12,-38.555802011278,67,2.2204460492503131e-16,-52.000000000000,13.444197988722,4.945046974770
216,position_only,12,2.6301061640105976e-18,-58.399584673018,67,3.3087224502121107e-24,-78.000000000000,19.600415326982,4.945046974770
216,position_only,16,2.8329514097063322e-24,-78.223968420225,67,4.9303806576313238e-32,-104.000000000000,25.776031579775,4.945046974770
216,rotor,4,2.3543834686279297e-06,-18.696219251823,56,1.4901161193847656e-08,-26.000000000000,7.303780748177,4.966362392193
216,rotor,8,2.5134477832366997e-12,-38.533469421228,56,1.1102230246251565e-16,-53.000000000000,14.466530578772,4.966362392193
216,rotor,12,2.6764954350395488e-18,-58.374360515940,56,8.2718061255302767e-25,-80.000000000000,21.625639484060,4.966362392193
216,rotor,16,2.6861133043798307e-24,-78.300754116158,56,1.2325951644078309e-32,-106.000000000000,27.699245883842,4.966362392193
216,round_only,4,2.1159648895263672e-06,-18.850252880495,3,1.4901161193847656e-08,-26.000000000000,7.149747119505,4.971762243672
216,round_only,8,2.1392471127867907e-12,-38.766033995182,85,1.1102230246251565e-16,-53.000000000000,14.233966004818,4.971762243672
216,round_only,12,2.2827857944002876e-18,-58.603910217597,85,8.2718061255302767e-25,-80.000000000000,21.396089782403,4.971762243672
216,round_only,16,2.2949831405368733e-24,-78.527790721981,85,6.1629758220391547e-33,-107.000000000000,28.472209278019,4.971762243672
217,static,4,2.3320317268371582e-06,-18.709981153067,0,2.9802322387695312e-08,-25.000000000000,6.290018846933,4.908670036043
217,static,8,3.2341074263086966e-12,-38.169769537503,9,2.2204460492503131e-16,-52.000000000000,13.830230462497,4.908670036043
217,static,12,3.9837028123323587e-18,-57.800595682847,9,1.6543612251060553e-24,-79.000000000000,21.199404317153,4.908670036043
217,static,16,4.3198104979554784e-24,-77.615306251865,9,1.2325951644078309e-32,-106.000000000000,28.384693748135,4.908670036043
217,position_only,4,3.0994415283203125e-06,-18.299560281859,82,2.9802322387695312e-08,-25.000000000000,6.700439718141,4.894923903799
217,position_only,8,4.4340919824747971e-12,-37.714498440323,82,4.4408920985006262e-16,-51.000000000000,13.285501559677,4.894923903799
217,position_only,12,5.8121614130466975e-18,-57.255630938490,82,6.6174449004242214e-24,-77.000000000000,19.744369061510,4.894923903799
217,position_only,16,6.3853813228151374e-24,-77.051501499795,82,2.4651903288156619e-32,-105.000000000000,27.948498500205,4.894923903799
217,rotor,4,1.9185245037078857e-06,-18.991571377929,9,1.4901161193847656e-08,-26.000000000000,7.008428622071,4.927371642706
217,rotor,8,2.4043406154916624e-12,-38.597495845981,9,1.1102230246251565e-16,-53.000000000000,14.402504154019,4.927371642706
217,rotor,12,2.8563540719154758e-18,-58.280530881920,9,1.6543612251060553e-24,-79.000000000000,20.719469118080,4.927371642706
217,rotor,16,3.0260294087718349e-24,-78.128848268697,9,1.2325951644078309e-32,-106.000000000000,27.871151731303,4.927371642706
217,round_only,4,2.2836029529571533e-06,-18.740256736309,94,1.4901161193847656e-08,-26.000000000000,7.259743263691,4.938305289082
217,round_only,8,2.6403323971635473e-12,-38.462417573628,94,1.1102230246251565e-16,-53.000000000000,14.537582426372,4.938305289082
217,round_only,12,2.9823711091300199e-18,-58.218245918497,94,8.2718061255302767e-25,-80.000000000000,21.781754081503,4.938305289082
217,round_only,16,3.3108993059096853e-24,-77.999051142452,94,1.2325951644078309e-32,-106.000000000000,28.000948857548,4.938305289082
218,static,4,2.5704503059387207e-06,-18.569547448334,99,7.4505805969238281e-09,-27.000000000000,8.430452551666,4.945936419905
218,static,8,2.9644897647784774e-12,-38.295353322973,99,1.1102230246251565e-16,-53.000000000000,14.704646677027,4.945936419905
218,static,12,3.2732127238885515e-18,-58.083998342765,99,8.2718061255302767e-25,-80.000000000000,21.916001657235,4.945936419905
218,static,16,3.4994371647169801e-24,-77.919151373801,99,6.1629758220391547e-33,-107.000000000000,29.080848626199,4.945936419905
218,position_only,4,2.0191073417663574e-06,-18.917850958646,87,1.4901161193847656e-08,-26.000000000000,7.082149041354,5.022140561075
218,position_only,8,1.9486912083976904e-12,-38.900631640873,31,1.1102230246251565e-16,-53.000000000000,14.099368359127,5.022140561075
218,position_only,12,1.7345999675715953e-18,-59.000102720295,31,4.1359030627651384e-25,-81.000000000000,21.999897279705,5.022140561075
218,position_only,16,1.460409404276579e-24,-79.179901413176,31,6.1629758220391547e-33,-107.000000000000,27.820098586824,5.022140561075
218,rotor,4,2.3283064365386963e-06,-18.712287620451,1,1.4901161193847656e-08,-26.000000000000,7.287712379549,4.979991219818
218,rotor,8,2.3823720773918922e-12,-38.610738388634,1,1.1102230246251565e-16,-53.000000000000,14.389261611366,4.979991219818
218,rotor,12,2.3595255628747282e-18,-58.556208906393,73,1.6543612251060553e-24,-79.000000000000,20.443791093607,4.979991219818
218,rotor,16,2.3992673045114258e-24,-78.463680378769,73,1.2325951644078309e-32,-106.000000000000,27.536319621231,4.979991219818
218,round_only,4,2.0973384380340576e-06,-18.863008887920,28,1.4901161193847656e-08,-26.000000000000,7.136991112080,4.990768614108
218,round_only,8,2.0021762026090073e-12,-38.861568193723,78,1.1102230246251565e-16,-53.000000000000,14.138431806277,4.990768614108
218,round_only,12,2.002997225480631e-18,-58.792545285218,90,8.2718061255302767e-25,-80.000000000000,21.207454714782,4.990768614108
218,round_only,16,1.9498226387727812e-24,-78.762931378860,78,6.1629758220391547e-33,-107.000000000000,28.237068621140,4.990768614108
219,static,4,2.5741755962371826e-06,-18.567458099612,127,1.4901161193847656e-08,-26.000000000000,7.432541900388,5.031073501449
219,static,8,2.50430232107135e-12,-38.538728402743,127,1.1102230246251565e-16,-53.000000000000,14.461271597257,5.031073501449
219,static,12,1.9700960132187577e-18,-58.816439766403,127,4.1359030627651384e-25,-81.000000000000,22.183560233597,5.031073501449
219,static,16,1.7864224411116233e-24,-78.889200997716,127,6.1629758220391547e-33,-107.000000000000,28.110799002284,5.031073501449
219,position_only,4,2.644956111907959e-06,-18.528324785608,3,1.4901161193847656e-08,-26.000000000000,7.471675214392,4.903432295445
219,position_only,8,3.4507535717764881e-12,-38.076225688193,3,2.2204460492503131e-16,-52.000000000000,13.923774311807,4.903432295445
219,position_only,12,4.2802366187773856e-18,-57.697015154500,3,1.6543612251060553e-24,-79.000000000000,21.302984845500,4.903432295445
219,position_only,16,5.130556693077281e-24,-77.367158902777,3,2.4651903288156619e-32,-105.000000000000,27.632841097223,4.903432295445
219,rotor,4,2.1122395992279053e-06,-18.852795075058,3,1.4901161193847656e-08,-26.000000000000,7.147204924942,4.986029914177
219,rotor,8,2.1697643681761747e-12,-38.745598761104,24,2.2204460492503131e-16,-52.000000000000,13.254401238896,4.986029914177
219,rotor,12,2.1291282068245543e-18,-58.704442882757,3,1.6543612251060553e-24,-79.000000000000,20.295557117243,4.986029914177
219,rotor,16,2.0648376992114706e-24,-78.680245890202,3,1.2325951644078309e-32,-106.000000000000,27.319754109798,4.986029914177
219,round_only,4,2.3245811462402344e-06,-18.714597781138,93,7.4505805969238281e-09,-27.000000000000,8.285402218862,4.974677786478
219,round_only,8,2.7349650322250341e-12,-38.411614751027,93,5.5511151231257827e-17,-54.000000000000,15.588385248973,4.974677786478
219,round_only,12,2.6646171731420756e-18,-58.380777432805,93,4.1359030627651384e-25,-81.000000000000,22.619222567195,4.974677786478
219,round_only,16,2.5298062606741253e-24,-78.387247373589,93,3.0814879110195774e-33,-108.000000000000,29.612752626411,4.974677786478
220,static,4,2.4475157260894775e-06,-18.640250439678,100,1.4901161193847656e-08,-26.000000000000,7.359749560322,4.939327188548
220,static,8,2.8742702662398756e-12,-38.339941414559,100,1.1102230246251565e-16,-53.000000000000,14.660058585441,4.939327188548
220,static,12,3.1353973511032221e-18,-58.146057419606,100,8.2718061255302767e-25,-80.000000000000,21.853942580394,4.939327188548
220,static,16,3.5562744313526317e-24,-77.895907618631,100,1.2325951644078309e-32,-106.000000000000,28.104092381369,4.939327188548
220,position_only,4,2.6151537895202637e-06,-18.544672779695,81,7.4505805969238281e-09,-27.000000000000,8.455327220305,4.879434909996
220,position_only,8,3.5216551896866122e-12,-38.046883478906,92,2.7755575615628914e-17,-55.000000000000,16.953116521094,4.879434909996
220,position_only,12,4.9844632956229413e-18,-57.477267537838,93,2.0679515313825692e-25,-82.000000000000,24.522732462162,4.879434909996
220,position_only,16,6.0597742579530813e-24,-77.127010226667,93,1.5407439555097887e-33,-109.000000000000,31.872989773333,4.879434909996
220,rotor,4,2.1085143089294434e-06,-18.855341757168,32,1.4901161193847656e-08,-26.000000000000,7.144658242832,4.989457132650
220,rotor,8,2.021494083237485e-12,-38.847715157693,88,2.2204460492503131e-16,-52.000000000000,13.152284842307,4.989457132650
220,rotor,12,1.9810398712167757e-18,-58.808447791184,88,8.2718061255302767e-25,-80.000000000000,21.191552208816,4.989457132650
220,rotor,16,1.9978038782488117e-24,-78.727859314670,88,1.2325951644078309e-32,-106.000000000000,27.272140685330,4.989457132650
220,round_only,4,1.9818544387817383e-06,-18.944717564499,92,1.4901161193847656e-08,-26.000000000000,7.055282435501,4.961158953344
220,round_only,8,2.296371426346866e-12,-38.663781129209,92,1.1102230246251565e-16,-53.000000000000,14.336218870791,4.961158953344
220,round_only,12,2.3623735457237482e-18,-58.554468601851,92,8.2718061255302767e-25,-80.000000000000,21.445531398149,4.961158953344
220,round_only,16,2.3999424748831347e-24,-78.463274451544,92,1.2325951644078309e-32,-106.000000000000,27.536725548456,4.961158953344
221,static,4,2.7008354663848877e-06,-18.498162815098,37,1.4901161193847656e-08,-26.000000000000,7.501837184902,5.015725567182
221,static,8,2.5441176942919697e-12,-38.515971725477,37,1.1102230246251565e-16,-53.000000000000,14.484028274523,5.015725567182
221,static,12,2.2152695550449078e-18,-58.647223450698,37,8.2718061255302767e-25,-80.000000000000,21.352776549302,5.015725567182
221,static,16,2.0880956627467213e-24,-78.664086469120,37,6.1629758220391547e-33,-107.000000000000,28.335913530880,5.015725567182
221,position_only,4,2.0153820514678955e-06,-18.920515216173,35,1.4901161193847656e-08,-26.000000000000,7.079484783827,5.038854804164
221,position_only,8,1.6725232310221827e-12,-39.121110888889,35,5.5511151231257827e-17,-54.000000000000,14.878889111111,5.038854804164
221,position_only,12,1.4741869671276511e-18,-59.234786198843,35,4.1359030627651384e-25,-81.000000000000,21.765213801157,5.038854804164
221,position_only,16,1.2531740282346098e-24,-79.400687501713,35,3.0814879110195774e-33,-108.000000000000,28.599312498287,5.038854804164
221,rotor,4,2.1569430828094482e-06,-18.822580462011,41,7.4505805969238281e-09,-27.000000000000,8.177419537989,4.996127990861
221,rotor,8,2.130698395497177e-12,-38.771810747365,119,1.1102230246251565e-16,-53.000000000000,14.228189252635,4.996127990861
221,rotor,12,1.9942238377111639e-18,-58.798878356696,119,8.2718061255302767e-25,-80.000000000000,21.201121643304,4.996127990861
221,rotor,16,1.9511749483943812e-24,-78.761931137041,119,6.1629758220391547e-33,-107.000000000000,28.238068862959,4.996127990861
221,round_only,4,2.9578804969787598e-06,-18.367004802857,37,1.4901161193847656e-08,-26.000000000000,7.632995197143,4.997456726799
221,round_only,8,2.6104812755889384e-12,-38.478821328061,37,1.1102230246251565e-16,-53.000000000000,14.521178671939,4.997456726799
221,round_only,12,2.5986205679695323e-18,-58.416959710819,37,8.2718061255302767e-25,-80.000000000000,21.583040289181,4.997456726799
221,round_only,16,2.5892948258343155e-24,-78.353715032587,37,6.1629758220391547e-33,-107.000000000000,28.646284967413,4.997456726799
222,static,4,2.212822437286377e-06,-18.785680879199,115,7.4505805969238281e-09,-27.000000000000,8.214319120801,5.004933138166
222,static,8,2.3102769697302961e-12,-38.655071317785,9,1.1102230246251565e-16,-53.000000000000,14.344928682215,5.004933138166
222,static,12,2.0610917225626669e-18,-58.751296998951,9,8.2718061255302767e-25,-80.000000000000,21.248703001049,5.004933138166
222,static,16,1.8750037091960885e-24,-78.819380827697,9,6.1629758220391547e-33,-107.000000000000,28.180619172303,5.004933138166
222,position_only,4,1.9967555999755859e-06,-18.933910809542,23,1.4901161193847656e-08,-26.000000000000,7.066089190458,4.997744446919
222,position_only,8,2.1587592824445778e-12,-38.752934757439,23,1.1102230246251565e-16,-53.000000000000,14.247065242561,4.997744446919
222,position_only,12,1.9446990351727538e-18,-58.835158809348,23,8.2718061255302767e-25,-80.000000000000,21.164841190652,4.997744446919
222,position_only,16,1.802307936153075e-24,-78.876428751158,23,6.1629758220391547e-33,-107.000000000000,28.123571248842,4.997744446919
222,rotor,4,1.9818544387817383e-06,-18.944717564499,23,1.4901161193847656e-08,-26.000000000000,7.055282435501,4.995236089570
222,rotor,8,1.9770574066768631e-12,-38.879782376268,23,1.1102230246251565e-16,-53.000000000000,14.120217623732,4.995236089570
222,rotor,12,1.9023463021354848e-18,-58.866925810409,31,8.2718061255302767e-25,-80.000000000000,21.133074189591,4.995236089570
222,rotor,16,1.7910306129191867e-24,-78.885484280716,31,1.2325951644078309e-32,-106.000000000000,27.114515719284,4.995236089570
222,round_only,4,2.1643936634063721e-06,-18.817605646595,115,1.4901161193847656e-08,-26.000000000000,7.182394353405,4.992751936680
222,round_only,8,2.0204810047275146e-12,-38.848438350361,123,1.1102230246251565e-16,-53.000000000000,14.151561649639,4.992751936680
222,round_only,12,2.0452412876649258e-18,-58.762434652589,123,8.2718061255302767e-25,-80.000000000000,21.237565347411,4.992751936680
222,round_only,16,1.967879081914296e-24,-78.749632701580,123,6.1629758220391547e-33,-107.000000000000,28.250367298420,4.992751936680
223,static,4,2.6188790798187256e-06,-18.542619120927,9,1.4901161193847656e-08,-26.000000000000,7.457380879073,4.978778419051
223,static,8,3.4288960559791803e-12,-38.085392967765,9,2.2204460492503131e-16,-52.000000000000,13.914607032235,4.978778419051
223,static,12,3.111124925099984e-18,-58.157269381501,9,3.3087224502121107e-24,-78.000000000000,19.842730618499,4.978778419051
223,static,16,2.8099965781072713e-24,-78.235705903701,9,2.4651903288156619e-32,-105.000000000000,26.764294096299,4.978778419051
223,position_only,4,2.4996697902679443e-06,-18.609831043800,109,1.4901161193847656e-08,-26.000000000000,7.390168956200,5.003761412752
223,position_only,8,2.4307361679021255e-12,-38.581743826900,43,2.2204460492503131e-16,-52.000000000000,13.418256173100,5.003761412752
223,position_only,12,2.2079695310427624e-18,-58.651985444243,43,1.6543612251060553e-24,-79.000000000000,20.348014555757,5.003761412752
223,position_only,16,2.1283050334141207e-24,-78.636569341375,43,1.2325951644078309e-32,-106.000000000000,27.363430658625,5.003761412752
223,rotor,4,2.1755695343017578e-06,-18.810175441120,94,1.4901161193847656e-08,-26.000000000000,7.189824558880,4.981403068590
223,rotor,8,2.2682550282482339e-12,-38.681554281744,94,2.2204460492503131e-16,-52.000000000000,13.318445718256,4.981403068590
223,rotor,12,2.2722197511470532e-18,-58.610603340313,94,1.6543612251060553e-24,-79.000000000000,20.389396659687,4.981403068590
223,rotor,16,2.2044329671146488e-24,-78.585866669466,94,1.2325951644078309e-32,-106.000000000000,27.414133330534,4.981403068590
223,round_only,4,2.1085143089294434e-06,-18.855341757168,109,1.4901161193847656e-08,-26.000000000000,7.144658242832,4.982832772717
223,round_only,8,2.0095730635105724e-12,-38.856248107184,109,1.1102230246251565e-16,-53.000000000000,14.143751892816,4.982832772717
223,round_only,12,2.1468928410573197e-18,-58.692455524942,123,8.2718061255302767e-25,-80.000000000000,21.307544475058,4.982832772717
223,round_only,16,2.0636972750097482e-24,-78.681042920815,123,1.2325951644078309e-32,-106.000000000000,27.318957079185,4.982832772717
224,static,4,3.0212104320526123e-06,-18.336441895783,44,2.9802322387695312e-08,-25.000000000000,6.663558104217,4.912033041235
224,static,8,4.0187436711747182e-12,-37.856392578201,44,2.2204460492503131e-16,-52.000000000000,14.143607421799,4.912033041235
224,static,12,4.753903812172707e-18,-57.545592995080,44,1.6543612251060553e-24,-79.000000000000,21.454407004920,4.912033041235
224,static,16,5.4988323577971883e-24,-77.267148973288,44,2.4651903288156619e-32,-105.000000000000,27.732851026712,4.912033041235
224,position_only,4,3.3751130104064941e-06,-18.176632759954,44,2.9802322387695312e-08,-25.000000000000,6.823367240046,4.863703190367
224,position_only,8,4.9233395138514879e-12,-37.563499907290,44,2.2204460492503131e-16,-52.000000000000,14.436500092710,4.863703190367
224,position_only,12,6.7849860424974095e-18,-57.032359860116,44,3.3087224502121107e-24,-78.000000000000,20.967640139884,4.863703190367
224,position_only,16,9.1253862814327345e-24,-76.536388647237,44,2.4651903288156619e-32,-105.000000000000,28.463611352763,4.863703190367
224,rotor,4,2.4102628231048584e-06,-18.662378098007,96,7.4505805969238281e-09,-27.000000000000,8.337621901993,4.920708681540
224,rotor,8,2.986430547302632e-12,-38.284714967924,96,1.1102230246251565e-16,-53.000000000000,14.715285032076,4.920708681540
224,rotor,12,3.5364567499789584e-18,-57.972401090377,96,8.2718061255302767e-25,-80.000000000000,22.027598909623,4.920708681540
224,rotor,16,4.0474384261092104e-24,-77.709265144396,96,6.1629758220391547e-33,-107.000000000000,29.290734855604,4.920708681540
224,round_only,4,2.1643936634063721e-06,-18.817605646595,57,1.4901161193847656e-08,-26.000000000000,7.182394353405,4.954151880614
224,round_only,8,2.2368079610757263e-12,-38.701695738083,57,1.1102230246251565e-16,-53.000000000000,14.298304261917,4.954151880614
224,round_only,12,2.4742151887809712e-18,-58.487734727348,57,8.2718061255302767e-25,-80.000000000000,21.512265272652,4.954151880614
224,round_only,16,2.7295375651921495e-24,-78.277617725021,57,1.2325951644078309e-32,-106.000000000000,27.722382274979,4.954151880614
225,static,4,2.1867454051971436e-06,-18.802783306890,110,7.4505805969238281e-09,-27.000000000000,8.197216693110,4.985037326007
225,static,8,2.0922569232695309e-12,-38.798077117289,119,5.5511151231257827e-17,-54.000000000000,15.201922882711,4.985037326007
225,static,12,2.0730553391595979e-18,-58.742947079000,119,4.1359030627651384e-25,-81.000000000000,22.257052921000,4.985037326007
225,static,16,2.150417242158749e-24,-78.621657666416,119,3.0814879110195774e-33,-108.000000000000,29.378342333584,4.985037326007
225,position_only,4,2.2165477275848389e-06,-18.783254141805,108,2.9802322387695312e-08,-25.000000000000,6.216745858195,4.922643027274
225,position_only,8,2.9715951921360784e-12,-38.291899541640,9,2.2204460492503131e-16,-52.000000000000,13.708100458360,4.922643027274
225,position_only,12,3.1610958881812898e-18,-58.134280909584,108,1.6543612251060553e-24,-79.000000000000,20.865719090416,4.922643027274
225,position_only,16,3.7892357330570432e-24,-77.804367382809,121,1.2325951644078309e-32,-106.000000000000,28.195632617191,4.922643027274
225,rotor,4,2.2016465663909912e-06,-18.792985679822,115,1.4901161193847656e-08,-26.000000000000,7.207014320178,4.953624956568
225,rotor,8,2.431527201807171e-12,-38.581274407367,100,1.1102230246251565e-16,-53.000000000000,14.418725592633,4.953624956568
225,rotor,12,2.5734782581546182e-18,-58.430986113882,100,4.1359030627651384e-25,-81.000000000000,22.569013886118,4.953624956568
225,rotor,16,2.8314212641433064e-24,-78.224747865221,100,6.1629758220391547e-33,-107.000000000000,28.775252134779,4.953624956568
225,round_only,4,2.2277235984802246e-06,-18.775998325802,119,7.4505805969238281e-09,-27.000000000000,8.224001674198,4.967602963594
225,round_only,8,2.3521184999708566e-12,-38.629176393519,76,1.1102230246251565e-16,-53.000000000000,14.370823606481,4.967602963594
225,round_only,12,2.3344040359727044e-18,-58.571651425313,119,1.6543612251060553e-24,-79.000000000000,20.428348574687,4.967602963594
225,round_only,16,2.57230452454694e-24,-78.363212829791,119,6.1629758220391547e-33,-107.000000000000,28.636787170209,4.967602963594
226,static,4,1.8365681171417236e-06,-19.054556163622,81,1.4901161193847656e-08,-26.000000000000,6.945443836378,5.018726852811
226,static,8,1.7484069747553121e-12,-39.057096100193,81,5.5511151231257827e-17,-54.000000000000,14.942903899807,5.018726852811
226,static,12,1.5827088758927573e-18,-59.132309798000,81,4.1359030627651384e-25,-81.000000000000,21.867690202000,5.018726852811
226,static,16,1.3632951874399305e-24,-79.279176301839,81,6.1629758220391547e-33,-107.000000000000,27.720823698161,5.018726852811
226,position_only,4,1.8775463104248047e-06,-19.022720076500,40,3.7252902984619141e-09,-28.000000000000,8.977279923500,5.001440149551
226,position_only,8,2.0220630725376054e-12,-38.847309139915,40,1.3877787807814457e-17,-56.000000000000,17.152690860085,5.001440149551
226,position_only,12,1.7466987248011021e-18,-58.990074918102,40,5.169878828456423e-26,-84.000000000000,25.009925081898,5.001440149551
226,position_only,16,1.6608718934905936e-24,-78.994333477779,40,1.9259299443872359e-34,-112.000000000000,33.005666522221,5.001440149551
226,rotor,4,2.1904706954956055e-06,-18.800327655164,50,1.4901161193847656e-08,-26.000000000000,7.199672344836,4.994007964926
226,rotor,8,2.2574858649093699e-12,-38.688420184249,123,5.5511151231257827e-17,-54.000000000000,15.311579815751,4.994007964926
226,rotor,12,2.201330786241565e-18,-58.656329757739,123,4.1359030627651384e-25,-81.000000000000,22.343670242261,4.994007964926
226,rotor,16,1.9932789383926899e-24,-78.731130663017,123,3.0814879110195774e-33,-108.000000000000,29.268869336983,4.994007964926
226,round_only,4,1.9669532775878906e-06,-18.955605880642,56,7.4505805969238281e-09,-27.000000000000,8.044394119358,5.006649551402
226,round_only,8,2.0794477251229182e-12,-38.806936720870,32,5.5511151231257827e-17,-54.000000000000,15.193063279130,5.006649551402
226,round_only,12,1.8797137616966332e-18,-58.884192719485,32,4.1359030627651384e-25,-81.000000000000,22.115807280515,5.006649551402
226,round_only,16,1.6332659297128508e-24,-79.018514566469,32,3.0814879110195774e-33,-108.000000000000,28.981485433531,5.006649551402
227,static,4,2.0973384380340576e-06,-18.863008887920,21,1.4901161193847656e-08,-26.000000000000,7.136991112080,4.959056185160
227,static,8,2.5019153415684059e-12,-38.540104165438,84,1.1102230246251565e-16,-53.000000000000,14.459895834562,4.959056185160
227,static,12,2.5167349089043993e-18,-58.463152444493,84,8.2718061255302767e-25,-80.000000000000,21.536847555507,4.959056185160
227,static,16,2.6090640238976491e-24,-78.342741930372,84,6.1629758220391547e-33,-107.000000000000,28.657258069628,4.959056185160
227,position_only,4,2.2500753402709961e-06,-18.761595260675,92,1.4901161193847656e-08,-26.000000000000,7.238404739325,4.958002319900
227,position_only,8,2.7661206658535775e-12,-38.395273046429,83,1.1102230246251565e-16,-53.000000000000,14.604726953571,4.958002319900
227,position_only,12,2.8512002714101759e-18,-58.283136328668,83,8.2718061255302767e-25,-80.000000000000,21.716863671332,4.958002319900
227,position_only,16,2.8035779422110555e-24,-78.239005098601,83,6.1629758220391547e-33,-107.000000000000,28.760994901399,4.958002319900
227,rotor,4,2.2910535335540771e-06,-18.735557399773,114,7.4505805969238281e-09,-27.000000000000,8.264442600227,4.964867623158
227,rotor,8,2.4889951211193306e-12,-38.547573736270,79,5.5511151231257827e-17,-54.000000000000,15.452426263730,4.964867623158
227,rotor,12,2.6209708330243502e-18,-58.404604408974,79,4.1359030627651384e-25,-81.000000000000,22.595395591026,4.964867623158
227,rotor,16,2.6601214715403496e-24,-78.314782150973,79,3.0814879110195774e-33,-108.000000000000,29.685217849027,4.964867623158
227,round_only,4,2.3171305656433105e-06,-18.719229229869,84,1.4901161193847656e-08,-26.000000000000,7.280770770131,4.968666408872
227,round_only,8,2.4965168821111661e-12,-38.543220476060,84,5.5511151231257827e-17,-54.000000000000,15.456779523940,4.968666408872
227,round_only,12,2.5875408455559025e-18,-58.423124071557,84,4.1359030627651384e-25,-81.000000000000,22.576875928443,4.968666408872
227,round_only,16,2.611346908779417e-24,-78.341480149661,84,6.1629758220391547e-33,-107.000000000000,28.658519850339,4.968666408872
228,static,4,2.5741755962371826e-06,-18.567458099612,44,7.4505805969238281e-09,-27.000000000000,8.432541900388,4.937822781930
228,static,8,2.9806851431501968e-12,-38.287493150574,44,5.5511151231257827e-17,-54.000000000000,15.712506849426,4.937822781930
228,static,12,3.2957016967923369e-18,-58.074120041918,31,4.1359030627651384e-25,-81.000000000000,22.925879958082,4.937822781930
228,static,16,3.775640443164485e-24,-77.809552894896,31,3.0814879110195774e-33,-108.000000000000,30.190447105104,4.937822781930
228,position_only,4,3.1553208827972412e-06,-18.273781840668,68,1.4901161193847656e-08,-26.000000000000,7.726218159332,4.963363998931
228,position_only,8,3.195263498234624e-12,-38.187202230349,21,1.1102230246251565e-16,-53.000000000000,14.812797769651,4.963363998931
228,position_only,12,3.4906822809402872e-18,-57.991196658034,21,8.2718061255302767e-25,-80.000000000000,22.008803341966,4.963363998931
228,position_only,16,3.6696367486539763e-24,-77.850637017185,21,1.2325951644078309e-32,-106.000000000000,28.149362982815,4.963363998931
228,rotor,4,2.0973384380340576e-06,-18.863008887920,68,1.4901161193847656e-08,-26.000000000000,7.136991112080,4.981613509588
228,rotor,8,2.0825424718040608e-12,-38.804791220135,37,1.1102230246251565e-16,-53.000000000000,14.195208779865,4.981613509588
228,rotor,12,2.0495508469575388e-18,-58.759397925981,37,8.2718061255302767e-25,-80.000000000000,21.240602074019,4.981613509588
228,rotor,16,2.1335966973440896e-24,-78.632986780483,37,6.1629758220391547e-33,-107.000000000000,28.367013219517,4.981613509588
228,round_only,4,2.1420419216156006e-06,-18.832581854168,26,1.4901161193847656e-08,-26.000000000000,7.167418145832,4.968720793817
228,round_only,8,2.4285434774284909e-12,-38.583045823953,26,1.1102230246251565e-16,-53.000000000000,14.416954176047,4.968720793817
228,round_only,12,2.4579314663386171e-18,-58.497261017873,26,8.2718061255302767e-25,-80.000000000000,21.502738982127,4.968720793817
228,round_only,16,2.4320174329484167e-24,-78.444120707093,79,6.1629758220391547e-33,-107.000000000000,28.555879292907,4.968720793817
229,static,4,2.1979212760925293e-06,-18.795428855751,100,1.4901161193847656e-08,-26.000000000000,7.204571144249,4.996491198238
229,static,8,2.025157819218748e-12,-38.845102797993,100,1.1102230246251565e-16,-53.000000000000,14.154897202007,4.996491198238
229,static,12,2.0275794306232701e-18,-58.774947274703,80,1.6543612251060553e-24,-79.000000000000,20.225052725297,4.996491198238
229,static,16,1.9375644103366744e-24,-78.772030006689,80,1.2325951644078309e-32,-106.000000000000,27.227969993311,4.996491198238
229,position_only,4,2.168118953704834e-06,-18.815124657092,63,7.4505805969238281e-09,-27.000000000000,8.184875342908,5.030247554875
229,position_only,8,1.9763080061352412e-12,-38.880329331252,100,2.7755575615628914e-17,-55.000000000000,16.119670668748,5.030247554875
229,position_only,12,1.7648631457636721e-18,-58.975149392228,100,2.0679515313825692e-25,-82.000000000000,23.024850607772,5.030247554875
229,position_only,16,1.4534239406198968e-24,-79.186818701771,100,1.5407439555097887e-33,-109.000000000000,29.813181298229,5.030247554875
229,rotor,4,1.9595026969909668e-06,-18.961081010708,77,7.4505805969238281e-09,-27.000000000000,8.038918989292,4.996768558306
229,rotor,8,1.8411799862505518e-12,-38.982506473080,104,1.1102230246251565e-16,-53.000000000000,14.017493526920,4.996768558306
229,rotor,12,1.7779317205626091e-18,-58.964505787797,104,4.1359030627651384e-25,-81.000000000000,22.035494212203,4.996768558306
229,rotor,16,1.7438535992248806e-24,-78.923995349876,104,3.0814879110195774e-33,-108.000000000000,29.076004650124,4.996768558306
229,round_only,4,2.0489096641540527e-06,-18.896712191588,94,1.4901161193847656e-08,-26.000000000000,7.103287808412,4.976532651390
229,round_only,8,2.144159849670757e-12,-38.762724674210,94,1.1102230246251565e-16,-53.000000000000,14.237275325790,4.976532651390
229,round_only,12,2.1969955843499628e-18,-58.659173737821,94,8.2718061255302767e-25,-80.000000000000,21.340826262179,4.976532651390
229,round_only,16,2.1553812626495329e-24,-78.618331188919,94,1.2325951644078309e-32,-106.000000000000,27.381668811081,4.976532651390
230,static,4,2.037733793258667e-06,-18.904602977207,20,1.4901161193847656e-08,-26.000000000000,7.095397022793,4.960298399001
230,static,8,2.3872986920636663e-12,-38.607758055010,20,1.1102230246251565e-16,-53.000000000000,14.392241944990,4.960298399001
230,static,12,2.4382741911655421e-18,-58.508845337555,20,8.2718061255302767e-25,-80.000000000000,21.491154662445,4.960298399001
230,static,16,2.4932975672837609e-24,-78.408219203041,20,1.2325951644078309e-32,-106.000000000000,27.591780796959,4.960298399001
230,position_only,4,2.6635825634002686e-06,-18.518200568334,114,1.4901161193847656e-08,-26.000000000000,7.481799431666,4.953172011051
230,position_only,8,2.9953400870752489e-12,-38.280417324588,114,1.1102230246251565e-16,-53.000000000000,14.719582675412,4.953172011051
230,position_only,12,3.1797346455263706e-18,-58.125799332889,114,8.2718061255302767e-25,-80.000000000000,21.874200667111,4.953172011051
230,position_only,16,3.4364228360076761e-24,-77.945366712916,114,1.2325951644078309e-32,-106.000000000000,28.054633287084,4.953172011051
230,rotor,4,2.4661421775817871e-06,-18.629312593193,90,1.4901161193847656e-08,-26.000000000000,7.370687406807,4.989972680667
230,rotor,8,2.4246299412666872e-12,-38.585372565633,90,1.1102230246251565e-16,-53.000000000000,14.414627434367,4.989972680667
230,rotor,12,2.2792058084079463e-18,-58.606174504579,90,8.2718061255302767e-25,-80.000000000000,21.393825495421,4.989972680667
230,rotor,16,2.3580482762410752e-24,-78.488681022431,90,6.1629758220391547e-33,-107.000000000000,28.511318977569,4.989972680667
230,round_only,4,2.1159648895263672e-06,-18.850252880495,88,7.4505805969238281e-09,-27.000000000000,8.149747119505,4.982413040879
230,round_only,8,2.0972251713047285e-12,-38.794655372071,60,5.5511151231257827e-17,-54.000000000000,15.205344627929,4.982413040879
230,round_only,12,2.1157434939352572e-18,-58.713540977713,60,4.1359030627651384e-25,-81.000000000000,22.286459022287,4.982413040879
230,round_only,16,2.1191358163417681e-24,-78.642798223667,60,3.0814879110195774e-33,-108.000000000000,29.357201776333,4.982413040879
231,static,4,2.1532177925109863e-06,-18.825074317499,9,1.4901161193847656e-08,-26.000000000000,7.174925682501,4.934584561705
231,static,8,2.6829510835213455e-12,-38.439316387518,9,1.1102230246251565e-16,-53.000000000000,14.560683612482,4.934584561705
231,static,12,2.9641635713780207e-18,-58.227080645921,9,8.2718061255302767e-25,-80.000000000000,21.772919354079,4.934584561705
231,static,16,3.25500679823787e-24,-78.023613720765,9,1.2325951644078309e-32,-106.000000000000,27.976386279235,4.934584561705
231,position_only,4,2.9392540454864502e-06,-18.376118509987,125,1.4901161193847656e-08,-26.000000000000,7.623881490013,4.990849387366
231,position_only,8,2.8010094244024231e-12,-38.377190301071,108,1.1102230246251565e-16,-53.000000000000,14.622809698929,4.990849387366
231,position_only,12,2.7331178608239701e-18,-58.344158033124,108,8.2718061255302767e-25,-80.000000000000,21.655841966876,4.990849387366
231,position_only,16,2.7532835206641161e-24,-78.265121097514,108,6.1629758220391547e-33,-107.000000000000,28.734878902486,4.990849387366
231,rotor,4,2.0228326320648193e-06,-18.915191612196,112,1.4901161193847656e-08,-26.000000000000,7.084808387804,4.969664126647
231,rotor,8,2.0959484148264096e-12,-38.795533928734,82,1.1102230246251565e-16,-53.000000000000,14.204466071266,4.969664126647
231,rotor,12,2.1977006524245877e-18,-58.658710816987,82,8.2718061255302767e-25,-80.000000000000,21.341289183013,4.969664126647
231,rotor,16,2.2500440915269052e-24,-78.556321004742,82,6.1629758220391547e-33,-107.000000000000,28.443678995258,4.969664126647
231,round_only,4,2.4959444999694824e-06,-18.611982714655,120,1.4901161193847656e-08,-26.000000000000,7.388017285345,4.992653324881
231,round_only,8,2.2502277818858829e-12,-38.693066091355,120,1.1102230246251565e-16,-53.000000000000,14.306933908645,4.992653324881
231,round_only,12,2.1751479866136357e-18,-58.673592149636,120,8.2718061255302767e-25,-80.000000000000,21.326407850364,4.992653324881
231,round_only,16,2.3065809371653567e-24,-78.520518360311,120,1.2325951644078309e-32,-106.000000000000,27.479481639689,4.992653324881
232,static,4,3.3937394618988037e-06,-18.168692756198,89,1.4901161193847656e-08,-26.000000000000,7.831307243802,4.927584044605
232,static,8,3.9340614099714344e-12,-37.887117660653,89,1.1102230246251565e-16,-53.000000000000,15.112882339347,4.927584044605
232,static,12,4.6449445316587134e-18,-57.579044339433,89,1.6543612251060553e-24,-79.000000000000,21.420955660567,4.927584044605
232,static,16,5.353329618723601e-24,-77.305837791343,89,2.4651903288156619e-32,-105.000000000000,27.694162208657,4.927584044605
232,position_only,4,2.3320317268371582e-06,-18.709981153067,70,3.7252902984619141e-09,-28.000000000000,9.290018846933,5.023100004075
232,position_only,8,2.1584817266884215e-12,-38.753120259390,70,1.3877787807814457e-17,-56.000000000000,17.246879740610,5.023100004075
232,position_only,12,1.8778941194453814e-18,-58.885589985586,70,5.169878828456423e-26,-84.000000000000,25.114410014414,5.023100004075
232,position_only,16,1.6846508811648154e-24,-78.973824632001,70,1.9259299443872359e-34,-112.000000000000,33.026175367999,5.023100004075
232,rotor,4,1.7173588275909424e-06,-19.151377059571,84,7.4505805969238281e-09,-27.000000000000,7.848622940429,5.027803098885
232,rotor,8,1.4167833572997779e-12,-39.360517968426,84,1.1102230246251565e-16,-53.000000000000,13.639482031574,5.027803098885
232,rotor,12,1.2964573380520708e-18,-59.420130975128,88,8.2718061255302767e-25,-80.000000000000,20.579869024872,5.027803098885
232,rotor,16,1.1680161601375282e-24,-79.502214042472,62,6.1629758220391547e-33,-107.000000000000,27.497785957528,5.027803098885
232,round_only,4,1.8700957298278809e-06,-19.028456446049,122,7.4505805969238281e-09,-27.000000000000,7.971543553951,5.016820890507
232,round_only,8,1.5933365737907934e-12,-39.191086087071,25,1.1102230246251565e-16,-53.000000000000,13.808913912929,5.016820890507
232,round_only,12,1.5392841167816196e-18,-59.172446163089,25,4.1359030627651384e-25,-81.000000000000,21.827553836911,5.016820890507
232,round_only,16,1.3825445631445784e-24,-79.258948294130,25,3.0814879110195774e-33,-108.000000000000,28.741051705870,5.016820890507
233,static,4,2.4065375328063965e-06,-18.664609645306,67,1.4901161193847656e-08,-26.000000000000,7.335390354694,4.981145597089
233,static,8,2.4471258353031544e-12,-38.572048849532,67,2.2204460492503131e-16,-52.000000000000,13.427951150468,4.981145597089
233,static,12,2.3542273676537495e-18,-58.559452047602,67,1.6543612251060553e-24,-79.000000000000,20.440547952398,4.981145597089
233,static,16,2.4774530835723241e-24,-78.417416540466,75,6.1629758220391547e-33,-107.000000000000,28.582583459534,4.981145597089
233,position_only,4,2.2500753402709961e-06,-18.761595260675,31,1.4901161193847656e-08,-26.000000000000,7.238404739325,4.916250562189
233,position_only,8,2.7643720645897929e-12,-38.396185333482,114,1.1102230246251565e-16,-53.000000000000,14.603814666518,4.916250562189
233,position_only,12,3.3264960800340376e-18,-58.060702374333,114,8.2718061255302767e-25,-80.000000000000,21.939297625667,4.916250562189
233,position_only,16,3.9163522573973421e-24,-77.756763742911,114,6.1629758220391547e-33,-107.000000000000,29.243236257089,4.916250562189
233,rotor,4,2.0936131477355957e-06,-18.865573679779,83,1.4901161193847656e-08,-26.000000000000,7.134426320221,4.973828224686
233,rotor,8,2.4309027013558193e-12,-38.581644989042,83,2.2204460492503131e-16,-52.000000000000,13.418355010958,4.973828224686
233,rotor,12,2.3818011748792632e-18,-58.542652721298,83,1.6543612251060553e-24,-79.000000000000,20.457347278702,4.973828224686
233,rotor,16,2.2920844168294142e-24,-78.529614098168,83,1.2325951644078309e-32,-106.000000000000,27.470385901832,4.973828224686
233,round_only,4,1.9893050193786621e-06,-18.939304068312,50,1.4901161193847656e-08,-26.000000000000,7.060695931688,4.981319168429
233,round_only,8,1.9099444248382724e-12,-38.929606479014,115,5.5511151231257827e-17,-54.000000000000,15.070393520986,4.981319168429
233,round_only,12,1.9213173792916588e-18,-58.852609852837,93,8.2718061255302767e-25,-80.000000000000,21.147390147163,4.981319168429
233,round_only,16,2.0144450067039328e-24,-78.715891856093,93,6.1629758220391547e-33,-107.000000000000,28.284108143907,4.981319168429
234,static,4,2.4996697902679443e-06,-18.609831043800,32,1.4901161193847656e-08,-26.000000000000,7.390168956200,4.942806968098
234,static,8,2.887551309171954e-12,-38.333290556507,32,1.1102230246251565e-16,-53.000000000000,14.666709443493,4.942806968098
234,static,12,3.1026649870838862e-18,-58.161197778932,32,4.1359030627651384e-25,-81.000000000000,22.838802221068,4.942806968098
234,static,16,3.5348591559880839e-24,-77.904621544300,32,6.1629758220391547e-33,-107.000000000000,29.095378455700,4.942806968098
234,position_only,4,2.5928020477294922e-06,-18.557056504151,102,3.7252902984619141e-09,-28.000000000000,9.442943495849,4.974827221579
234,position_only,8,2.961228484643641e-12,-38.296941327314,102,1.3877787807814457e-17,-56.000000000000,17.703058672686,4.974827221579
234,position_only,12,2.8430006367930908e-18,-58.287291285813,102,5.169878828456423e-26,-84.000000000000,25.712708714187,4.974827221579
234,position_only,16,2.8316405455193564e-24,-78.224636139033,102,1.9259299443872359e-34,-112.000000000000,33.775363860967,4.974827221579
234,rotor,4,2.4996697902679443e-06,-18.609831043800,118,1.4901161193847656e-08,-26.000000000000,7.390168956200,4.943486434371
234,rotor,8,3.0709879084156455e-12,-38.244434306733,118,1.1102230246251565e-16,-53.000000000000,14.755565693267,4.943486434371
234,rotor,12,3.3494439313826368e-18,-58.050784106141,118,8.2718061255302767e-25,-80.000000000000,21.949215893859,4.943486434371
234,rotor,16,3.4952784090471255e-24,-77.920866902281,118,6.1629758220391547e-33,-107.000000000000,29.079133097719,4.943486434371
234,round_only,4,2.4214386940002441e-06,-18.655704092084,91,7.4505805969238281e-09,-27.000000000000,8.344295907916,4.962399545770
234,round_only,8,2.7089580578731898e-12,-38.425399081826,91,1.1102230246251565e-16,-53.000000000000,14.574600918174,4.962399545770
234,round_only,12,2.8793350104885771e-18,-58.268970051807,91,8.2718061255302767e-25,-80.000000000000,21.731029948193,4.962399545770
234,round_only,16,2.8674464917249172e-24,-78.206507712361,91,6.1629758220391547e-33,-107.000000000000,28.793492287639,4.962399545770
235,static,4,2.2575259208679199e-06,-18.756826016527,94,1.4901161193847656e-08,-26.000000000000,7.243173983473,4.909240483993
235,static,8,2.5850155349615989e-12,-38.492964188033,94,1.1102230246251565e-16,-53.000000000000,14.507035811967,4.909240483993
235,static,12,3.3381519854430989e-18,-58.055656066138,94,8.2718061255302767e-25,-80.000000000000,21.944343933862,4.909240483993
235,static,16,4.0948362680864978e-24,-77.692468510398,94,6.1629758220391547e-33,-107.000000000000,29.307531489602,4.909240483993
235,position_only,4,1.9185245037078857e-06,-18.991571377929,126,1.4901161193847656e-08,-26.000000000000,7.008428622071,4.969806322222
235,position_only,8,2.3020890749236855e-12,-38.660193481779,74,5.5511151231257827e-17,-54.000000000000,15.339806518221,4.969806322222
235,position_only,12,2.3635547079396857e-18,-58.553747449597,74,4.1359030627651384e-25,-81.000000000000,22.446252550403,4.969806322222
235,position_only,16,2.1462278707509404e-24,-78.624471018281,74,3.0814879110195774e-33,-108.000000000000,29.375528981719,4.969806322222
235,rotor,4,2.0191073417663574e-06,-18.917850958646,8,1.4901161193847656e-08,-26.000000000000,7.082149041354,4.961208326246
235,rotor,8,2.2408602751156081e-12,-38.699084443697,8,2.2204460492503131e-16,-52.000000000000,13.300915556303,4.961208326246
235,rotor,12,2.3831339696412393e-18,-58.541845651994,71,1.6543612251060553e-24,-79.000000000000,20.458154348006,4.961208326246
235,rotor,16,2.4170255183640172e-24,-78.453041572492,71,2.4651903288156619e-32,-105.000000000000,26.546958427508,4.961208326246
235,round_only,4,2.0563602447509766e-06,-18.891475543222,52,1.4901161193847656e-08,-26.000000000000,7.108524456778,4.965120992318
235,round_only,8,2.1799367866393027e-12,-38.738850838015,17,2.2204460492503131e-16,-52.000000000000,13.261149161985,4.965120992318
235,round_only,12,2.3336498023504209e-18,-58.572117627784,17,1.6543612251060553e-24,-79.000000000000,20.427882372216,4.965120992318
235,round_only,16,2.3689938168271419e-24,-78.481999844208,17,1.2325951644078309e-32,-106.000000000000,27.518000155792,4.965120992318
236,static,4,2.7418136596679688e-06,-18.476438043943,86,1.4901161193847656e-08,-26.000000000000,7.523561956057,4.883974259235
236,static,8,3.7133768282515689e-12,-37.970405413366,86,1.1102230246251565e-16,-53.000000000000,15.029594586634,4.883974259235
236,static,12,4.8125570697585226e-18,-57.527902058962,86,1.6543612251060553e-24,-79.000000000000,21.472097941038,4.883974259235
236,static,16,6.2738237145385854e-24,-77.076929285210,86,1.2325951644078309e-32,-106.000000000000,28.923070714790,4.883974259235
236,position_only,4,2.5928020477294922e-06,-18.557056504151,69,1.4901161193847656e-08,-26.000000000000,7.442943495849,4.940713418826
236,position_only,8,3.0210417500953213e-12,-38.268091016734,69,2.2204460492503131e-16,-52.000000000000,13.731908983266,4.940713418826
236,position_only,12,3.3884701058877355e-18,-58.034071664358,69,1.6543612251060553e-24,-79.000000000000,20.965928335642,4.940713418826
236,position_only,16,3.6850880000338211e-24,-77.844575205956,69,2.4651903288156619e-32,-105.000000000000,27.155424794044,4.940713418826
236,rotor,4,2.1979212760925293e-06,-18.795428855751,110,1.4901161193847656e-08,-26.000000000000,7.204571144249,4.972782245941
236,rotor,8,2.2555984857675071e-12,-38.689626859097,110,1.1102230246251565e-16,-53.000000000000,14.310373140903,4.972782245941
236,rotor,12,2.2804964686574705e-18,-58.605357771784,110,8.2718061255302767e-25,-80.000000000000,21.394642228216,4.972782245941
236,rotor,16,2.4043703147440643e-24,-78.460615164068,110,6.1629758220391547e-33,-107.000000000000,28.539384835932,4.972782245941
236,round_only,4,2.1196901798248291e-06,-18.847715157693,86,1.4901161193847656e-08,-26.000000000000,7.152284842307,4.972652802005
236,round_only,8,2.1342927425394009e-12,-38.769379066870,42,1.1102230246251565e-16,-53.000000000000,14.230620933130,4.972652802005
236,round_only,12,2.1765029084569976e-18,-58.672693759975,86,8.2718061255302767e-25,-80.000000000000,21.327306240025,4.972652802005
236,round_only,16,2.3149162348532883e-24,-78.515314286726,86,6.1629758220391547e-33,-107.000000000000,28.484685713274,4.972652802005
237,static,4,1.7732381820678711e-06,-19.105182236692,27,1.4901161193847656e-08,-26.000000000000,6.894817763308,5.040749680957
237,static,8,1.5416973253579158e-12,-39.238617583555,7,1.1102230246251565e-16,-53.000000000000,13.761382416445,5.040749680957
237,static,12,1.2900209423082191e-18,-59.427311221302,7,8.2718061255302767e-25,-80.000000000000,20.572688778698,5.040749680957
237,static,16,1.1024099697980713e-24,-79.585613436869,7,3.0814879110195774e-33,-108.000000000000,28.414386563131,5.040749680957
237,position_only,4,2.0228326320648193e-06,-18.915191612196,101,1.4901161193847656e-08,-26.000000000000,7.084808387804,4.949623516459
237,position_only,8,2.4231033846078276e-12,-38.586281178234,92,1.1102230246251565e-16,-53.000000000000,14.413718821766,4.949623516459
237,position_only,12,2.6392864729426525e-18,-58.394557756072,92,8.2718061255302767e-25,-80.000000000000,21.605442243928,4.949623516459
237,position_only,16,2.6737439351488651e-24,-78.307412972367,92,6.1629758220391547e-33,-107.000000000000,28.692587027633,4.949623516459
237,rotor,4,2.037733793258667e-06,-18.904602977207,101,1.4901161193847656e-08,-26.000000000000,7.095397022793,4.982572521083
237,rotor,8,2.0495688479726937e-12,-38.827816685655,101,1.1102230246251565e-16,-53.000000000000,14.172183314345,4.982572521083
237,rotor,12,2.0629173618733597e-18,-58.750019678315,101,8.2718061255302767e-25,-80.000000000000,21.249980321685,4.982572521083
237,rotor,16,2.0393442795156344e-24,-78.698168927434,101,6.1629758220391547e-33,-107.000000000000,28.301831072566,4.982572521083
237,round_only,4,2.555549144744873e-06,-18.577935233827,111,7.4505805969238281e-09,-27.000000000000,8.422064766173,4.971739375299
237,round_only,8,2.9573565818452607e-12,-38.298828932443,111,1.1102230246251565e-16,-53.000000000000,14.701171067557,4.971739375299
237,round_only,12,2.8621425784445453e-18,-58.277610165855,111,8.2718061255302767e-25,-80.000000000000,21.722389834145,4.971739375299
237,round_only,16,2.8640852804006238e-24,-78.208199826671,111,6.1629758220391547e-33,-107.000000000000,28.791800173329,4.971739375299
238,static,4,2.3245811462402344e-06,-18.714597781138,110,1.4901161193847656e-08,-26.000000000000,7.285402218862,4.973922536804
238,static,8,2.4937829579130266e-12,-38.544801230485,10,1.1102230246251565e-16,-53.000000000000,14.455198769515,4.973922536804
238,static,12,2.555606659128892e-18,-58.441039904001,10,8.2718061255302767e-25,-80.000000000000,21.558960095999,4.973922536804
238,static,16,2.5049623100074832e-24,-78.401485380692,10,6.1629758220391547e-33,-107.000000000000,28.598514619308,4.973922536804
238,position_only,4,2.9839575290679932e-06,-18.354341567591,123,1.4901161193847656e-08,-26.000000000000,7.645658432409,4.824268940690
238,position_only,8,5.4215243405764113e-12,-37.424438595298,123,2.2204460492503131e-16,-52.000000000000,14.575561404702,4.824268940690
238,position_only,12,8.3411371991495979e-18,-56.734461619299,123,1.6543612251060553e-24,-79.000000000000,22.265538380701,4.824268940690
238,position_only,16,1.1196851265435027e-23,-76.241253102128,123,2.4651903288156619e-32,-105.000000000000,28.758746897872,4.824268940690
238,rotor,4,2.2053718566894531e-06,-18.790546634371,110,1.4901161193847656e-08,-26.000000000000,7.209453365629,4.967418501207
238,rotor,8,2.4589219549397967e-12,-38.565111193470,110,2.2204460492503131e-16,-52.000000000000,13.434888806530,4.967418501207
238,rotor,12,2.4410166050888851e-18,-58.507223598844,110,8.2718061255302767e-25,-80.000000000000,21.492776401156,4.967418501207
238,rotor,16,2.5506266910049338e-24,-78.375422515340,110,6.1629758220391547e-33,-107.000000000000,28.624577484660,4.967418501207
238,round_only,4,2.4102628231048584e-06,-18.662378098007,114,1.4901161193847656e-08,-26.000000000000,7.337621901993,4.966292525933
238,round_only,8,2.5598134723026078e-12,-38.507098450450,104,1.1102230246251565e-16,-53.000000000000,14.492901549550,4.966292525933
238,round_only,12,2.6341613135660622e-18,-58.397362010383,114,8.2718061255302767e-25,-80.000000000000,21.602637989617,4.966292525933
238,round_only,16,2.7832111302045015e-24,-78.249523923803,114,6.1629758220391547e-33,-107.000000000000,28.750476076197,4.966292525933
239,static,4,2.6933848857879639e-06,-18.502148163049,60,1.4901161193847656e-08,-26.000000000000,7.497851836951,4.928712838334
239,static,8,3.523611957767514e-12,-38.046082084262,37,5.5511151231257827e-17,-54.000000000000,15.953917915738,4.928712838334
239,static,12,3.7041174713494487e-18,-57.905575855420,37,4.1359030627651384e-25,-81.000000000000,23.094424144580,4.928712838334
239,static,16,4.370463208531471e-24,-77.598488083787,37,6.1629758220391547e-33,-107.000000000000,29.401511916213,4.928712838334
239,position_only,4,2.4363398551940918e-06,-18.646853174502,75,1.4901161193847656e-08,-26.000000000000,7.353146825498,4.870680358224
239,position_only,8,3.5502295547829021e-12,-38.035224827597,75,1.1102230246251565e-16,-53.000000000000,14.964775172403,4.870680358224
239,position_only,12,5.0303056968694184e-18,-57.464059631211,75,8.2718061255302767e-25,-80.000000000000,22.535940368789,4.870680358224
239,position_only,16,6.1189944657681575e-24,-77.112979682947,75,1.2325951644078309e-32,-106.000000000000,28.887020317053,4.870680358224
239,rotor,4,2.3134052753448486e-06,-18.721550541780,125,1.4901161193847656e-08,-26.000000000000,7.278449458220,4.992599720881
239,rotor,8,2.5197899322648709e-12,-38.529833673301,125,2.2204460492503131e-16,-52.000000000000,13.470166326699,4.992599720881
239,rotor,12,2.2802644444956494e-18,-58.605504563127,125,8.2718061255302767e-25,-80.000000000000,21.394495436873,4.992599720881
239,rotor,16,2.1864915208649274e-24,-78.597656523586,125,6.1629758220391547e-33,-107.000000000000,28.402343476414,4.992599720881
239,round_only,4,2.3059546947479248e-06,-18.726204400786,60,1.4901161193847656e-08,-26.000000000000,7.273795599214,5.010970221494
239,round_only,8,2.3932106296697953e-12,-38.604189762663,61,5.5511151231257827e-17,-54.000000000000,15.395810237337,5.010970221494
239,round_only,12,2.0187755922675034e-18,-58.781225158827,61,8.2718061255302767e-25,-80.000000000000,21.218774841173,5.010970221494
239,round_only,16,1.8827116459898437e-24,-78.813462221984,61,1.2325951644078309e-32,-106.000000000000,27.186537778016,5.010970221494
240,static,4,2.6412308216094971e-06,-18.530358182760,98,1.4901161193847656e-08,-26.000000000000,7.469641817240,5.003043623126
240,static,8,2.4479585025716233e-12,-38.571558036762,10,2.2204460492503131e-16,-52.000000000000,13.428441963238,5.003043623126
240,static,12,2.330450474536219e-18,-58.574096854139,82,3.3087224502121107e-24,-78.000000000000,19.425903145861,5.003043623126
240,static,16,2.2286664675149911e-24,-78.570093551980,98,2.4651903288156619e-32,-105.000000000000,26.429906448020,5.003043623126
240,position_only,4,2.037733793258667e-06,-18.904602977207,10,1.4901161193847656e-08,-26.000000000000,7.095397022793,5.000493896506
240,position_only,8,2.0212165274813287e-12,-38.847913256619,10,1.1102230246251565e-16,-53.000000000000,14.152086743381,5.000493896506
240,position_only,12,1.9878684539685541e-18,-58.803483417414,10,8.2718061255302767e-25,-80.000000000000,21.196516582586,5.000493896506
240,position_only,16,1.741434326917799e-24,-78.925998210353,10,6.1629758220391547e-33,-107.000000000000,28.074001789647,5.000493896506
240,rotor,4,2.4959444999694824e-06,-18.611982714655,57,1.4901161193847656e-08,-26.000000000000,7.388017285345,5.001399768356
240,rotor,8,2.111102959112543e-12,-38.785140197586,3,1.1102230246251565e-16,-53.000000000000,14.214859802414,5.001399768356
240,rotor,12,2.1315988919166736e-18,-58.702769719728,3,8.2718061255302767e-25,-80.000000000000,21.297230280272,5.001399768356
240,rotor,16,2.0967736935349523e-24,-78.658103118692,3,6.1629758220391547e-33,-107.000000000000,28.341896881308,5.001399768356
240,round_only,4,2.2351741790771484e-06,-18.771181309504,98,1.4901161193847656e-08,-26.000000000000,7.228818690496,5.002502138104
240,round_only,8,2.0820845048064029e-12,-38.805108514684,0,1.1102230246251565e-16,-53.000000000000,14.194891485316,5.002502138104
240,round_only,12,1.8778504339692809e-18,-58.885623547411,10,8.2718061255302767e-25,-80.000000000000,21.114376452589,5.002502138104
240,round_only,16,1.9299580253251778e-24,-78.777704806650,0,1.2325951644078309e-32,-106.000000000000,27.222295193350,5.002502138104
241,static,4,2.6114284992218018e-06,-18.546729365989,106,1.4901161193847656e-08,-26.000000000000,7.453270634011,4.956609325829
241,static,8,2.7619434517234254e-12,-38.397453356617,106,1.1102230246251565e-16,-53.000000000000,14.602546643383,4.956609325829
241,static,12,3.0127462151987328e-18,-58.203626558271,106,8.2718061255302767e-25,-80.000000000000,21.796373441729,4.956609325829
241,static,16,3.2343555926305201e-24,-78.032795976493,106,6.1629758220391547e-33,-107.000000000000,28.967204023507,4.956609325829
241,position_only,4,3.2410025596618652e-06,-18.235128409264,90,1.4901161193847656e-08,-26.000000000000,7.764871590736,4.951922473274
241,position_only,8,3.7789216200678766e-12,-37.945162543181,90,2.2204460492503131e-16,-52.000000000000,14.054837456819,4.951922473274
241,position_only,12,4.1973916886956325e-18,-57.725212610255,90,8.2718061255302767e-25,-80.000000000000,22.274787389745,4.951922473274
241,position_only,16,4.1665777840569683e-24,-77.667411363891,90,1.2325951644078309e-32,-106.000000000000,28.332588636109,4.951922473274
241,rotor,4,2.5331974029541016e-06,-18.590609063862,106,1.4901161193847656e-08,-26.000000000000,7.409390936138,4.975702827860
241,rotor,8,2.5297958172743051e-12,-38.524116190604,90,1.1102230246251565e-16,-53.000000000000,14.475883809396,4.975702827860
241,rotor,12,2.5508097870579087e-18,-58.443750386257,90,8.2718061255302767e-25,-80.000000000000,21.556249613743,4.975702827860
241,rotor,16,2.6997744938172959e-24,-78.293435370109,90,1.2325951644078309e-32,-106.000000000000,27.706564629891,4.975702827860
241,round_only,4,2.3543834686279297e-06,-18.696219251823,6,1.4901161193847656e-08,-26.000000000000,7.303780748177,4.959134625391
241,round_only,8,2.6091073745959648e-12,-38.479580820936,6,1.1102230246251565e-16,-53.000000000000,14.520419179064,4.959134625391
241,round_only,12,2.7861870805883815e-18,-58.316413575957,6,1.6543612251060553e-24,-79.000000000000,20.683586424043,4.959134625391
241,round_only,16,2.8689793921381354e-24,-78.205736672023,6,1.2325951644078309e-32,-106.000000000000,27.794263327977,4.959134625391
242,static,4,3.0025839805603027e-06,-18.345363971472,36,1.4901161193847656e-08,-26.000000000000,7.654636028528,4.974094732137
242,static,8,3.1611102624395926e-12,-38.202705779995,36,2.2204460492503131e-16,-52.000000000000,13.797294220005,4.974094732137
242,static,12,3.0677808160985702e-18,-58.177510297760,36,8.2718061255302767e-25,-80.000000000000,21.822489702240,4.974094732137
242,static,16,3.2896073276172121e-24,-78.008358894038,36,6.1629758220391547e-33,-107.000000000000,28.991641105962,4.974094732137
242,position_only,4,2.5331974029541016e-06,-18.590609063862,96,2.9802322387695312e-08,-25.000000000000,6.409390936138,4.987317712971
242,position_only,8,2.5827395777611173e-12,-38.494234957374,96,8.8817841970012523e-16,-50.000000000000,11.505765042626,4.987317712971
242,position_only,12,2.5895980954381101e-18,-58.421977498366,96,1.3234889800848443e-23,-76.000000000000,17.578022501634,4.987317712971
242,position_only,16,2.42952883313372e-24,-78.445597723141,96,9.8607613152626476e-32,-103.000000000000,24.554402276859,4.987317712971
242,rotor,4,2.078711986541748e-06,-18.875878688171,52,1.4901161193847656e-08,-26.000000000000,7.124121311829,4.962957023730
242,rotor,8,2.1818796769323967e-12,-38.737565594402,35,1.1102230246251565e-16,-53.000000000000,14.262434405598,4.962957023730
242,rotor,12,2.3396003845807626e-18,-58.568443576633,35,8.2718061255302767e-25,-80.000000000000,21.431556423367,4.962957023730
242,rotor,16,2.4417710491956763e-24,-78.438346343833,35,6.1629758220391547e-33,-107.000000000000,28.561653656167,4.962957023730
242,round_only,4,2.2724270820617676e-06,-18.747334567550,111,1.4901161193847656e-08,-26.000000000000,7.252665432450,4.981993443023
242,round_only,8,2.409461519192746e-12,-38.594426378248,111,1.1102230246251565e-16,-53.000000000000,14.405573621752,4.981993443023
242,round_only,12,2.2753212131550325e-18,-58.608635479183,111,8.2718061255302767e-25,-80.000000000000,21.391364520817,4.981993443023
242,round_only,16,2.3355518974356151e-24,-78.502510774209,111,6.1629758220391547e-33,-107.000000000000,28.497489225791,4.981993443023
243,static,4,2.428889274597168e-06,-18.651271845769,30,1.4901161193847656e-08,-26.000000000000,7.348728154231,4.919966048169
243,static,8,2.7824270665277595e-12,-38.386793266764,30,1.1102230246251565e-16,-53.000000000000,14.613206733236,4.919966048169
243,static,12,3.502908372285339e-18,-57.986152456795,30,1.6543612251060553e-24,-79.000000000000,21.013847543205,4.919966048169
243,static,16,4.0238453334302667e-24,-77.717699424683,30,1.2325951644078309e-32,-106.000000000000,28.282300575317,4.919966048169
243,position_only,4,2.168118953704834e-06,-18.815124657092,97,1.4901161193847656e-08,-26.000000000000,7.184875342908,4.958364784174
243,position_only,8,2.3001323068427837e-12,-38.661420289246,97,1.1102230246251565e-16,-53.000000000000,14.338579710754,4.958364784174
243,position_only,12,2.4418470427251e-18,-58.506732875220,97,8.2718061255302767e-25,-80.000000000000,21.493267124780,4.958364784174
243,position_only,16,2.6660860769633028e-24,-78.311550917424,97,6.1629758220391547e-33,-107.000000000000,28.688449082576,4.958364784174
243,rotor,4,2.0936131477355957e-06,-18.865573679779,112,1.4901161193847656e-08,-26.000000000000,7.134426320221,4.955853960614
243,rotor,8,2.3478441413260498e-12,-38.631800498514,112,2.2204460492503131e-16,-52.000000000000,13.368199501486,4.955853960614
243,rotor,12,2.5101569618782245e-18,-58.466928128241,112,3.3087224502121107e-24,-78.000000000000,19.533071871759,4.955853960614
243,rotor,16,2.6287136569559543e-24,-78.331917278052,112,2.4651903288156619e-32,-105.000000000000,26.668082721948,4.955853960614
243,round_only,4,2.0898878574371338e-06,-18.868143039391,111,1.4901161193847656e-08,-26.000000000000,7.131856960609,4.950971294999
243,round_only,8,2.3595847498114608e-12,-38.624604148595,111,1.1102230246251565e-16,-53.000000000000,14.375395851405,4.950971294999
243,round_only,12,2.5428883436205829e-18,-58.448237592245,111,8.2718061255302767e-25,-80.000000000000,21.551762407755,4.950971294999
243,round_only,16,2.7378785522697298e-24,-78.273215824830,111,6.1629758220391547e-33,-107.000000000000,28.726784175170,4.950971294999
244,static,4,3.5874545574188232e-06,-18.088608012157,12,1.4901161193847656e-08,-26.000000000000,7.911391987843,4.899813085310
244,static,8,5.2750581680527375e-12,-37.463950136146,12,5.5511151231257827e-17,-54.000000000000,16.536049863854,4.899813085310
244,static,12,6.4516628096224156e-18,-57.105034668673,12,4.1359030627651384e-25,-81.000000000000,23.894965331327,4.899813085310
244,static,16,7.2292866948274123e-24,-76.872420972112,12,6.1629758220391547e-33,-107.000000000000,30.127579027888,4.899813085310
244,position_only,4,2.5853514671325684e-06,-18.561208147422,38,3.7252902984619141e-09,-28.000000000000,9.438791852578,4.919512057448
244,position_only,8,3.3790054088100874e-12,-38.106538478807,25,1.3877787807814457e-17,-56.000000000000,17.893461521193,4.919512057448
244,position_only,12,3.7781891687580995e-18,-57.877010770673,38,5.169878828456423e-26,-84.000000000000,26.122989229327,4.919512057448
244,position_only,16,4.4745092511054785e-24,-77.564544816109,89,1.9259299443872359e-34,-112.000000000000,34.435455183891,4.919512057448
244,rotor,4,2.5406479835510254e-06,-18.586372070976,38,7.4505805969238281e-09,-27.000000000000,8.413627929024,4.933027768167
244,rotor,8,3.1888797158430293e-12,-38.190087458314,38,5.5511151231257827e-17,-54.000000000000,15.809912541686,4.933027768167
244,rotor,12,3.5132691713490836e-18,-57.981891594181,38,4.1359030627651384e-25,-81.000000000000,23.018108405819,4.933027768167
244,rotor,16,3.899979866273313e-24,-77.762807601246,38,3.0814879110195774e-33,-108.000000000000,30.237192398754,4.933027768167
244,round_only,4,2.0004808902740479e-06,-18.931221722015,43,7.4505805969238281e-09,-27.000000000000,8.068778277985,4.928558477769
244,round_only,8,2.3632068524293004e-12,-38.622391224143,43,5.5511151231257827e-17,-54.000000000000,15.377608775857,4.928558477769
244,round_only,12,2.8305069008210899e-18,-58.293645266995,43,4.1359030627651384e-25,-81.000000000000,22.706354733005,4.928558477769
244,round_only,16,3.1123929120955908e-24,-78.088250077978,43,3.0814879110195774e-33,-108.000000000000,29.911749922022,4.928558477769
245,static,4,2.1830201148986816e-06,-18.805243145578,61,1.4901161193847656e-08,-26.000000000000,7.194756854422,4.977884493179
245,static,8,2.3298446505393144e-12,-38.642903376631,48,1.1102230246251565e-16,-53.000000000000,14.357096623369,4.977884493179
245,static,12,2.3437965167318792e-18,-58.565858384392,48,8.2718061255302767e-25,-80.000000000000,21.434141615608,4.977884493179
245,static,16,2.2818799478933004e-24,-78.536051385379,48,6.1629758220391547e-33,-107.000000000000,28.463948614621,4.977884493179
245,position_only,4,3.3862888813018799e-06,-18.171863515806,63,1.4901161193847656e-08,-26.000000000000,7.828136484194,4.989076728328
245,position_only,8,2.9671820556131934e-12,-38.294043690538,63,1.1102230246251565e-16,-53.000000000000,14.705956309462,4.989076728328
245,position_only,12,2.8871493857353656e-18,-58.265059951114,63,8.2718061255302767e-25,-80.000000000000,21.734940048886,4.989076728328
245,position_only,16,3.2274464027329834e-24,-78.035881139984,63,1.2325951644078309e-32,-106.000000000000,27.964118860016,4.989076728328
245,rotor,4,2.0302832126617432e-06,-18.909887580336,86,7.4505805969238281e-09,-27.000000000000,8.090112419664,4.971720461624
245,rotor,8,2.078115457493368e-12,-38.807861327849,106,1.1102230246251565e-16,-53.000000000000,14.192138672151,4.971720461624
245,rotor,12,2.212124407560828e-18,-58.649273184460,106,1.6543612251060553e-24,-79.000000000000,20.350726815540,4.971720461624
245,rotor,16,2.2047032654119607e-24,-78.585689783113,106,1.2325951644078309e-32,-106.000000000000,27.414310216887,4.971720461624
245,round_only,4,2.3990869522094727e-06,-18.669083121885,112,7.4505805969238281e-09,-27.000000000000,8.330916878115,4.976509785870
245,round_only,8,2.5695695571315014e-12,-38.501610432849,106,1.1102230246251565e-16,-53.000000000000,14.498389567151,4.976509785870
245,round_only,12,2.5766667809220687e-18,-58.429199730571,106,8.2718061255302767e-25,-80.000000000000,21.570800269429,4.976509785870
245,round_only,16,2.5425164524828854e-24,-78.380017167584,106,6.1629758220391547e-33,-107.000000000000,28.619982832416,4.976509785870
246,static,4,2.4512410163879395e-06,-18.638056226265,8,2.9802322387695312e-08,-25.000000000000,6.361943773735,4.947835221457
246,static,8,3.0100505421515322e-12,-38.273349426979,8,2.2204460492503131e-16,-52.000000000000,13.726650573021,4.947835221457
246,static,12,3.2660430842304598e-18,-58.087161885537,8,3.3087224502121107e-24,-78.000000000000,19.912838114463,4.947835221457
246,static,16,3.2982160775053326e-24,-78.004588359500,8,4.9303806576313238e-32,-104.000000000000,25.995411640500,4.947835221457
246,position_only,4,2.7157366275787354e-06,-18.490224995673,8,1.4901161193847656e-08,-26.000000000000,7.509775004327,4.940198997116
246,position_only,8,3.4090369416261979e-12,-38.093772905491,8,1.1102230246251565e-16,-53.000000000000,14.906227094509,4.940198997116
246,position_only,12,3.6498586624666094e-18,-57.926865109982,8,8.2718061255302767e-25,-80.000000000000,22.073134890018,4.940198997116
246,position_only,16,3.9388106248938618e-24,-77.748514222389,8,6.1629758220391547e-33,-107.000000000000,29.251485777611,4.940198997116
246,rotor,4,2.1271407604217529e-06,-18.842653064637,8,1.4901161193847656e-08,-26.000000000000,7.157346935363,4.988238172520
246,rotor,8,2.1785628856463291e-12,-38.739760380456,87,1.1102230246251565e-16,-53.000000000000,14.260239619544,4.988238172520
246,rotor,12,2.0326293165641181e-18,-58.771358568006,87,1.6543612251060553e-24,-79.000000000000,20.228641431994,4.988238172520
246,rotor,16,2.0719343741520474e-24,-78.675295969053,87,1.2325951644078309e-32,-106.000000000000,27.324704030947,4.988238172520
246,round_only,4,1.9632279872894287e-06,-18.958340848363,13,1.4901161193847656e-08,-26.000000000000,7.041659151637,4.982073241060
246,round_only,8,2.1307677844362161e-12,-38.771763764907,13,1.1102230246251565e-16,-53.000000000000,14.228236235093,4.982073241060
246,round_only,12,2.0339680049879586e-18,-58.770408722685,13,8.2718061255302767e-25,-80.000000000000,21.229591277315,4.982073241060
246,round_only,16,2.0090384853194984e-24,-78.719769076567,13,1.2325951644078309e-32,-106.000000000000,27.280230923433,4.982073241060
247,static,4,2.2649765014648438e-06,-18.752072486556,89,2.9802322387695312e-08,-25.000000000000,6.247927513444,5.064858371157
247,static,8,1.9687862451434057e-12,-38.885830655043,64,1.1102230246251565e-16,-53.000000000000,14.114169344957,5.064858371157
247,static,12,1.4122959695279382e-18,-59.296663247532,109,8.2718061255302767e-25,-80.000000000000,20.703336752468,5.064858371157
247,static,16,1.1862167972687933e-24,-79.479906571156,109,1.2325951644078309e-32,-106.000000000000,26.520093428844,5.064858371157
247,position_only,4,1.8998980522155762e-06,-19.005646563141,109,1.4901161193847656e-08,-26.000000000000,6.994353436859,5.038522186920
247,position_only,8,1.8269691315353498e-12,-38.993684880248,109,1.1102230246251565e-16,-53.000000000000,14.006315119752,5.038522186920
247,position_only,12,1.4349827419957004e-18,-59.273672321724,109,8.2718061255302767e-25,-80.000000000000,20.726327678276,5.038522186920
247,position_only,16,1.2314240946162405e-24,-79.425946574913,109,6.1629758220391547e-33,-107.000000000000,27.574053425087,5.038522186920
247,rotor,4,1.8775463104248047e-06,-19.022720076500,83,1.4901161193847656e-08,-26.000000000000,6.977279923500,4.994235007788
247,rotor,8,1.8647028365847973e-12,-38.964191401114,67,1.1102230246251565e-16,-53.000000000000,14.035808598886,4.994235007788
247,rotor,12,1.7828248557773782e-18,-58.960540728012,83,8.2718061255302767e-25,-80.000000000000,21.039459271988,4.994235007788
247,rotor,16,1.716183563994934e-24,-78.947070404703,83,6.1629758220391547e-33,-107.000000000000,28.052929595297,4.994235007788
247,round_only,4,2.2016465663909912e-06,-18.792985679822,64,1.4901161193847656e-08,-26.000000000000,7.207014320178,4.998418523179
247,round_only,8,2.1921908732736028e-12,-38.730763719941,108,1.1102230246251565e-16,-53.000000000000,14.269236280059,4.998418523179
247,round_only,12,2.0778553131578783e-18,-58.739610509099,114,8.2718061255302767e-25,-80.000000000000,21.260389490901,4.998418523179
247,round_only,16,1.9417048030348812e-24,-78.768950392487,114,6.1629758220391547e-33,-107.000000000000,28.231049607513,4.998418523179
248,static,4,1.9557774066925049e-06,-18.963826387447,67,1.4901161193847656e-08,-26.000000000000,7.036173612553,5.050525780153
248,static,8,1.5377837891961121e-12,-39.242284462515,67,1.1102230246251565e-16,-53.000000000000,13.757715537485,5.050525780153
248,static,12,1.2484702642723968e-18,-59.474544248018,0,8.2718061255302767e-25,-80.000000000000,20.525455751982,5.050525780153
248,static,16,1.1220918309828799e-24,-79.560083527658,0,6.1629758220391547e-33,-107.000000000000,27.439916472342,5.050525780153
248,position_only,4,2.0898878574371338e-06,-18.868143039391,65,7.4505805969238281e-09,-27.000000000000,8.131856960609,5.069576200496
248,position_only,8,1.5439177714071661e-12,-39.236541221497,65,1.1102230246251565e-16,-53.000000000000,13.763458778503,5.069576200496
248,position_only,12,1.1997737280210938e-18,-59.531943362341,65,1.6543612251060553e-24,-79.000000000000,19.468056637659,5.069576200496
248,position_only,16,1.0202452154276162e-24,-79.697358332391,7,6.1629758220391547e-33,-107.000000000000,27.302641667609,5.069576200496
248,rotor,4,1.9595026969909668e-06,-18.961081010708,115,1.4901161193847656e-08,-26.000000000000,7.038918989292,5.024984824481
248,rotor,8,1.915287373144281e-12,-38.925576265712,125,1.1102230246251565e-16,-53.000000000000,14.074423734288,5.024984824481
248,rotor,12,1.6011201068705977e-18,-59.115624173331,125,8.2718061255302767e-25,-80.000000000000,20.884375826669,5.024984824481
248,rotor,16,1.4097228674374152e-24,-79.230862701247,125,6.1629758220391547e-33,-107.000000000000,27.769137298753,5.024984824481
248,round_only,4,2.0749866962432861e-06,-18.878466482660,0,1.4901161193847656e-08,-26.000000000000,7.121533517340,5.020196996494
248,round_only,8,1.8998136397385679e-12,-38.937279232835,0,1.1102230246251565e-16,-53.000000000000,14.062720767165,5.020196996494
248,round_only,12,1.6655228900991162e-18,-59.058730526157,0,1.6543612251060553e-24,-79.000000000000,19.941269473843,5.020196996494
248,round_only,16,1.5358084306932759e-24,-79.107276004809,0,1.2325951644078309e-32,-106.000000000000,26.892723995191,5.020196996494
249,static,4,2.7902424335479736e-06,-18.451178091541,8,1.4901161193847656e-08,-26.000000000000,7.548821908459,5.002990463572
249,static,8,2.8525237727450303e-12,-38.350898228759,8,1.1102230246251565e-16,-53.000000000000,14.649101771241,5.002990463572
249,static,12,2.5931570917224078e-18,-58.419996101633,8,8.2718061255302767e-25,-80.000000000000,21.580003898367,5.002990463572
249,static,16,2.3920639550075313e-24,-78.468018314877,8,6.1629758220391547e-33,-107.000000000000,28.531981685123,5.002990463572
249,position_only,4,3.0249357223510742e-06,-18.334664082815,8,2.9802322387695312e-08,-25.000000000000,6.665335917185,4.950706300187
249,position_only,8,3.5581954049845876e-12,-38.031991397559,8,1.1102230246251565e-16,-53.000000000000,14.968008602441,4.950706300187
249,position_only,12,3.8805586632234012e-18,-57.838441343539,8,1.6543612251060553e-24,-79.000000000000,21.161558656461,4.950706300187
249,position_only,16,3.9568238495896456e-24,-77.741931436646,8,1.2325951644078309e-32,-106.000000000000,28.258068563354,4.950706300187
249,rotor,4,1.8365681171417236e-06,-19.054556163622,46,7.4505805969238281e-09,-27.000000000000,7.945443836378,4.974473613028
249,rotor,8,2.1672663663707681e-12,-38.747260660885,46,1.1102230246251565e-16,-53.000000000000,14.252739339115,4.974473613028
249,rotor,12,2.0250960276292328e-18,-58.776715387482,46,8.2718061255302767e-25,-80.000000000000,21.223284612518,4.974473613028
249,rotor,16,2.0305748134699567e-24,-78.704386095130,46,6.1629758220391547e-33,-107.000000000000,28.295613904870,4.974473613028
249,round_only,4,1.9632279872894287e-06,-18.958340848363,49,1.4901161193847656e-08,-26.000000000000,7.041659151637,4.990320837127
249,round_only,8,2.0912438447595605e-12,-38.798775844720,49,1.1102230246251565e-16,-53.000000000000,14.201224155280,4.990320837127
249,round_only,12,1.9342622388902309e-18,-58.842922305557,49,8.2718061255302767e-25,-80.000000000000,21.157077694443,4.990320837127
249,round_only,16,1.8812667418935635e-24,-78.814569856440,49,6.1629758220391547e-33,-107.000000000000,28.185430143560,4.990320837127
250,static,4,3.162771463394165e-06,-18.270379256447,99,1.4901161193847656e-08,-26.000000000000,7.729620743553,4.952172990134
250,static,8,3.7725655932518976e-12,-37.947591153672,99,2.2204460492503131e-16,-52.000000000000,14.052408846328,4.952172990134
250,static,12,3.9654383025156698e-18,-57.807225371194,99,1.6543612251060553e-24,-79.000000000000,21.192774628806,4.952172990134
250,static,16,4.1318843996246245e-24,-77.679474385732,99,1.2325951644078309e-32,-106.000000000000,28.320525614268,4.952172990134
250,position_only,4,2.384185791015625e-06,-18.678071905113,119,1.4901161193847656e-08,-26.000000000000,7.321928094887,4.979358753841
250,position_only,8,2.6143115450238952e-12,-38.476706062672,119,2.2204460492503131e-16,-52.000000000000,13.523293937328,4.979358753841
250,position_only,12,2.6069959784667848e-18,-58.412317350588,119,3.3087224502121107e-24,-78.000000000000,19.587682649412,4.979358753841
250,position_only,16,2.4656295947247847e-24,-78.424318193692,119,2.4651903288156619e-32,-105.000000000000,26.575681806308,4.979358753841
250,rotor,4,1.952052116394043e-06,-18.966576998463,90,1.4901161193847656e-08,-26.000000000000,7.033423001537,4.970668208075
250,rotor,8,2.2663398935307555e-12,-38.682772893581,90,1.1102230246251565e-16,-53.000000000000,14.317227106419,4.970668208075
250,rotor,12,2.2772950728917371e-18,-58.607384472002,90,8.2718061255302767e-25,-80.000000000000,21.392615527998,4.970668208075
250,rotor,16,2.1820109839014525e-24,-78.600615913316,90,6.1629758220391547e-33,-107.000000000000,28.399384086684,4.970668208075
250,round_only,4,2.3320317268371582e-06,-18.709981153067,114,2.9802322387695312e-08,-25.000000000000,6.290018846933,4.986706390021
250,round_only,8,2.2977730829154552e-12,-38.662900807295,99,2.2204460492503131e-16,-52.000000000000,13.337099192705,4.986706390021
250,round_only,12,2.3737711639865398e-18,-58.547524844810,99,1.6543612251060553e-24,-79.000000000000,20.452475155190,4.986706390021
250,round_only,16,2.2269707405101826e-24,-78.571191674177,99,2.4651903288156619e-32,-105.000000000000,26.428808325823,4.986706390021
251,static,4,2.6822090148925781e-06,-18.508146903670,98,1.4901161193847656e-08,-26.000000000000,7.491853096330,5.014472792398
251,static,8,2.7084584575121085e-12,-38.425665175807,98,1.1102230246251565e-16,-53.000000000000,14.574334824193,5.014472792398
251,static,12,2.2976964487245919e-18,-58.594517493473,98,1.6543612251060553e-24,-79.000000000000,20.405482506527,5.014472792398
251,static,16,2.1161485624495905e-24,-78.644833363084,98,1.2325951644078309e-32,-106.000000000000,27.355166636916,5.014472792398
251,position_only,4,2.4177134037017822e-06,-18.657925332001,98,1.4901161193847656e-08,-26.000000000000,7.342074667999,4.936979205931
251,position_only,8,3.0472291356886672e-12,-38.255639151426,90,2.2204460492503131e-16,-52.000000000000,13.744360848574,4.936979205931
251,position_only,12,3.5628475855309447e-18,-57.961674939994,90,1.6543612251060553e-24,-79.000000000000,21.038325060006,4.936979205931
251,position_only,16,3.507974180070241e-24,-77.915636148220,90,1.2325951644078309e-32,-106.000000000000,28.084363851780,4.936979205931
251,rotor,4,2.1420419216156006e-06,-18.832581854168,98,1.4901161193847656e-08,-26.000000000000,7.167418145832,5.000639713500
251,rotor,8,2.2004897903826759e-12,-38.725312460576,98,1.1102230246251565e-16,-53.000000000000,14.274687539424,5.000639713500
251,rotor,12,1.9754536620462637e-18,-58.812521702366,98,8.2718061255302767e-25,-80.000000000000,21.187478297634,5.000639713500
251,rotor,16,1.8845664390154331e-24,-78.812041620236,98,6.1629758220391547e-33,-107.000000000000,28.187958379764,5.000639713500
251,round_only,4,2.4102628231048584e-06,-18.662378098007,92,1.4901161193847656e-08,-26.000000000000,7.337621901993,4.979202392332
251,round_only,8,2.5288937610667972e-12,-38.524630708053,92,2.2204460492503131e-16,-52.000000000000,13.475369291947,4.979202392332
251,round_only,12,2.526860271686296e-18,-58.457359818489,92,8.2718061255302767e-25,-80.000000000000,21.542640181511,4.979202392332
251,round_only,16,2.4945403144100916e-24,-78.407500292284,92,1.2325951644078309e-32,-106.000000000000,27.592499707716,4.979202392332
252,static,4,2.3283064365386963e-06,-18.712287620451,41,1.4901161193847656e-08,-26.000000000000,7.287712379549,5.013589260975
252,static,8,1.9896723157941665e-12,-38.870606289440,41,2.2204460492503131e-16,-52.000000000000,13.129393710560,5.013589260975
252,static,12,1.9741310519455797e-18,-58.813487942233,41,8.2718061255302767e-25,-80.000000000000,21.186512057767,5.013589260975
252,static,16,1.7577830999777342e-24,-78.912517215855,41,1.2325951644078309e-32,-106.000000000000,27.087482784145,5.013589260975
252,position_only,4,2.2798776626586914e-06,-18.742612157307,41,1.4901161193847656e-08,-26.000000000000,7.257387842693,5.016434440308
252,position_only,8,2.0186907701003065e-12,-38.849717207974,126,1.1102230246251565e-16,-53.000000000000,14.150282792026,5.016434440308
252,position_only,12,1.860537543748546e-18,-58.898986205102,41,4.1359030627651384e-25,-81.000000000000,22.101013794898,5.016434440308
252,position_only,16,1.7182729732285696e-24,-78.945315029039,41,6.1629758220391547e-33,-107.000000000000,28.054684970961,5.016434440308
252,rotor,4,2.2500753402709961e-06,-18.761595260675,41,7.4505805969238281e-09,-27.000000000000,8.238404739325,4.968921769930
252,rotor,8,2.4554802635634587e-12,-38.567131912032,63,5.5511151231257827e-17,-54.000000000000,15.432868087968,4.968921769930
252,rotor,12,2.5843790510619951e-18,-58.424888022236,63,4.1359030627651384e-25,-81.000000000000,22.575111977764,4.968921769930
252,rotor,16,2.516887596578535e-24,-78.394633489673,63,3.0814879110195774e-33,-108.000000000000,29.605366510327,4.968921769930
252,round_only,4,1.9147992134094238e-06,-18.994375450806,31,7.4505805969238281e-09,-27.000000000000,8.005624549194,4.956571748947
252,round_only,8,2.1867507804529396e-12,-38.734348329919,63,1.1102230246251565e-16,-53.000000000000,14.265651670081,4.956571748947
252,round_only,12,2.3638849081004592e-18,-58.553545912116,63,8.2718061255302767e-25,-80.000000000000,21.446454087884,4.956571748947
252,round_only,16,2.3795267966412877e-24,-78.475599576039,63,6.1629758220391547e-33,-107.000000000000,28.524400423961,4.956571748947
253,static,4,2.0600855350494385e-06,-18.888864329765,72,1.4901161193847656e-08,-26.000000000000,7.111135670235,5.020993353368
253,static,8,1.6551343628989912e-12,-39.136188799670,11,1.1102230246251565e-16,-53.000000000000,13.863811200330,5.020993353368
253,static,12,1.6438131213323557e-18,-59.077659413972,11,8.2718061255302767e-25,-80.000000000000,20.922340586028,5.020993353368
253,static,16,1.4519469819234012e-24,-79.188285503242,11,1.2325951644078309e-32,-106.000000000000,26.811714496758,5.020993353368
253,position_only,4,1.9408762454986572e-06,-18.974860437721,72,1.4901161193847656e-08,-26.000000000000,7.025139562279,4.966476799982
253,position_only,8,2.0309309789467989e-12,-38.840995928075,72,2.2204460492503131e-16,-52.000000000000,13.159004071925,4.966476799982
253,position_only,12,2.242911759767322e-18,-58.629332844682,72,1.6543612251060553e-24,-79.000000000000,20.370667155318,4.966476799982
253,position_only,16,2.1853062571622398e-24,-78.598438798611,72,2.4651903288156619e-32,-105.000000000000,26.401561201389,4.966476799982
253,rotor,4,2.3171305656433105e-06,-18.719229229869,38,7.4505805969238281e-09,-27.000000000000,8.280770770131,5.013848030426
253,rotor,8,2.0002610678915289e-12,-38.862948830262,38,1.1102230246251565e-16,-53.000000000000,14.137051169738,5.013848030426
253,rotor,12,1.9111338553729419e-18,-58.860276880092,38,8.2718061255302767e-25,-80.000000000000,21.139723119908,5.013848030426
253,rotor,16,1.7672596157357112e-24,-78.904760285612,38,6.1629758220391547e-33,-107.000000000000,28.095239714388,5.013848030426
253,round_only,4,2.1420419216156006e-06,-18.832581854168,30,1.4901161193847656e-08,-26.000000000000,7.167418145832,5.030097818418
253,round_only,8,1.8739870766282252e-12,-38.957026134717,124,1.1102230246251565e-16,-53.000000000000,14.042973865283,5.030097818418
253,round_only,12,1.6214155518862574e-18,-59.097451822043,124,1.6543612251060553e-24,-79.000000000000,19.902548177957,5.030097818418
253,round_only,16,1.4531632036017938e-24,-79.187077537296,124,1.2325951644078309e-32,-106.000000000000,26.812922462704,5.030097818418
254,static,4,2.5182962417602539e-06,-18.599120563718,58,1.4901161193847656e-08,-26.000000000000,7.400879436282,4.948322324402
254,static,8,3.1351587992389796e-12,-38.214598619681,58,1.1102230246251565e-16,-53.000000000000,14.785401380319,4.948322324402
254,static,12,3.2765163798575117e-18,-58.082542963951,58,1.6543612251060553e-24,-79.000000000000,20.917457036049,4.948322324402
254,static,16,3.4156752998141468e-24,-77.954103440984,58,1.2325951644078309e-32,-106.000000000000,28.045896559016,4.948322324402
254,position_only,4,2.212822437286377e-06,-18.785680879199,103,1.4901161193847656e-08,-26.000000000000,7.214319120801,4.972599745551
254,position_only,8,2.3518825775781238e-12,-38.629321106099,103,5.5511151231257827e-17,-54.000000000000,15.370678893901,4.972599745551
254,position_only,12,2.307085000375857e-18,-58.588634549482,103,4.1359030627651384e-25,-81.000000000000,22.411365450518,4.972599745551
254,position_only,16,2.449297363091956e-24,-78.433906338750,103,6.1629758220391547e-33,-107.000000000000,28.566093661250,4.972599745551
254,rotor,4,2.0079314708709717e-06,-18.925858537247,49,1.4901161193847656e-08,-26.000000000000,7.074141462753,4.963486779179
254,rotor,8,2.1017076967666526e-12,-38.791575103862,97,1.1102230246251565e-16,-53.000000000000,14.208424896138,4.963486779179
254,rotor,12,2.3102700076257042e-18,-58.586644234730,97,8.2718061255302767e-25,-80.000000000000,21.413355765270,4.963486779179
254,rotor,16,2.3277698027093513e-24,-78.507325882672,97,6.1629758220391547e-33,-107.000000000000,28.492674117328,4.963486779179
254,round_only,4,2.5220215320587158e-06,-18.596987976425,98,1.4901161193847656e-08,-26.000000000000,7.403012023575,4.980355841041
254,round_only,8,2.5631163858008676e-12,-38.505238148741,98,1.1102230246251565e-16,-53.000000000000,14.494761851259,4.980355841041
254,round_only,12,2.6660918810778928e-18,-58.379979207331,98,8.2718061255302767e-25,-80.000000000000,21.620020792669,4.980355841041
254,round_only,16,2.5481592440640023e-24,-78.376818837441,98,1.2325951644078309e-32,-106.000000000000,27.623181162559,4.980355841041
255,static,4,2.7976930141448975e-06,-18.447330902486,58,2.9802322387695312e-08,-25.000000000000,6.552669097514,4.962644670733
255,static,8,3.1716851367491472e-12,-38.197887581414,58,2.2204460492503131e-16,-52.000000000000,13.802112418586,4.962644670733
255,static,12,3.2181695926886471e-18,-58.108465352053,58,3.3087224502121107e-24,-78.000000000000,19.891534647947,4.962644670733
255,static,16,3.3570802436590078e-24,-77.979067255380,58,2.4651903288156619e-32,-105.000000000000,27.020932744620,4.962644670733
255,position_only,4,2.6524066925048828e-06,-18.524266569034,40,1.4901161193847656e-08,-26.000000000000,7.475733430966,4.873351976138
255,position_only,8,3.5916269958136127e-12,-38.018499610182,87,1.1102230246251565e-16,-53.000000000000,14.981500389818,4.873351976138
255,position_only,12,4.8343243792766438e-18,-57.521391427945,87,8.2718061255302767e-25,-80.000000000000,22.478608572055,4.873351976138
255,position_only,16,6.6113518655184846e-24,-77.001328978292,87,6.1629758220391547e-33,-107.000000000000,29.998671021708,4.873351976138
255,rotor,4,2.4735927581787109e-06,-18.624960568653,47,1.4901161193847656e-08,-26.000000000000,7.375039431347,5.019303015554
255,rotor,8,2.1616181067329876e-12,-38.751025474127,47,2.2204460492503131e-16,-52.000000000000,13.248974525873,5.019303015554
255,rotor,12,2.0061594335648446e-18,-58.790269443561,47,8.2718061255302767e-25,-80.000000000000,21.209730556439,5.019303015554
255,rotor,16,1.8112949477341439e-24,-78.869252786234,47,1.2325951644078309e-32,-106.000000000000,27.130747213766,5.019303015554
255,round_only,4,2.0489096641540527e-06,-18.896712191588,58,1.4901161193847656e-08,-26.000000000000,7.103287808412,5.021110620501
255,round_only,8,2.095920659250794e-12,-38.795553033735,50,1.1102230246251565e-16,-53.000000000000,14.204446966265,5.021110620501
255,round_only,12,1.6991098350887959e-18,-59.029926592698,50,8.2718061255302767e-25,-80.000000000000,20.970073407302,5.021110620501
255,round_only,16,1.5435066143851997e-24,-79.100062611953,50,6.1629758220391547e-33,-107.000000000000,27.899937388047,5.021110620501
